=== DEBUG LOG [profile_full_result] ===
Source: API result
Timestamp: 2026-07-05T16:26:36.857721

=== CONTENT ===
Returning profile for uid=2940, username=yu88

=== PARSED DATA ===
{
  "id": "2940",
  "uid": "2940",
  "username": "yu88",
  "username_html": "<span style=\"color:#F5690E;font-family:georgia;text-shadow:0px 0px 5px white;\"><strong>yu88</strong></span>",
  "nickname": "林展羽",
  "realName": "林展羽",
  "real_name": "林展羽",
  "school": "福州一中高中部",
  "email": "454780109@qq.com",
  "signature": "区",
  "bio": "# 哦天哪yxx大人\n\n",
  "bio_html": "# 哦天哪yxx大人<br><br>",
  "avatar_url": "http://ltw.frp.one:44198/media/2940/avatar.png",
  "avatarUrl": "http://ltw.frp.one:44198/media/2940/avatar.png",
  "header_image_url": "http://ltw.frp.one:44198/media/2940/header.png",
  "solvedCount": 579,
  "solved_count": 579,
  "submissionCount": 879,
  "submission_count": 879,
  "passRatePercent": 65.9,
  "rank": "",
  "is_banned": false,
  "isBanned": false,
  "tags": [
    {
      "text": "展羽哥哥~",
      "tag": "展羽哥哥~",
      "color": "#00fbff"
    }
  ],
  "solvedProblems": [
    {
      "id": "1000",
      "title": "1000",
      "difficulty": 0,
      "pass_rate": 0,
      "ac_count": 0,
      "url": "https://183.250.108.194:500/OnlineJudge/problem_show.php?id=1000"
    },
    {
      "id": "1019",
      "title": "1019",
      "difficulty": 0,
      "pass_rate": 0,
      "ac_count": 0,
      "url": "https://183.250.108.194:500/OnlineJudge/problem_show.php?id=1019"
    },
    {
      "id": "1029",
      "title": "1029",
      "difficulty": 0,
      "pass_rate": 0,
      "ac_count": 0,
      "url": "https://183.250.108.194:500/OnlineJudge/problem_show.php?id=1029"
    },
    {
      "id": "1034",
      "title": "1034",
      "difficulty": 0,
      "pass_rate": 0,
      "ac_count": 0,
      "url": "https://183.250.108.194:500/OnlineJudge/problem_show.php?id=1034"
    },
    {
      "id": "1037",
      "title": "1037",
      "difficulty": 0,
      "pass_rate": 0,
      "ac_count": 0,
      "url": "https://183.250.108.194:500/OnlineJudge/problem_show.php?id=1037"
    },
    {
      "id": "1044",
      "title": "1044",
      "difficulty": 0,
      "pass_rate": 0,
      "ac_count": 0,
      "url": "https://183.250.108.194:500/OnlineJudge/problem_show.php?id=1044"
    },
    {
      "id": "1046",
      "title": "1046",
      "difficulty": 0,
      "pass_rate": 0,
      "ac_count": 0,
      "url": "https://183.250.108.194:500/OnlineJudge/problem_show.php?id=1046"
    },
    {
      "id": "1053",
      "title": "1053",
      "difficulty": 0,
      "pass_rate": 0,
      "ac_count": 0,
      "url": "https://183.250.108.194:500/OnlineJudge/problem_show.php?id=1053"
    },
    {
      "id": "1060",
      "title": "1060",
      "difficulty": 0,
      "pass_rate": 0,
      "ac_count": 0,
      "url": "https://183.250.108.194:500/OnlineJudge/problem_show.php?id=1060"
    },
    {
      "id": "1068",
      "title": "1068",
      "difficulty": 0,
      "pass_rate": 0,
      "ac_count": 0,
      "url": "https://183.250.108.194:500/OnlineJudge/problem_show.php?id=1068"
    },
    {
      "id": "1126",
      "title": "1126",
      "difficulty": 0,
      "pass_rate": 0,
      "ac_count": 0,
      "url": "https://183.250.108.194:500/OnlineJudge/problem_show.php?id=1126"
    },
    {
      "id": "1137",
      "title": "1137",
      "difficulty": 0,
      "pass_rate": 0,
      "ac_count": 0,
      "url": "https://183.250.108.194:500/OnlineJudge/problem_show.php?id=1137"
    },
    {
      "id": "1174",
      "title": "1174",
      "difficulty": 0,
      "pass_rate": 0,
      "ac_count": 0,
      "url": "https://183.250.108.194:500/OnlineJudge/problem_show.php?id=1174"
    },
    {
      "id": "1201",
      "title": "1201",
      "difficulty": 0,
      "pass_rate": 0,
      "ac_count": 0,
      "url": "https://183.250.108.194:500/OnlineJudge/problem_show.php?id=1201"
    },
    {
      "id": "1207",
      "title": "1207",
      "difficulty": 0,
      "pass_rate": 0,
      "ac_count": 0,
      "url": "https://183.250.108.194:500/OnlineJudge/problem_show.php?id=1207"
    },
    {
      "id": "1208",
      "title": "1208",
      "difficulty": 0,
      "pass_rate": 0,
      "ac_count": 0,
      "url": "https://183.250.108.194:500/OnlineJudge/problem_show.php?id=1208"
    },
    {
      "id": "1216",
      "title": "1216",
      "difficulty": 0,
      "pass_rate": 0,
      "ac_count": 0,
      "url": "https://183.250.108.194:500/OnlineJudge/problem_show.php?id=1216"
    },
    {
      "id": "1224",
      "title": "1224",
      "difficulty": 0,
      "pass_rate": 0,
      "ac_count": 0,
      "url": "https://183.250.108.194:500/OnlineJudge/problem_show.php?id=1224"
    },
    {
      "id": "1228",
      "title": "1228",
      "difficulty": 0,
      "pass_rate": 0,
      "ac_count": 0,
      "url": "https://183.250.108.194:500/OnlineJudge/problem_show.php?id=1228"
    },
    {
      "id": "1235",
      "title": "1235",
      "difficulty": 0,
      "pass_rate": 0,
      "ac_count": 0,
      "url": "https://183.250.108.194:500/OnlineJudge/problem_show.php?id=1235"
    },
    {
      "id": "1238",
      "title": "1238",
      "difficulty": 0,
      "pass_rate": 0,
      "ac_count": 0,
      "url": "https://183.250.108.194:500/OnlineJudge/problem_show.php?id=1238"
    },
    {
      "id": "1242",
      "title": "1242",
      "difficulty": 0,
      "pass_rate": 0,
      "ac_count": 0,
      "url": "https://183.250.108.194:500/OnlineJudge/problem_show.php?id=1242"
    },
    {
      "id": "1245",
      "title": "1245",
      "difficulty": 0,
      "pass_rate": 0,
      "ac_count": 0,
      "url": "https://183.250.108.194:500/OnlineJudge/problem_show.php?id=1245"
    },
    {
      "id": "1248",
      "title": "1248",
      "difficulty": 0,
      "pass_rate": 0,
      "ac_count": 0,
      "url": "https://183.250.108.194:500/OnlineJudge/problem_show.php?id=1248"
    },
    {
      "id": "1270",
      "title": "1270",
      "difficulty": 0,
      "pass_rate": 0,
      "ac_count": 0,
      "url": "https://183.250.108.194:500/OnlineJudge/problem_show.php?id=1270"
    },
    {
      "id": "1280",
      "title": "1280",
      "difficulty": 0,
      "pass_rate": 0,
      "ac_count": 0,
      "url": "https://183.250.108.194:500/OnlineJudge/problem_show.php?id=1280"
    },
    {
      "id": "1298",
      "title": "1298",
      "difficulty": 0,
      "pass_rate": 0,
      "ac_count": 0,
      "url": "https://183.250.108.194:500/OnlineJudge/problem_show.php?id=1298"
    },
    {
      "id": "1316",
      "title": "1316",
      "difficulty": 0,
      "pass_rate": 0,
      "ac_count": 0,
      "url": "https://183.250.108.194:500/OnlineJudge/problem_show.php?id=1316"
    },
    {
      "id": "1318",
      "title": "1318",
      "difficulty": 0,
      "pass_rate": 0,
      "ac_count": 0,
      "url": "https://183.250.108.194:500/OnlineJudge/problem_show.php?id=1318"
    },
    {
      "id": "1328",
      "title": "1328",
      "difficulty": 0,
      "pass_rate": 0,
      "ac_count": 0,
      "url": "https://183.250.108.194:500/OnlineJudge/problem_show.php?id=1328"
    },
    {
      "id": "1332",
      "title": "1332",
      "difficulty": 0,
      "pass_rate": 0,
      "ac_count": 0,
      "url": "https://183.250.108.194:500/OnlineJudge/problem_show.php?id=1332"
    },
    {
      "id": "1345",
      "title": "1345",
      "difficulty": 0,
      "pass_rate": 0,
      "ac_count": 0,
      "url": "https://183.250.108.194:500/OnlineJudge/problem_show.php?id=1345"
    },
    {
      "id": "1365",
      "title": "1365",
      "difficulty": 0,
      "pass_rate": 0,
      "ac_count": 0,
      "url": "https://183.250.108.194:500/OnlineJudge/problem_show.php?id=1365"
    },
    {
      "id": "1451",
      "title": "1451",
      "difficulty": 0,
      "pass_rate": 0,
      "ac_count": 0,
      "url": "https://183.250.108.194:500/OnlineJudge/problem_show.php?id=1451"
    },
    {
      "id": "1489",
      "title": "1489",
      "difficulty": 0,
      "pass_rate": 0,
      "ac_count": 0,
      "url": "https://183.250.108.194:500/OnlineJudge/problem_show.php?id=1489"
    },
    {
      "id": "1515",
      "title": "1515",
      "difficulty": 0,
      "pass_rate": 0,
      "ac_count": 0,
      "url": "https://183.250.108.194:500/OnlineJudge/problem_show.php?id=1515"
    },
    {
      "id": "1561",
      "title": "1561",
      "difficulty": 0,
      "pass_rate": 0,
      "ac_count": 0,
      "url": "https://183.250.108.194:500/OnlineJudge/problem_show.php?id=1561"
    },
    {
      "id": "1578",
      "title": "1578",
      "difficulty": 0,
      "pass_rate": 0,
      "ac_count": 0,
      "url": "https://183.250.108.194:500/OnlineJudge/problem_show.php?id=1578"
    },
    {
      "id": "1589",
      "title": "1589",
      "difficulty": 0,
      "pass_rate": 0,
      "ac_count": 0,
      "url": "https://183.250.108.194:500/OnlineJudge/problem_show.php?id=1589"
    },
    {
      "id": "1604",
      "title": "1604",
      "difficulty": 0,
      "pass_rate": 0,
      "ac_count": 0,
      "url": "https://183.250.108.194:500/OnlineJudge/problem_show.php?id=1604"
    },
    {
      "id": "1605",
      "title": "1605",
      "difficulty": 0,
      "pass_rate": 0,
      "ac_count": 0,
      "url": "https://183.250.108.194:500/OnlineJudge/problem_show.php?id=1605"
    },
    {
      "id": "1623",
      "title": "1623",
      "difficulty": 0,
      "pass_rate": 0,
      "ac_count": 0,
      "url": "https://183.250.108.194:500/OnlineJudge/problem_show.php?id=1623"
    },
    {
      "id": "1626",
      "title": "1626",
      "difficulty": 0,
      "pass_rate": 0,
      "ac_count": 0,
      "url": "https://183.250.108.194:500/OnlineJudge/problem_show.php?id=1626"
    },
    {
      "id": "1646",
      "title": "1646",
      "difficulty": 0,
      "pass_rate": 0,
      "ac_count": 0,
      "url": "https://183.250.108.194:500/OnlineJudge/problem_show.php?id=1646"
    },
    {
      "id": "1660",
      "title": "1660",
      "difficulty": 0,
      "pass_rate": 0,
      "ac_count": 0,
      "url": "https://183.250.108.194:500/OnlineJudge/problem_show.php?id=1660"
    },
    {
      "id": "1704",
      "title": "1704",
      "difficulty": 0,
      "pass_rate": 0,
      "ac_count": 0,
      "url": "https://183.250.108.194:500/OnlineJudge/problem_show.php?id=1704"
    },
    {
      "id": "1717",
      "title": "1717",
      "difficulty": 0,
      "pass_rate": 0,
      "ac_count": 0,
      "url": "https://183.250.108.194:500/OnlineJudge/problem_show.php?id=1717"
    },
    {
      "id": "1718",
      "title": "1718",
      "difficulty": 0,
      "pass_rate": 0,
      "ac_count": 0,
      "url": "https://183.250.108.194:500/OnlineJudge/problem_show.php?id=1718"
    },
    {
      "id": "1723",
      "title": "1723",
      "difficulty": 0,
      "pass_rate": 0,
      "ac_count": 0,
      "url": "https://183.250.108.194:500/OnlineJudge/problem_show.php?id=1723"
    },
    {
      "id": "1769",
      "title": "1769",
      "difficulty": 0,
      "pass_rate": 0,
      "ac_count": 0,
      "url": "https://183.250.108.194:500/OnlineJudge/problem_show.php?id=1769"
    },
    {
      "id": "1777",
      "title": "1777",
      "difficulty": 0,
      "pass_rate": 0,
      "ac_count": 0,
      "url": "https://183.250.108.194:500/OnlineJudge/problem_show.php?id=1777"
    },
    {
      "id": "1805",
      "title": "1805",
      "difficulty": 0,
      "pass_rate": 0,
      "ac_count": 0,
      "url": "https://183.250.108.194:500/OnlineJudge/problem_show.php?id=1805"
    },
    {
      "id": "1817",
      "title": "1817",
      "difficulty": 0,
      "pass_rate": 0,
      "ac_count": 0,
      "url": "https://183.250.108.194:500/OnlineJudge/problem_show.php?id=1817"
    },
    {
      "id": "1838",
      "title": "1838",
      "difficulty": 0,
      "pass_rate": 0,
      "ac_count": 0,
      "url": "https://183.250.108.194:500/OnlineJudge/problem_show.php?id=1838"
    },
    {
      "id": "1859",
      "title": "1859",
      "difficulty": 0,
      "pass_rate": 0,
      "ac_count": 0,
      "url": "https://183.250.108.194:500/OnlineJudge/problem_show.php?id=1859"
    },
    {
      "id": "1863",
      "title": "1863",
      "difficulty": 0,
      "pass_rate": 0,
      "ac_count": 0,
      "url": "https://183.250.108.194:500/OnlineJudge/problem_show.php?id=1863"
    },
    {
      "id": "1890",
      "title": "1890",
      "difficulty": 0,
      "pass_rate": 0,
      "ac_count": 0,
      "url": "https://183.250.108.194:500/OnlineJudge/problem_show.php?id=1890"
    },
    {
      "id": "1923",
      "title": "1923",
      "difficulty": 0,
      "pass_rate": 0,
      "ac_count": 0,
      "url": "https://183.250.108.194:500/OnlineJudge/problem_show.php?id=1923"
    },
    {
      "id": "1959",
      "title": "1959",
      "difficulty": 0,
      "pass_rate": 0,
      "ac_count": 0,
      "url": "https://183.250.108.194:500/OnlineJudge/problem_show.php?id=1959"
    },
    {
      "id": "1960",
      "title": "1960",
      "difficulty": 0,
      "pass_rate": 0,
      "ac_count": 0,
      "url": "https://183.250.108.194:500/OnlineJudge/problem_show.php?id=1960"
    },
    {
      "id": "1964",
      "title": "1964",
      "difficulty": 0,
      "pass_rate": 0,
      "ac_count": 0,
      "url": "https://183.250.108.194:500/OnlineJudge/problem_show.php?id=1964"
    },
    {
      "id": "1967",
      "title": "1967",
      "difficulty": 0,
      "pass_rate": 0,
      "ac_count": 0,
      "url": "https://183.250.108.194:500/OnlineJudge/problem_show.php?id=1967"
    },
    {
      "id": "1998",
      "title": "1998",
      "difficulty": 0,
      "pass_rate": 0,
      "ac_count": 0,
      "url": "https://183.250.108.194:500/OnlineJudge/problem_show.php?id=1998"
    },
    {
      "id": "2000",
      "title": "2000",
      "difficulty": 0,
      "pass_rate": 0,
      "ac_count": 0,
      "url": "https://183.250.108.194:500/OnlineJudge/problem_show.php?id=2000"
    },
    {
      "id": "2004",
      "title": "2004",
      "difficulty": 0,
      "pass_rate": 0,
      "ac_count": 0,
      "url": "https://183.250.108.194:500/OnlineJudge/problem_show.php?id=2004"
    },
    {
      "id": "2055",
      "title": "2055",
      "difficulty": 0,
      "pass_rate": 0,
      "ac_count": 0,
      "url": "https://183.250.108.194:500/OnlineJudge/problem_show.php?id=2055"
    },
    {
      "id": "2065",
      "title": "2065",
      "difficulty": 0,
      "pass_rate": 0,
      "ac_count": 0,
      "url": "https://183.250.108.194:500/OnlineJudge/problem_show.php?id=2065"
    },
    {
      "id": "2071",
      "title": "2071",
      "difficulty": 0,
      "pass_rate": 0,
      "ac_count": 0,
      "url": "https://183.250.108.194:500/OnlineJudge/problem_show.php?id=2071"
    },
    {
      "id": "2096",
      "title": "2096",
      "difficulty": 0,
      "pass_rate": 0,
      "ac_count": 0,
      "url": "https://183.250.108.194:500/OnlineJudge/problem_show.php?id=2096"
    },
    {
      "id": "2132",
      "title": "2132",
      "difficulty": 0,
      "pass_rate": 0,
      "ac_count": 0,
      "url": "https://183.250.108.194:500/OnlineJudge/problem_show.php?id=2132"
    },
    {
      "id": "2136",
      "title": "2136",
      "difficulty": 0,
      "pass_rate": 0,
      "ac_count": 0,
      "url": "https://183.250.108.194:500/OnlineJudge/problem_show.php?id=2136"
    },
    {
      "id": "2162",
      "title": "2162",
      "difficulty": 0,
      "pass_rate": 0,
      "ac_count": 0,
      "url": "https://183.250.108.194:500/OnlineJudge/problem_show.php?id=2162"
    },
    {
      "id": "2193",
      "title": "2193",
      "difficulty": 0,
      "pass_rate": 0,
      "ac_count": 0,
      "url": "https://183.250.108.194:500/OnlineJudge/problem_show.php?id=2193"
    },
    {
      "id": "2250",
      "title": "2250",
      "difficulty": 0,
      "pass_rate": 0,
      "ac_count": 0,
      "url": "https://183.250.108.194:500/OnlineJudge/problem_show.php?id=2250"
    },
    {
      "id": "2255",
      "title": "2255",
      "difficulty": 0,
      "pass_rate": 0,
      "ac_count": 0,
      "url": "https://183.250.108.194:500/OnlineJudge/problem_show.php?id=2255"
    },
    {
      "id": "2257",
      "title": "2257",
      "difficulty": 0,
      "pass_rate": 0,
      "ac_count": 0,
      "url": "https://183.250.108.194:500/OnlineJudge/problem_show.php?id=2257"
    },
    {
      "id": "2281",
      "title": "2281",
      "difficulty": 0,
      "pass_rate": 0,
      "ac_count": 0,
      "url": "https://183.250.108.194:500/OnlineJudge/problem_show.php?id=2281"
    },
    {
      "id": "2284",
      "title": "2284",
      "difficulty": 0,
      "pass_rate": 0,
      "ac_count": 0,
      "url": "https://183.250.108.194:500/OnlineJudge/problem_show.php?id=2284"
    },
    {
      "id": "2286",
      "title": "2286",
      "difficulty": 0,
      "pass_rate": 0,
      "ac_count": 0,
      "url": "https://183.250.108.194:500/OnlineJudge/problem_show.php?id=2286"
    },
    {
      "id": "2316",
      "title": "2316",
      "difficulty": 0,
      "pass_rate": 0,
      "ac_count": 0,
      "url": "https://183.250.108.194:500/OnlineJudge/problem_show.php?id=2316"
    },
    {
      "id": "2320",
      "title": "2320",
      "difficulty": 0,
      "pass_rate": 0,
      "ac_count": 0,
      "url": "https://183.250.108.194:500/OnlineJudge/problem_show.php?id=2320"
    },
    {
      "id": "2329",
      "title": "2329",
      "difficulty": 0,
      "pass_rate": 0,
      "ac_count": 0,
      "url": "https://183.250.108.194:500/OnlineJudge/problem_show.php?id=2329"
    },
    {
      "id": "2340",
      "title": "2340",
      "difficulty": 0,
      "pass_rate": 0,
      "ac_count": 0,
      "url": "https://183.250.108.194:500/OnlineJudge/problem_show.php?id=2340"
    },
    {
      "id": "2410",
      "title": "2410",
      "difficulty": 0,
      "pass_rate": 0,
      "ac_count": 0,
      "url": "https://183.250.108.194:500/OnlineJudge/problem_show.php?id=2410"
    },
    {
      "id": "2418",
      "title": "2418",
      "difficulty": 0,
      "pass_rate": 0,
      "ac_count": 0,
      "url": "https://183.250.108.194:500/OnlineJudge/problem_show.php?id=2418"
    },
    {
      "id": "2448",
      "title": "2448",
      "difficulty": 0,
      "pass_rate": 0,
      "ac_count": 0,
      "url": "https://183.250.108.194:500/OnlineJudge/problem_show.php?id=2448"
    },
    {
      "id": "2483",
      "title": "2483",
      "difficulty": 0,
      "pass_rate": 0,
      "ac_count": 0,
      "url": "https://183.250.108.194:500/OnlineJudge/problem_show.php?id=2483"
    },
    {
      "id": "2496",
      "title": "2496",
      "difficulty": 0,
      "pass_rate": 0,
      "ac_count": 0,
      "url": "https://183.250.108.194:500/OnlineJudge/problem_show.php?id=2496"
    },
    {
      "id": "2500",
      "title": "2500",
      "difficulty": 0,
      "pass_rate": 0,
      "ac_count": 0,
      "url": "https://183.250.108.194:500/OnlineJudge/problem_show.php?id=2500"
    },
    {
      "id": "2568",
      "title": "2568",
      "difficulty": 0,
      "pass_rate": 0,
      "ac_count": 0,
      "url": "https://183.250.108.194:500/OnlineJudge/problem_show.php?id=2568"
    },
    {
      "id": "2603",
      "title": "2603",
      "difficulty": 0,
      "pass_rate": 0,
      "ac_count": 0,
      "url": "https://183.250.108.194:500/OnlineJudge/problem_show.php?id=2603"
    },
    {
      "id": "2608",
      "title": "2608",
      "difficulty": 0,
      "pass_rate": 0,
      "ac_count": 0,
      "url": "https://183.250.108.194:500/OnlineJudge/problem_show.php?id=2608"
    },
    {
      "id": "2609",
      "title": "2609",
      "difficulty": 0,
      "pass_rate": 0,
      "ac_count": 0,
      "url": "https://183.250.108.194:500/OnlineJudge/problem_show.php?id=2609"
    },
    {
      "id": "2644",
      "title": "2644",
      "difficulty": 0,
      "pass_rate": 0,
      "ac_count": 0,
      "url": "https://183.250.108.194:500/OnlineJudge/problem_show.php?id=2644"
    },
    {
      "id": "2675",
      "title": "2675",
      "difficulty": 0,
      "pass_rate": 0,
      "ac_count": 0,
      "url": "https://183.250.108.194:500/OnlineJudge/problem_show.php?id=2675"
    },
    {
      "id": "2676",
      "title": "2676",
      "difficulty": 0,
      "pass_rate": 0,
      "ac_count": 0,
      "url": "https://183.250.108.194:500/OnlineJudge/problem_show.php?id=2676"
    },
    {
      "id": "2694",
      "title": "2694",
      "difficulty": 0,
      "pass_rate": 0,
      "ac_count": 0,
      "url": "https://183.250.108.194:500/OnlineJudge/problem_show.php?id=2694"
    },
    {
      "id": "2697",
      "title": "2697",
      "difficulty": 0,
      "pass_rate": 0,
      "ac_count": 0,
      "url": "https://183.250.108.194:500/OnlineJudge/problem_show.php?id=2697"
    },
    {
      "id": "2699",
      "title": "2699",
      "difficulty": 0,
      "pass_rate": 0,
      "ac_count": 0,
      "url": "https://183.250.108.194:500/OnlineJudge/problem_show.php?id=2699"
    },
    {
      "id": "2707",
      "title": "2707",
      "difficulty": 0,
      "pass_rate": 0,
      "ac_count": 0,
      "url": "https://183.250.108.194:500/OnlineJudge/problem_show.php?id=2707"
    },
    {
      "id": "2714",
      "title": "2714",
      "difficulty": 0,
      "pass_rate": 0,
      "ac_count": 0,
      "url": "https://183.250.108.194:500/OnlineJudge/problem_show.php?id=2714"
    },
    {
      "id": "2717",
      "title": "2717",
      "difficulty": 0,
      "pass_rate": 0,
      "ac_count": 0,
      "url": "https://183.250.108.194:500/OnlineJudge/problem_show.php?id=2717"
    },
    {
      "id": "2758",
      "title": "2758",
      "difficulty": 0,
      "pass_rate": 0,
      "ac_count": 0,
      "url": "https://183.250.108.194:500/OnlineJudge/problem_show.php?id=2758"
    },
    {
      "id": "2774",
      "title": "2774",
      "difficulty": 0,
      "pass_rate": 0,
      "ac_count": 0,
      "url": "https://183.250.108.194:500/OnlineJudge/problem_show.php?id=2774"
    },
    {
      "id": "2810",
      "title": "2810",
      "difficulty": 0,
      "pass_rate": 0,
      "ac_count": 0,
      "url": "https://183.250.108.194:500/OnlineJudge/problem_show.php?id=2810"
    },
    {
      "id": "2875",
      "title": "2875",
      "difficulty": 0,
      "pass_rate": 0,
      "ac_count": 0,
      "url": "https://183.250.108.194:500/OnlineJudge/problem_show.php?id=2875"
    },
    {
      "id": "2902",
      "title": "2902",
      "difficulty": 0,
      "pass_rate": 0,
      "ac_count": 0,
      "url": "https://183.250.108.194:500/OnlineJudge/problem_show.php?id=2902"
    },
    {
      "id": "2928",
      "title": "2928",
      "difficulty": 0,
      "pass_rate": 0,
      "ac_count": 0,
      "url": "https://183.250.108.194:500/OnlineJudge/problem_show.php?id=2928"
    },
    {
      "id": "3009",
      "title": "3009",
      "difficulty": 0,
      "pass_rate": 0,
      "ac_count": 0,
      "url": "https://183.250.108.194:500/OnlineJudge/problem_show.php?id=3009"
    },
    {
      "id": "3028",
      "title": "3028",
      "difficulty": 0,
      "pass_rate": 0,
      "ac_count": 0,
      "url": "https://183.250.108.194:500/OnlineJudge/problem_show.php?id=3028"
    },
    {
      "id": "3034",
      "title": "3034",
      "difficulty": 0,
      "pass_rate": 0,
      "ac_count": 0,
      "url": "https://183.250.108.194:500/OnlineJudge/problem_show.php?id=3034"
    },
    {
      "id": "3041",
      "title": "3041",
      "difficulty": 0,
      "pass_rate": 0,
      "ac_count": 0,
      "url": "https://183.250.108.194:500/OnlineJudge/problem_show.php?id=3041"
    },
    {
      "id": "3042",
      "title": "3042",
      "difficulty": 0,
      "pass_rate": 0,
      "ac_count": 0,
      "url": "https://183.250.108.194:500/OnlineJudge/problem_show.php?id=3042"
    },
    {
      "id": "3055",
      "title": "3055",
      "difficulty": 0,
      "pass_rate": 0,
      "ac_count": 0,
      "url": "https://183.250.108.194:500/OnlineJudge/problem_show.php?id=3055"
    },
    {
      "id": "3129",
      "title": "3129",
      "difficulty": 0,
      "pass_rate": 0,
      "ac_count": 0,
      "url": "https://183.250.108.194:500/OnlineJudge/problem_show.php?id=3129"
    },
    {
      "id": "3143",
      "title": "3143",
      "difficulty": 0,
      "pass_rate": 0,
      "ac_count": 0,
      "url": "https://183.250.108.194:500/OnlineJudge/problem_show.php?id=3143"
    },
    {
      "id": "3154",
      "title": "3154",
      "difficulty": 0,
      "pass_rate": 0,
      "ac_count": 0,
      "url": "https://183.250.108.194:500/OnlineJudge/problem_show.php?id=3154"
    },
    {
      "id": "3159",
      "title": "3159",
      "difficulty": 0,
      "pass_rate": 0,
      "ac_count": 0,
      "url": "https://183.250.108.194:500/OnlineJudge/problem_show.php?id=3159"
    },
    {
      "id": "3173",
      "title": "3173",
      "difficulty": 0,
      "pass_rate": 0,
      "ac_count": 0,
      "url": "https://183.250.108.194:500/OnlineJudge/problem_show.php?id=3173"
    },
    {
      "id": "3198",
      "title": "3198",
      "difficulty": 0,
      "pass_rate": 0,
      "ac_count": 0,
      "url": "https://183.250.108.194:500/OnlineJudge/problem_show.php?id=3198"
    },
    {
      "id": "3205",
      "title": "3205",
      "difficulty": 0,
      "pass_rate": 0,
      "ac_count": 0,
      "url": "https://183.250.108.194:500/OnlineJudge/problem_show.php?id=3205"
    },
    {
      "id": "3207",
      "title": "3207",
      "difficulty": 0,
      "pass_rate": 0,
      "ac_count": 0,
      "url": "https://183.250.108.194:500/OnlineJudge/problem_show.php?id=3207"
    },
    {
      "id": "3231",
      "title": "3231",
      "difficulty": 0,
      "pass_rate": 0,
      "ac_count": 0,
      "url": "https://183.250.108.194:500/OnlineJudge/problem_show.php?id=3231"
    },
    {
      "id": "3233",
      "title": "3233",
      "difficulty": 0,
      "pass_rate": 0,
      "ac_count": 0,
      "url": "https://183.250.108.194:500/OnlineJudge/problem_show.php?id=3233"
    },
    {
      "id": "3238",
      "title": "3238",
      "difficulty": 0,
      "pass_rate": 0,
      "ac_count": 0,
      "url": "https://183.250.108.194:500/OnlineJudge/problem_show.php?id=3238"
    },
    {
      "id": "3241",
      "title": "3241",
      "difficulty": 0,
      "pass_rate": 0,
      "ac_count": 0,
      "url": "https://183.250.108.194:500/OnlineJudge/problem_show.php?id=3241"
    },
    {
      "id": "3258",
      "title": "3258",
      "difficulty": 0,
      "pass_rate": 0,
      "ac_count": 0,
      "url": "https://183.250.108.194:500/OnlineJudge/problem_show.php?id=3258"
    },
    {
      "id": "3263",
      "title": "3263",
      "difficulty": 0,
      "pass_rate": 0,
      "ac_count": 0,
      "url": "https://183.250.108.194:500/OnlineJudge/problem_show.php?id=3263"
    },
    {
      "id": "3271",
      "title": "3271",
      "difficulty": 0,
      "pass_rate": 0,
      "ac_count": 0,
      "url": "https://183.250.108.194:500/OnlineJudge/problem_show.php?id=3271"
    },
    {
      "id": "3281",
      "title": "3281",
      "difficulty": 0,
      "pass_rate": 0,
      "ac_count": 0,
      "url": "https://183.250.108.194:500/OnlineJudge/problem_show.php?id=3281"
    },
    {
      "id": "3286",
      "title": "3286",
      "difficulty": 0,
      "pass_rate": 0,
      "ac_count": 0,
      "url": "https://183.250.108.194:500/OnlineJudge/problem_show.php?id=3286"
    },
    {
      "id": "3287",
      "title": "3287",
      "difficulty": 0,
      "pass_rate": 0,
      "ac_count": 0,
      "url": "https://183.250.108.194:500/OnlineJudge/problem_show.php?id=3287"
    },
    {
      "id": "3319",
      "title": "3319",
      "difficulty": 0,
      "pass_rate": 0,
      "ac_count": 0,
      "url": "https://183.250.108.194:500/OnlineJudge/problem_show.php?id=3319"
    },
    {
      "id": "3351",
      "title": "3351",
      "difficulty": 0,
      "pass_rate": 0,
      "ac_count": 0,
      "url": "https://183.250.108.194:500/OnlineJudge/problem_show.php?id=3351"
    },
    {
      "id": "3359",
      "title": "3359",
      "difficulty": 0,
      "pass_rate": 0,
      "ac_count": 0,
      "url": "https://183.250.108.194:500/OnlineJudge/problem_show.php?id=3359"
    },
    {
      "id": "3361",
      "title": "3361",
      "difficulty": 0,
      "pass_rate": 0,
      "ac_count": 0,
      "url": "https://183.250.108.194:500/OnlineJudge/problem_show.php?id=3361"
    },
    {
      "id": "3371",
      "title": "3371",
      "difficulty": 0,
      "pass_rate": 0,
      "ac_count": 0,
      "url": "https://183.250.108.194:500/OnlineJudge/problem_show.php?id=3371"
    },
    {
      "id": "3373",
      "title": "3373",
      "difficulty": 0,
      "pass_rate": 0,
      "ac_count": 0,
      "url": "https://183.250.108.194:500/OnlineJudge/problem_show.php?id=3373"
    },
    {
      "id": "3381",
      "title": "3381",
      "difficulty": 0,
      "pass_rate": 0,
      "ac_count": 0,
      "url": "https://183.250.108.194:500/OnlineJudge/problem_show.php?id=3381"
    },
    {
      "id": "3382",
      "title": "3382",
      "difficulty": 0,
      "pass_rate": 0,
      "ac_count": 0,
      "url": "https://183.250.108.194:500/OnlineJudge/problem_show.php?id=3382"
    },
    {
      "id": "3391",
      "title": "3391",
      "difficulty": 0,
      "pass_rate": 0,
      "ac_count": 0,
      "url": "https://183.250.108.194:500/OnlineJudge/problem_show.php?id=3391"
    },
    {
      "id": "3392",
      "title": "3392",
      "difficulty": 0,
      "pass_rate": 0,
      "ac_count": 0,
      "url": "https://183.250.108.194:500/OnlineJudge/problem_show.php?id=3392"
    },
    {
      "id": "3395",
      "title": "3395",
      "difficulty": 0,
      "pass_rate": 0,
      "ac_count": 0,
      "url": "https://183.250.108.194:500/OnlineJudge/problem_show.php?id=3395"
    },
    {
      "id": "3416",
      "title": "3416",
      "difficulty": 0,
      "pass_rate": 0,
      "ac_count": 0,
      "url": "https://183.250.108.194:500/OnlineJudge/problem_show.php?id=3416"
    },
    {
      "id": "3440",
      "title": "3440",
      "difficulty": 0,
      "pass_rate": 0,
      "ac_count": 0,
      "url": "https://183.250.108.194:500/OnlineJudge/problem_show.php?id=3440"
    },
    {
      "id": "3522",
      "title": "3522",
      "difficulty": 0,
      "pass_rate": 0,
      "ac_count": 0,
      "url": "https://183.250.108.194:500/OnlineJudge/problem_show.php?id=3522"
    },
    {
      "id": "3589",
      "title": "3589",
      "difficulty": 0,
      "pass_rate": 0,
      "ac_count": 0,
      "url": "https://183.250.108.194:500/OnlineJudge/problem_show.php?id=3589"
    },
    {
      "id": "3619",
      "title": "3619",
      "difficulty": 0,
      "pass_rate": 0,
      "ac_count": 0,
      "url": "https://183.250.108.194:500/OnlineJudge/problem_show.php?id=3619"
    },
    {
      "id": "3644",
      "title": "3644",
      "difficulty": 0,
      "pass_rate": 0,
      "ac_count": 0,
      "url": "https://183.250.108.194:500/OnlineJudge/problem_show.php?id=3644"
    },
    {
      "id": "3658",
      "title": "3658",
      "difficulty": 0,
      "pass_rate": 0,
      "ac_count": 0,
      "url": "https://183.250.108.194:500/OnlineJudge/problem_show.php?id=3658"
    },
    {
      "id": "3665",
      "title": "3665",
      "difficulty": 0,
      "pass_rate": 0,
      "ac_count": 0,
      "url": "https://183.250.108.194:500/OnlineJudge/problem_show.php?id=3665"
    },
    {
      "id": "3675",
      "title": "3675",
      "difficulty": 0,
      "pass_rate": 0,
      "ac_count": 0,
      "url": "https://183.250.108.194:500/OnlineJudge/problem_show.php?id=3675"
    },
    {
      "id": "3695",
      "title": "3695",
      "difficulty": 0,
      "pass_rate": 0,
      "ac_count": 0,
      "url": "https://183.250.108.194:500/OnlineJudge/problem_show.php?id=3695"
    },
    {
      "id": "3702",
      "title": "3702",
      "difficulty": 0,
      "pass_rate": 0,
      "ac_count": 0,
      "url": "https://183.250.108.194:500/OnlineJudge/problem_show.php?id=3702"
    },
    {
      "id": "3721",
      "title": "3721",
      "difficulty": 0,
      "pass_rate": 0,
      "ac_count": 0,
      "url": "https://183.250.108.194:500/OnlineJudge/problem_show.php?id=3721"
    },
    {
      "id": "3760",
      "title": "3760",
      "difficulty": 0,
      "pass_rate": 0,
      "ac_count": 0,
      "url": "https://183.250.108.194:500/OnlineJudge/problem_show.php?id=3760"
    },
    {
      "id": "3769",
      "title": "3769",
      "difficulty": 0,
      "pass_rate": 0,
      "ac_count": 0,
      "url": "https://183.250.108.194:500/OnlineJudge/problem_show.php?id=3769"
    },
    {
      "id": "3770",
      "title": "3770",
      "difficulty": 0,
      "pass_rate": 0,
      "ac_count": 0,
      "url": "https://183.250.108.194:500/OnlineJudge/problem_show.php?id=3770"
    },
    {
      "id": "3843",
      "title": "3843",
      "difficulty": 0,
      "pass_rate": 0,
      "ac_count": 0,
      "url": "https://183.250.108.194:500/OnlineJudge/problem_show.php?id=3843"
    },
    {
      "id": "3855",
      "title": "3855",
      "difficulty": 0,
      "pass_rate": 0,
      "ac_count": 0,
      "url": "https://183.250.108.194:500/OnlineJudge/problem_show.php?id=3855"
    },
    {
      "id": "3862",
      "title": "3862",
      "difficulty": 0,
      "pass_rate": 0,
      "ac_count": 0,
      "url": "https://183.250.108.194:500/OnlineJudge/problem_show.php?id=3862"
    },
    {
      "id": "3873",
      "title": "3873",
      "difficulty": 0,
      "pass_rate": 0,
      "ac_count": 0,
      "url": "https://183.250.108.194:500/OnlineJudge/problem_show.php?id=3873"
    },
    {
      "id": "3878",
      "title": "3878",
      "difficulty": 0,
      "pass_rate": 0,
      "ac_count": 0,
      "url": "https://183.250.108.194:500/OnlineJudge/problem_show.php?id=3878"
    },
    {
      "id": "3912",
      "title": "3912",
      "difficulty": 0,
      "pass_rate": 0,
      "ac_count": 0,
      "url": "https://183.250.108.194:500/OnlineJudge/problem_show.php?id=3912"
    },
    {
      "id": "3922",
      "title": "3922",
      "difficulty": 0,
      "pass_rate": 0,
      "ac_count": 0,
      "url": "https://183.250.108.194:500/OnlineJudge/problem_show.php?id=3922"
    },
    {
      "id": "3926",
      "title": "3926",
      "difficulty": 0,
      "pass_rate": 0,
      "ac_count": 0,
      "url": "https://183.250.108.194:500/OnlineJudge/problem_show.php?id=3926"
    },
    {
      "id": "3935",
      "title": "3935",
      "difficulty": 0,
      "pass_rate": 0,
      "ac_count": 0,
      "url": "https://183.250.108.194:500/OnlineJudge/problem_show.php?id=3935"
    },
    {
      "id": "3940",
      "title": "3940",
      "difficulty": 0,
      "pass_rate": 0,
      "ac_count": 0,
      "url": "https://183.250.108.194:500/OnlineJudge/problem_show.php?id=3940"
    },
    {
      "id": "3959",
      "title": "3959",
      "difficulty": 0,
      "pass_rate": 0,
      "ac_count": 0,
      "url": "https://183.250.108.194:500/OnlineJudge/problem_show.php?id=3959"
    },
    {
      "id": "3965",
      "title": "3965",
      "difficulty": 0,
      "pass_rate": 0,
      "ac_count": 0,
      "url": "https://183.250.108.194:500/OnlineJudge/problem_show.php?id=3965"
    },
    {
      "id": "3970",
      "title": "3970",
      "difficulty": 0,
      "pass_rate": 0,
      "ac_count": 0,
      "url": "https://183.250.108.194:500/OnlineJudge/problem_show.php?id=3970"
    },
    {
      "id": "3971",
      "title": "3971",
      "difficulty": 0,
      "pass_rate": 0,
      "ac_count": 0,
      "url": "https://183.250.108.194:500/OnlineJudge/problem_show.php?id=3971"
    },
    {
      "id": "3979",
      "title": "3979",
      "difficulty": 0,
      "pass_rate": 0,
      "ac_count": 0,
      "url": "https://183.250.108.194:500/OnlineJudge/problem_show.php?id=3979"
    },
    {
      "id": "3990",
      "title": "3990",
      "difficulty": 0,
      "pass_rate": 0,
      "ac_count": 0,
      "url": "https://183.250.108.194:500/OnlineJudge/problem_show.php?id=3990"
    },
    {
      "id": "3993",
      "title": "3993",
      "difficulty": 0,
      "pass_rate": 0,
      "ac_count": 0,
      "url": "https://183.250.108.194:500/OnlineJudge/problem_show.php?id=3993"
    },
    {
      "id": "3996",
      "title": "3996",
      "difficulty": 0,
      "pass_rate": 0,
      "ac_count": 0,
      "url": "https://183.250.108.194:500/OnlineJudge/problem_show.php?id=3996"
    },
    {
      "id": "3997",
      "title": "3997",
      "difficulty": 0,
      "pass_rate": 0,
      "ac_count": 0,
      "url": "https://183.250.108.194:500/OnlineJudge/problem_show.php?id=3997"
    },
    {
      "id": "4004",
      "title": "4004",
      "difficulty": 0,
      "pass_rate": 0,
      "ac_count": 0,
      "url": "https://183.250.108.194:500/OnlineJudge/problem_show.php?id=4004"
    },
    {
      "id": "4010",
      "title": "4010",
      "difficulty": 0,
      "pass_rate": 0,
      "ac_count": 0,
      "url": "https://183.250.108.194:500/OnlineJudge/problem_show.php?id=4010"
    },
    {
      "id": "4013",
      "title": "4013",
      "difficulty": 0,
      "pass_rate": 0,
      "ac_count": 0,
      "url": "https://183.250.108.194:500/OnlineJudge/problem_show.php?id=4013"
    },
    {
      "id": "4041",
      "title": "4041",
      "difficulty": 0,
      "pass_rate": 0,
      "ac_count": 0,
      "url": "https://183.250.108.194:500/OnlineJudge/problem_show.php?id=4041"
    },
    {
      "id": "4042",
      "title": "4042",
      "difficulty": 0,
      "pass_rate": 0,
      "ac_count": 0,
      "url": "https://183.250.108.194:500/OnlineJudge/problem_show.php?id=4042"
    },
    {
      "id": "4064",
      "title": "4064",
      "difficulty": 0,
      "pass_rate": 0,
      "ac_count": 0,
      "url": "https://183.250.108.194:500/OnlineJudge/problem_show.php?id=4064"
    },
    {
      "id": "4067",
      "title": "4067",
      "difficulty": 0,
      "pass_rate": 0,
      "ac_count": 0,
      "url": "https://183.250.108.194:500/OnlineJudge/problem_show.php?id=4067"
    },
    {
      "id": "4072",
      "title": "4072",
      "difficulty": 0,
      "pass_rate": 0,
      "ac_count": 0,
      "url": "https://183.250.108.194:500/OnlineJudge/problem_show.php?id=4072"
    },
    {
      "id": "4078",
      "title": "4078",
      "difficulty": 0,
      "pass_rate": 0,
      "ac_count": 0,
      "url": "https://183.250.108.194:500/OnlineJudge/problem_show.php?id=4078"
    },
    {
      "id": "4079",
      "title": "4079",
      "difficulty": 0,
      "pass_rate": 0,
      "ac_count": 0,
      "url": "https://183.250.108.194:500/OnlineJudge/problem_show.php?id=4079"
    },
    {
      "id": "4080",
      "title": "4080",
      "difficulty": 0,
      "pass_rate": 0,
      "ac_count": 0,
      "url": "https://183.250.108.194:500/OnlineJudge/problem_show.php?id=4080"
    },
    {
      "id": "4084",
      "title": "4084",
      "difficulty": 0,
      "pass_rate": 0,
      "ac_count": 0,
      "url": "https://183.250.108.194:500/OnlineJudge/problem_show.php?id=4084"
    },
    {
      "id": "4091",
      "title": "4091",
      "difficulty": 0,
      "pass_rate": 0,
      "ac_count": 0,
      "url": "https://183.250.108.194:500/OnlineJudge/problem_show.php?id=4091"
    },
    {
      "id": "4096",
      "title": "4096",
      "difficulty": 0,
      "pass_rate": 0,
      "ac_count": 0,
      "url": "https://183.250.108.194:500/OnlineJudge/problem_show.php?id=4096"
    },
    {
      "id": "4126",
      "title": "4126",
      "difficulty": 0,
      "pass_rate": 0,
      "ac_count": 0,
      "url": "https://183.250.108.194:500/OnlineJudge/problem_show.php?id=4126"
    },
    {
      "id": "4127",
      "title": "4127",
      "difficulty": 0,
      "pass_rate": 0,
      "ac_count": 0,
      "url": "https://183.250.108.194:500/OnlineJudge/problem_show.php?id=4127"
    },
    {
      "id": "4128",
      "title": "4128",
      "difficulty": 0,
      "pass_rate": 0,
      "ac_count": 0,
      "url": "https://183.250.108.194:500/OnlineJudge/problem_show.php?id=4128"
    },
    {
      "id": "4185",
      "title": "4185",
      "difficulty": 0,
      "pass_rate": 0,
      "ac_count": 0,
      "url": "https://183.250.108.194:500/OnlineJudge/problem_show.php?id=4185"
    },
    {
      "id": "4196",
      "title": "4196",
      "difficulty": 0,
      "pass_rate": 0,
      "ac_count": 0,
      "url": "https://183.250.108.194:500/OnlineJudge/problem_show.php?id=4196"
    },
    {
      "id": "4217",
      "title": "4217",
      "difficulty": 0,
      "pass_rate": 0,
      "ac_count": 0,
      "url": "https://183.250.108.194:500/OnlineJudge/problem_show.php?id=4217"
    },
    {
      "id": "4232",
      "title": "4232",
      "difficulty": 0,
      "pass_rate": 0,
      "ac_count": 0,
      "url": "https://183.250.108.194:500/OnlineJudge/problem_show.php?id=4232"
    },
    {
      "id": "4257",
      "title": "4257",
      "difficulty": 0,
      "pass_rate": 0,
      "ac_count": 0,
      "url": "https://183.250.108.194:500/OnlineJudge/problem_show.php?id=4257"
    },
    {
      "id": "4295",
      "title": "4295",
      "difficulty": 0,
      "pass_rate": 0,
      "ac_count": 0,
      "url": "https://183.250.108.194:500/OnlineJudge/problem_show.php?id=4295"
    },
    {
      "id": "4297",
      "title": "4297",
      "difficulty": 0,
      "pass_rate": 0,
      "ac_count": 0,
      "url": "https://183.250.108.194:500/OnlineJudge/problem_show.php?id=4297"
    },
    {
      "id": "4311",
      "title": "4311",
      "difficulty": 0,
      "pass_rate": 0,
      "ac_count": 0,
      "url": "https://183.250.108.194:500/OnlineJudge/problem_show.php?id=4311"
    },
    {
      "id": "4313",
      "title": "4313",
      "difficulty": 0,
      "pass_rate": 0,
      "ac_count": 0,
      "url": "https://183.250.108.194:500/OnlineJudge/problem_show.php?id=4313"
    },
    {
      "id": "4324",
      "title": "4324",
      "difficulty": 0,
      "pass_rate": 0,
      "ac_count": 0,
      "url": "https://183.250.108.194:500/OnlineJudge/problem_show.php?id=4324"
    },
    {
      "id": "4331",
      "title": "4331",
      "difficulty": 0,
      "pass_rate": 0,
      "ac_count": 0,
      "url": "https://183.250.108.194:500/OnlineJudge/problem_show.php?id=4331"
    },
    {
      "id": "4357",
      "title": "4357",
      "difficulty": 0,
      "pass_rate": 0,
      "ac_count": 0,
      "url": "https://183.250.108.194:500/OnlineJudge/problem_show.php?id=4357"
    },
    {
      "id": "4377",
      "title": "4377",
      "difficulty": 0,
      "pass_rate": 0,
      "ac_count": 0,
      "url": "https://183.250.108.194:500/OnlineJudge/problem_show.php?id=4377"
    },
    {
      "id": "4384",
      "title": "4384",
      "difficulty": 0,
      "pass_rate": 0,
      "ac_count": 0,
      "url": "https://183.250.108.194:500/OnlineJudge/problem_show.php?id=4384"
    },
    {
      "id": "4386",
      "title": "4386",
      "difficulty": 0,
      "pass_rate": 0,
      "ac_count": 0,
      "url": "https://183.250.108.194:500/OnlineJudge/problem_show.php?id=4386"
    },
    {
      "id": "4390",
      "title": "4390",
      "difficulty": 0,
      "pass_rate": 0,
      "ac_count": 0,
      "url": "https://183.250.108.194:500/OnlineJudge/problem_show.php?id=4390"
    },
    {
      "id": "4405",
      "title": "4405",
      "difficulty": 0,
      "pass_rate": 0,
      "ac_count": 0,
      "url": "https://183.250.108.194:500/OnlineJudge/problem_show.php?id=4405"
    },
    {
      "id": "4419",
      "title": "4419",
      "difficulty": 0,
      "pass_rate": 0,
      "ac_count": 0,
      "url": "https://183.250.108.194:500/OnlineJudge/problem_show.php?id=4419"
    },
    {
      "id": "4420",
      "title": "4420",
      "difficulty": 0,
      "pass_rate": 0,
      "ac_count": 0,
      "url": "https://183.250.108.194:500/OnlineJudge/problem_show.php?id=4420"
    },
    {
      "id": "4445",
      "title": "4445",
      "difficulty": 0,
      "pass_rate": 0,
      "ac_count": 0,
      "url": "https://183.250.108.194:500/OnlineJudge/problem_show.php?id=4445"
    },
    {
      "id": "4448",
      "title": "4448",
      "difficulty": 0,
      "pass_rate": 0,
      "ac_count": 0,
      "url": "https://183.250.108.194:500/OnlineJudge/problem_show.php?id=4448"
    },
    {
      "id": "4474",
      "title": "4474",
      "difficulty": 0,
      "pass_rate": 0,
      "ac_count": 0,
      "url": "https://183.250.108.194:500/OnlineJudge/problem_show.php?id=4474"
    },
    {
      "id": "4479",
      "title": "4479",
      "difficulty": 0,
      "pass_rate": 0,
      "ac_count": 0,
      "url": "https://183.250.108.194:500/OnlineJudge/problem_show.php?id=4479"
    },
    {
      "id": "4480",
      "title": "4480",
      "difficulty": 0,
      "pass_rate": 0,
      "ac_count": 0,
      "url": "https://183.250.108.194:500/OnlineJudge/problem_show.php?id=4480"
    },
    {
      "id": "4523",
      "title": "4523",
      "difficulty": 0,
      "pass_rate": 0,
      "ac_count": 0,
      "url": "https://183.250.108.194:500/OnlineJudge/problem_show.php?id=4523"
    },
    {
      "id": "4532",
      "title": "4532",
      "difficulty": 0,
      "pass_rate": 0,
      "ac_count": 0,
      "url": "https://183.250.108.194:500/OnlineJudge/problem_show.php?id=4532"
    },
    {
      "id": "4546",
      "title": "4546",
      "difficulty": 0,
      "pass_rate": 0,
      "ac_count": 0,
      "url": "https://183.250.108.194:500/OnlineJudge/problem_show.php?id=4546"
    },
    {
      "id": "4547",
      "title": "4547",
      "difficulty": 0,
      "pass_rate": 0,
      "ac_count": 0,
      "url": "https://183.250.108.194:500/OnlineJudge/problem_show.php?id=4547"
    },
    {
      "id": "4578",
      "title": "4578",
      "difficulty": 0,
      "pass_rate": 0,
      "ac_count": 0,
      "url": "https://183.250.108.194:500/OnlineJudge/problem_show.php?id=4578"
    },
    {
      "id": "4580",
      "title": "4580",
      "difficulty": 0,
      "pass_rate": 0,
      "ac_count": 0,
      "url": "https://183.250.108.194:500/OnlineJudge/problem_show.php?id=4580"
    },
    {
      "id": "4581",
      "title": "4581",
      "difficulty": 0,
      "pass_rate": 0,
      "ac_count": 0,
      "url": "https://183.250.108.194:500/OnlineJudge/problem_show.php?id=4581"
    },
    {
      "id": "4624",
      "title": "4624",
      "difficulty": 0,
      "pass_rate": 0,
      "ac_count": 0,
      "url": "https://183.250.108.194:500/OnlineJudge/problem_show.php?id=4624"
    },
    {
      "id": "4633",
      "title": "4633",
      "difficulty": 0,
      "pass_rate": 0,
      "ac_count": 0,
      "url": "https://183.250.108.194:500/OnlineJudge/problem_show.php?id=4633"
    },
    {
      "id": "4640",
      "title": "4640",
      "difficulty": 0,
      "pass_rate": 0,
      "ac_count": 0,
      "url": "https://183.250.108.194:500/OnlineJudge/problem_show.php?id=4640"
    },
    {
      "id": "4649",
      "title": "4649",
      "difficulty": 0,
      "pass_rate": 0,
      "ac_count": 0,
      "url": "https://183.250.108.194:500/OnlineJudge/problem_show.php?id=4649"
    },
    {
      "id": "4652",
      "title": "4652",
      "difficulty": 0,
      "pass_rate": 0,
      "ac_count": 0,
      "url": "https://183.250.108.194:500/OnlineJudge/problem_show.php?id=4652"
    },
    {
      "id": "4656",
      "title": "4656",
      "difficulty": 0,
      "pass_rate": 0,
      "ac_count": 0,
      "url": "https://183.250.108.194:500/OnlineJudge/problem_show.php?id=4656"
    },
    {
      "id": "4661",
      "title": "4661",
      "difficulty": 0,
      "pass_rate": 0,
      "ac_count": 0,
      "url": "https://183.250.108.194:500/OnlineJudge/problem_show.php?id=4661"
    },
    {
      "id": "4668",
      "title": "4668",
      "difficulty": 0,
      "pass_rate": 0,
      "ac_count": 0,
      "url": "https://183.250.108.194:500/OnlineJudge/problem_show.php?id=4668"
    },
    {
      "id": "4669",
      "title": "4669",
      "difficulty": 0,
      "pass_rate": 0,
      "ac_count": 0,
      "url": "https://183.250.108.194:500/OnlineJudge/problem_show.php?id=4669"
    },
    {
      "id": "4692",
      "title": "4692",
      "difficulty": 0,
      "pass_rate": 0,
      "ac_count": 0,
      "url": "https://183.250.108.194:500/OnlineJudge/problem_show.php?id=4692"
    },
    {
      "id": "4783",
      "title": "4783",
      "difficulty": 0,
      "pass_rate": 0,
      "ac_count": 0,
      "url": "https://183.250.108.194:500/OnlineJudge/problem_show.php?id=4783"
    },
    {
      "id": "4792",
      "title": "4792",
      "difficulty": 0,
      "pass_rate": 0,
      "ac_count": 0,
      "url": "https://183.250.108.194:500/OnlineJudge/problem_show.php?id=4792"
    },
    {
      "id": "4843",
      "title": "4843",
      "difficulty": 0,
      "pass_rate": 0,
      "ac_count": 0,
      "url": "https://183.250.108.194:500/OnlineJudge/problem_show.php?id=4843"
    },
    {
      "id": "4917",
      "title": "4917",
      "difficulty": 0,
      "pass_rate": 0,
      "ac_count": 0,
      "url": "https://183.250.108.194:500/OnlineJudge/problem_show.php?id=4917"
    },
    {
      "id": "4943",
      "title": "4943",
      "difficulty": 0,
      "pass_rate": 0,
      "ac_count": 0,
      "url": "https://183.250.108.194:500/OnlineJudge/problem_show.php?id=4943"
    },
    {
      "id": "4949",
      "title": "4949",
      "difficulty": 0,
      "pass_rate": 0,
      "ac_count": 0,
      "url": "https://183.250.108.194:500/OnlineJudge/problem_show.php?id=4949"
    },
    {
      "id": "5008",
      "title": "5008",
      "difficulty": 0,
      "pass_rate": 0,
      "ac_count": 0,
      "url": "https://183.250.108.194:500/OnlineJudge/problem_show.php?id=5008"
    },
    {
      "id": "5015",
      "title": "5015",
      "difficulty": 0,
      "pass_rate": 0,
      "ac_count": 0,
      "url": "https://183.250.108.194:500/OnlineJudge/problem_show.php?id=5015"
    },
    {
      "id": "5017",
      "title": "5017",
      "difficulty": 0,
      "pass_rate": 0,
      "ac_count": 0,
      "url": "https://183.250.108.194:500/OnlineJudge/problem_show.php?id=5017"
    },
    {
      "id": "5032",
      "title": "5032",
      "difficulty": 0,
      "pass_rate": 0,
      "ac_count": 0,
      "url": "https://183.250.108.194:500/OnlineJudge/problem_show.php?id=5032"
    },
    {
      "id": "5050",
      "title": "5050",
      "difficulty": 0,
      "pass_rate": 0,
      "ac_count": 0,
      "url": "https://183.250.108.194:500/OnlineJudge/problem_show.php?id=5050"
    },
    {
      "id": "5053",
      "title": "5053",
      "difficulty": 0,
      "pass_rate": 0,
      "ac_count": 0,
      "url": "https://183.250.108.194:500/OnlineJudge/problem_show.php?id=5053"
    },
    {
      "id": "5060",
      "title": "5060",
      "difficulty": 0,
      "pass_rate": 0,
      "ac_count": 0,
      "url": "https://183.250.108.194:500/OnlineJudge/problem_show.php?id=5060"
    },
    {
      "id": "5069",
      "title": "5069",
      "difficulty": 0,
      "pass_rate": 0,
      "ac_count": 0,
      "url": "https://183.250.108.194:500/OnlineJudge/problem_show.php?id=5069"
    },
    {
      "id": "5073",
      "title": "5073",
      "difficulty": 0,
      "pass_rate": 0,
      "ac_count": 0,
      "url": "https://183.250.108.194:500/OnlineJudge/problem_show.php?id=5073"
    },
    {
      "id": "5076",
      "title": "5076",
      "difficulty": 0,
      "pass_rate": 0,
      "ac_count": 0,
      "url": "https://183.250.108.194:500/OnlineJudge/problem_show.php?id=5076"
    },
    {
      "id": "5082",
      "title": "5082",
      "difficulty": 0,
      "pass_rate": 0,
      "ac_count": 0,
      "url": "https://183.250.108.194:500/OnlineJudge/problem_show.php?id=5082"
    },
    {
      "id": "5098",
      "title": "5098",
      "difficulty": 0,
      "pass_rate": 0,
      "ac_count": 0,
      "url": "https://183.250.108.194:500/OnlineJudge/problem_show.php?id=5098"
    },
    {
      "id": "5114",
      "title": "5114",
      "difficulty": 0,
      "pass_rate": 0,
      "ac_count": 0,
      "url": "https://183.250.108.194:500/OnlineJudge/problem_show.php?id=5114"
    },
    {
      "id": "5123",
      "title": "5123",
      "difficulty": 0,
      "pass_rate": 0,
      "ac_count": 0,
      "url": "https://183.250.108.194:500/OnlineJudge/problem_show.php?id=5123"
    },
    {
      "id": "5125",
      "title": "5125",
      "difficulty": 0,
      "pass_rate": 0,
      "ac_count": 0,
      "url": "https://183.250.108.194:500/OnlineJudge/problem_show.php?id=5125"
    },
    {
      "id": "5218",
      "title": "5218",
      "difficulty": 0,
      "pass_rate": 0,
      "ac_count": 0,
      "url": "https://183.250.108.194:500/OnlineJudge/problem_show.php?id=5218"
    },
    {
      "id": "5236",
      "title": "5236",
      "difficulty": 0,
      "pass_rate": 0,
      "ac_count": 0,
      "url": "https://183.250.108.194:500/OnlineJudge/problem_show.php?id=5236"
    },
    {
      "id": "5281",
      "title": "5281",
      "difficulty": 0,
      "pass_rate": 0,
      "ac_count": 0,
      "url": "https://183.250.108.194:500/OnlineJudge/problem_show.php?id=5281"
    },
    {
      "id": "5282",
      "title": "5282",
      "difficulty": 0,
      "pass_rate": 0,
      "ac_count": 0,
      "url": "https://183.250.108.194:500/OnlineJudge/problem_show.php?id=5282"
    },
    {
      "id": "5297",
      "title": "5297",
      "difficulty": 0,
      "pass_rate": 0,
      "ac_count": 0,
      "url": "https://183.250.108.194:500/OnlineJudge/problem_show.php?id=5297"
    },
    {
      "id": "5299",
      "title": "5299",
      "difficulty": 0,
      "pass_rate": 0,
      "ac_count": 0,
      "url": "https://183.250.108.194:500/OnlineJudge/problem_show.php?id=5299"
    },
    {
      "id": "5355",
      "title": "5355",
      "difficulty": 0,
      "pass_rate": 0,
      "ac_count": 0,
      "url": "https://183.250.108.194:500/OnlineJudge/problem_show.php?id=5355"
    },
    {
      "id": "5358",
      "title": "5358",
      "difficulty": 0,
      "pass_rate": 0,
      "ac_count": 0,
      "url": "https://183.250.108.194:500/OnlineJudge/problem_show.php?id=5358"
    },
    {
      "id": "5359",
      "title": "5359",
      "difficulty": 0,
      "pass_rate": 0,
      "ac_count": 0,
      "url": "https://183.250.108.194:500/OnlineJudge/problem_show.php?id=5359"
    },
    {
      "id": "5360",
      "title": "5360",
      "difficulty": 0,
      "pass_rate": 0,
      "ac_count": 0,
      "url": "https://183.250.108.194:500/OnlineJudge/problem_show.php?id=5360"
    },
    {
      "id": "5363",
      "title": "5363",
      "difficulty": 0,
      "pass_rate": 0,
      "ac_count": 0,
      "url": "https://183.250.108.194:500/OnlineJudge/problem_show.php?id=5363"
    },
    {
      "id": "5366",
      "title": "5366",
      "difficulty": 0,
      "pass_rate": 0,
      "ac_count": 0,
      "url": "https://183.250.108.194:500/OnlineJudge/problem_show.php?id=5366"
    },
    {
      "id": "5367",
      "title": "5367",
      "difficulty": 0,
      "pass_rate": 0,
      "ac_count": 0,
      "url": "https://183.250.108.194:500/OnlineJudge/problem_show.php?id=5367"
    },
    {
      "id": "5368",
      "title": "5368",
      "difficulty": 0,
      "pass_rate": 0,
      "ac_count": 0,
      "url": "https://183.250.108.194:500/OnlineJudge/problem_show.php?id=5368"
    },
    {
      "id": "5378",
      "title": "5378",
      "difficulty": 0,
      "pass_rate": 0,
      "ac_count": 0,
      "url": "https://183.250.108.194:500/OnlineJudge/problem_show.php?id=5378"
    },
    {
      "id": "5379",
      "title": "5379",
      "difficulty": 0,
      "pass_rate": 0,
      "ac_count": 0,
      "url": "https://183.250.108.194:500/OnlineJudge/problem_show.php?id=5379"
    },
    {
      "id": "5380",
      "title": "5380",
      "difficulty": 0,
      "pass_rate": 0,
      "ac_count": 0,
      "url": "https://183.250.108.194:500/OnlineJudge/problem_show.php?id=5380"
    },
    {
      "id": "5381",
      "title": "5381",
      "difficulty": 0,
      "pass_rate": 0,
      "ac_count": 0,
      "url": "https://183.250.108.194:500/OnlineJudge/problem_show.php?id=5381"
    },
    {
      "id": "5383",
      "title": "5383",
      "difficulty": 0,
      "pass_rate": 0,
      "ac_count": 0,
      "url": "https://183.250.108.194:500/OnlineJudge/problem_show.php?id=5383"
    },
    {
      "id": "5391",
      "title": "5391",
      "difficulty": 0,
      "pass_rate": 0,
      "ac_count": 0,
      "url": "https://183.250.108.194:500/OnlineJudge/problem_show.php?id=5391"
    },
    {
      "id": "5397",
      "title": "5397",
      "difficulty": 0,
      "pass_rate": 0,
      "ac_count": 0,
      "url": "https://183.250.108.194:500/OnlineJudge/problem_show.php?id=5397"
    },
    {
      "id": "5400",
      "title": "5400",
      "difficulty": 0,
      "pass_rate": 0,
      "ac_count": 0,
      "url": "https://183.250.108.194:500/OnlineJudge/problem_show.php?id=5400"
    },
    {
      "id": "5406",
      "title": "5406",
      "difficulty": 0,
      "pass_rate": 0,
      "ac_count": 0,
      "url": "https://183.250.108.194:500/OnlineJudge/problem_show.php?id=5406"
    },
    {
      "id": "5409",
      "title": "5409",
      "difficulty": 0,
      "pass_rate": 0,
      "ac_count": 0,
      "url": "https://183.250.108.194:500/OnlineJudge/problem_show.php?id=5409"
    },
    {
      "id": "5410",
      "title": "5410",
      "difficulty": 0,
      "pass_rate": 0,
      "ac_count": 0,
      "url": "https://183.250.108.194:500/OnlineJudge/problem_show.php?id=5410"
    },
    {
      "id": "5411",
      "title": "5411",
      "difficulty": 0,
      "pass_rate": 0,
      "ac_count": 0,
      "url": "https://183.250.108.194:500/OnlineJudge/problem_show.php?id=5411"
    },
    {
      "id": "5416",
      "title": "5416",
      "difficulty": 0,
      "pass_rate": 0,
      "ac_count": 0,
      "url": "https://183.250.108.194:500/OnlineJudge/problem_show.php?id=5416"
    },
    {
      "id": "5417",
      "title": "5417",
      "difficulty": 0,
      "pass_rate": 0,
      "ac_count": 0,
      "url": "https://183.250.108.194:500/OnlineJudge/problem_show.php?id=5417"
    },
    {
      "id": "5424",
      "title": "5424",
      "difficulty": 0,
      "pass_rate": 0,
      "ac_count": 0,
      "url": "https://183.250.108.194:500/OnlineJudge/problem_show.php?id=5424"
    },
    {
      "id": "5425",
      "title": "5425",
      "difficulty": 0,
      "pass_rate": 0,
      "ac_count": 0,
      "url": "https://183.250.108.194:500/OnlineJudge/problem_show.php?id=5425"
    },
    {
      "id": "5429",
      "title": "5429",
      "difficulty": 0,
      "pass_rate": 0,
      "ac_count": 0,
      "url": "https://183.250.108.194:500/OnlineJudge/problem_show.php?id=5429"
    },
    {
      "id": "5431",
      "title": "5431",
      "difficulty": 0,
      "pass_rate": 0,
      "ac_count": 0,
      "url": "https://183.250.108.194:500/OnlineJudge/problem_show.php?id=5431"
    },
    {
      "id": "5433",
      "title": "5433",
      "difficulty": 0,
      "pass_rate": 0,
      "ac_count": 0,
      "url": "https://183.250.108.194:500/OnlineJudge/problem_show.php?id=5433"
    },
    {
      "id": "5434",
      "title": "5434",
      "difficulty": 0,
      "pass_rate": 0,
      "ac_count": 0,
      "url": "https://183.250.108.194:500/OnlineJudge/problem_show.php?id=5434"
    },
    {
      "id": "5436",
      "title": "5436",
      "difficulty": 0,
      "pass_rate": 0,
      "ac_count": 0,
      "url": "https://183.250.108.194:500/OnlineJudge/problem_show.php?id=5436"
    },
    {
      "id": "5438",
      "title": "5438",
      "difficulty": 0,
      "pass_rate": 0,
      "ac_count": 0,
      "url": "https://183.250.108.194:500/OnlineJudge/problem_show.php?id=5438"
    },
    {
      "id": "5444",
      "title": "5444",
      "difficulty": 0,
      "pass_rate": 0,
      "ac_count": 0,
      "url": "https://183.250.108.194:500/OnlineJudge/problem_show.php?id=5444"
    },
    {
      "id": "5447",
      "title": "5447",
      "difficulty": 0,
      "pass_rate": 0,
      "ac_count": 0,
      "url": "https://183.250.108.194:500/OnlineJudge/problem_show.php?id=5447"
    },
    {
      "id": "5461",
      "title": "5461",
      "difficulty": 0,
      "pass_rate": 0,
      "ac_count": 0,
      "url": "https://183.250.108.194:500/OnlineJudge/problem_show.php?id=5461"
    },
    {
      "id": "5464",
      "title": "5464",
      "difficulty": 0,
      "pass_rate": 0,
      "ac_count": 0,
      "url": "https://183.250.108.194:500/OnlineJudge/problem_show.php?id=5464"
    },
    {
      "id": "5468",
      "title": "5468",
      "difficulty": 0,
      "pass_rate": 0,
      "ac_count": 0,
      "url": "https://183.250.108.194:500/OnlineJudge/problem_show.php?id=5468"
    },
    {
      "id": "5469",
      "title": "5469",
      "difficulty": 0,
      "pass_rate": 0,
      "ac_count": 0,
      "url": "https://183.250.108.194:500/OnlineJudge/problem_show.php?id=5469"
    },
    {
      "id": "5470",
      "title": "5470",
      "difficulty": 0,
      "pass_rate": 0,
      "ac_count": 0,
      "url": "https://183.250.108.194:500/OnlineJudge/problem_show.php?id=5470"
    },
    {
      "id": "5472",
      "title": "5472",
      "difficulty": 0,
      "pass_rate": 0,
      "ac_count": 0,
      "url": "https://183.250.108.194:500/OnlineJudge/problem_show.php?id=5472"
    },
    {
      "id": "5499",
      "title": "5499",
      "difficulty": 0,
      "pass_rate": 0,
      "ac_count": 0,
      "url": "https://183.250.108.194:500/OnlineJudge/problem_show.php?id=5499"
    },
    {
      "id": "5502",
      "title": "5502",
      "difficulty": 0,
      "pass_rate": 0,
      "ac_count": 0,
      "url": "https://183.250.108.194:500/OnlineJudge/problem_show.php?id=5502"
    },
    {
      "id": "5509",
      "title": "5509",
      "difficulty": 0,
      "pass_rate": 0,
      "ac_count": 0,
      "url": "https://183.250.108.194:500/OnlineJudge/problem_show.php?id=5509"
    },
    {
      "id": "5518",
      "title": "5518",
      "difficulty": 0,
      "pass_rate": 0,
      "ac_count": 0,
      "url": "https://183.250.108.194:500/OnlineJudge/problem_show.php?id=5518"
    },
    {
      "id": "5520",
      "title": "5520",
      "difficulty": 0,
      "pass_rate": 0,
      "ac_count": 0,
      "url": "https://183.250.108.194:500/OnlineJudge/problem_show.php?id=5520"
    },
    {
      "id": "5525",
      "title": "5525",
      "difficulty": 0,
      "pass_rate": 0,
      "ac_count": 0,
      "url": "https://183.250.108.194:500/OnlineJudge/problem_show.php?id=5525"
    },
    {
      "id": "5527",
      "title": "5527",
      "difficulty": 0,
      "pass_rate": 0,
      "ac_count": 0,
      "url": "https://183.250.108.194:500/OnlineJudge/problem_show.php?id=5527"
    },
    {
      "id": "5531",
      "title": "5531",
      "difficulty": 0,
      "pass_rate": 0,
      "ac_count": 0,
      "url": "https://183.250.108.194:500/OnlineJudge/problem_show.php?id=5531"
    },
    {
      "id": "5560",
      "title": "5560",
      "difficulty": 0,
      "pass_rate": 0,
      "ac_count": 0,
      "url": "https://183.250.108.194:500/OnlineJudge/problem_show.php?id=5560"
    },
    {
      "id": "5578",
      "title": "5578",
      "difficulty": 0,
      "pass_rate": 0,
      "ac_count": 0,
      "url": "https://183.250.108.194:500/OnlineJudge/problem_show.php?id=5578"
    },
    {
      "id": "5593",
      "title": "5593",
      "difficulty": 0,
      "pass_rate": 0,
      "ac_count": 0,
      "url": "https://183.250.108.194:500/OnlineJudge/problem_show.php?id=5593"
    },
    {
      "id": "5596",
      "title": "5596",
      "difficulty": 0,
      "pass_rate": 0,
      "ac_count": 0,
      "url": "https://183.250.108.194:500/OnlineJudge/problem_show.php?id=5596"
    },
    {
      "id": "5638",
      "title": "5638",
      "difficulty": 0,
      "pass_rate": 0,
      "ac_count": 0,
      "url": "https://183.250.108.194:500/OnlineJudge/problem_show.php?id=5638"
    },
    {
      "id": "5660",
      "title": "5660",
      "difficulty": 0,
      "pass_rate": 0,
      "ac_count": 0,
      "url": "https://183.250.108.194:500/OnlineJudge/problem_show.php?id=5660"
    },
    {
      "id": "5670",
      "title": "5670",
      "difficulty": 0,
      "pass_rate": 0,
      "ac_count": 0,
      "url": "https://183.250.108.194:500/OnlineJudge/problem_show.php?id=5670"
    },
    {
      "id": "5706",
      "title": "5706",
      "difficulty": 0,
      "pass_rate": 0,
      "ac_count": 0,
      "url": "https://183.250.108.194:500/OnlineJudge/problem_show.php?id=5706"
    },
    {
      "id": "5707",
      "title": "5707",
      "difficulty": 0,
      "pass_rate": 0,
      "ac_count": 0,
      "url": "https://183.250.108.194:500/OnlineJudge/problem_show.php?id=5707"
    },
    {
      "id": "5723",
      "title": "5723",
      "difficulty": 0,
      "pass_rate": 0,
      "ac_count": 0,
      "url": "https://183.250.108.194:500/OnlineJudge/problem_show.php?id=5723"
    },
    {
      "id": "5746",
      "title": "5746",
      "difficulty": 0,
      "pass_rate": 0,
      "ac_count": 0,
      "url": "https://183.250.108.194:500/OnlineJudge/problem_show.php?id=5746"
    },
    {
      "id": "5781",
      "title": "5781",
      "difficulty": 0,
      "pass_rate": 0,
      "ac_count": 0,
      "url": "https://183.250.108.194:500/OnlineJudge/problem_show.php?id=5781"
    },
    {
      "id": "5854",
      "title": "5854",
      "difficulty": 0,
      "pass_rate": 0,
      "ac_count": 0,
      "url": "https://183.250.108.194:500/OnlineJudge/problem_show.php?id=5854"
    },
    {
      "id": "5866",
      "title": "5866",
      "difficulty": 0,
      "pass_rate": 0,
      "ac_count": 0,
      "url": "https://183.250.108.194:500/OnlineJudge/problem_show.php?id=5866"
    },
    {
      "id": "5885",
      "title": "5885",
      "difficulty": 0,
      "pass_rate": 0,
      "ac_count": 0,
      "url": "https://183.250.108.194:500/OnlineJudge/problem_show.php?id=5885"
    },
    {
      "id": "5889",
      "title": "5889",
      "difficulty": 0,
      "pass_rate": 0,
      "ac_count": 0,
      "url": "https://183.250.108.194:500/OnlineJudge/problem_show.php?id=5889"
    },
    {
      "id": "5891",
      "title": "5891",
      "difficulty": 0,
      "pass_rate": 0,
      "ac_count": 0,
      "url": "https://183.250.108.194:500/OnlineJudge/problem_show.php?id=5891"
    },
    {
      "id": "5896",
      "title": "5896",
      "difficulty": 0,
      "pass_rate": 0,
      "ac_count": 0,
      "url": "https://183.250.108.194:500/OnlineJudge/problem_show.php?id=5896"
    },
    {
      "id": "5897",
      "title": "5897",
      "difficulty": 0,
      "pass_rate": 0,
      "ac_count": 0,
      "url": "https://183.250.108.194:500/OnlineJudge/problem_show.php?id=5897"
    },
    {
      "id": "5904",
      "title": "5904",
      "difficulty": 0,
      "pass_rate": 0,
      "ac_count": 0,
      "url": "https://183.250.108.194:500/OnlineJudge/problem_show.php?id=5904"
    },
    {
      "id": "5929",
      "title": "5929",
      "difficulty": 0,
      "pass_rate": 0,
      "ac_count": 0,
      "url": "https://183.250.108.194:500/OnlineJudge/problem_show.php?id=5929"
    },
    {
      "id": "5937",
      "title": "5937",
      "difficulty": 0,
      "pass_rate": 0,
      "ac_count": 0,
      "url": "https://183.250.108.194:500/OnlineJudge/problem_show.php?id=5937"
    },
    {
      "id": "5972",
      "title": "5972",
      "difficulty": 0,
      "pass_rate": 0,
      "ac_count": 0,
      "url": "https://183.250.108.194:500/OnlineJudge/problem_show.php?id=5972"
    },
    {
      "id": "5974",
      "title": "5974",
      "difficulty": 0,
      "pass_rate": 0,
      "ac_count": 0,
      "url": "https://183.250.108.194:500/OnlineJudge/problem_show.php?id=5974"
    },
    {
      "id": "5978",
      "title": "5978",
      "difficulty": 0,
      "pass_rate": 0,
      "ac_count": 0,
      "url": "https://183.250.108.194:500/OnlineJudge/problem_show.php?id=5978"
    },
    {
      "id": "6022",
      "title": "6022",
      "difficulty": 0,
      "pass_rate": 0,
      "ac_count": 0,
      "url": "https://183.250.108.194:500/OnlineJudge/problem_show.php?id=6022"
    },
    {
      "id": "6072",
      "title": "6072",
      "difficulty": 0,
      "pass_rate": 0,
      "ac_count": 0,
      "url": "https://183.250.108.194:500/OnlineJudge/problem_show.php?id=6072"
    },
    {
      "id": "6102",
      "title": "6102",
      "difficulty": 0,
      "pass_rate": 0,
      "ac_count": 0,
      "url": "https://183.250.108.194:500/OnlineJudge/problem_show.php?id=6102"
    },
    {
      "id": "6103",
      "title": "6103",
      "difficulty": 0,
      "pass_rate": 0,
      "ac_count": 0,
      "url": "https://183.250.108.194:500/OnlineJudge/problem_show.php?id=6103"
    },
    {
      "id": "6109",
      "title": "6109",
      "difficulty": 0,
      "pass_rate": 0,
      "ac_count": 0,
      "url": "https://183.250.108.194:500/OnlineJudge/problem_show.php?id=6109"
    },
    {
      "id": "6149",
      "title": "6149",
      "difficulty": 0,
      "pass_rate": 0,
      "ac_count": 0,
      "url": "https://183.250.108.194:500/OnlineJudge/problem_show.php?id=6149"
    },
    {
      "id": "6158",
      "title": "6158",
      "difficulty": 0,
      "pass_rate": 0,
      "ac_count": 0,
      "url": "https://183.250.108.194:500/OnlineJudge/problem_show.php?id=6158"
    },
    {
      "id": "6161",
      "title": "6161",
      "difficulty": 0,
      "pass_rate": 0,
      "ac_count": 0,
      "url": "https://183.250.108.194:500/OnlineJudge/problem_show.php?id=6161"
    },
    {
      "id": "6179",
      "title": "6179",
      "difficulty": 0,
      "pass_rate": 0,
      "ac_count": 0,
      "url": "https://183.250.108.194:500/OnlineJudge/problem_show.php?id=6179"
    },
    {
      "id": "6189",
      "title": "6189",
      "difficulty": 0,
      "pass_rate": 0,
      "ac_count": 0,
      "url": "https://183.250.108.194:500/OnlineJudge/problem_show.php?id=6189"
    },
    {
      "id": "6212",
      "title": "6212",
      "difficulty": 0,
      "pass_rate": 0,
      "ac_count": 0,
      "url": "https://183.250.108.194:500/OnlineJudge/problem_show.php?id=6212"
    },
    {
      "id": "6218",
      "title": "6218",
      "difficulty": 0,
      "pass_rate": 0,
      "ac_count": 0,
      "url": "https://183.250.108.194:500/OnlineJudge/problem_show.php?id=6218"
    },
    {
      "id": "6258",
      "title": "6258",
      "difficulty": 0,
      "pass_rate": 0,
      "ac_count": 0,
      "url": "https://183.250.108.194:500/OnlineJudge/problem_show.php?id=6258"
    },
    {
      "id": "6266",
      "title": "6266",
      "difficulty": 0,
      "pass_rate": 0,
      "ac_count": 0,
      "url": "https://183.250.108.194:500/OnlineJudge/problem_show.php?id=6266"
    },
    {
      "id": "6267",
      "title": "6267",
      "difficulty": 0,
      "pass_rate": 0,
      "ac_count": 0,
      "url": "https://183.250.108.194:500/OnlineJudge/problem_show.php?id=6267"
    },
    {
      "id": "6282",
      "title": "6282",
      "difficulty": 0,
      "pass_rate": 0,
      "ac_count": 0,
      "url": "https://183.250.108.194:500/OnlineJudge/problem_show.php?id=6282"
    },
    {
      "id": "6284",
      "title": "6284",
      "difficulty": 0,
      "pass_rate": 0,
      "ac_count": 0,
      "url": "https://183.250.108.194:500/OnlineJudge/problem_show.php?id=6284"
    },
    {
      "id": "6329",
      "title": "6329",
      "difficulty": 0,
      "pass_rate": 0,
      "ac_count": 0,
      "url": "https://183.250.108.194:500/OnlineJudge/problem_show.php?id=6329"
    },
    {
      "id": "6330",
      "title": "6330",
      "difficulty": 0,
      "pass_rate": 0,
      "ac_count": 0,
      "url": "https://183.250.108.194:500/OnlineJudge/problem_show.php?id=6330"
    },
    {
      "id": "6331",
      "title": "6331",
      "difficulty": 0,
      "pass_rate": 0,
      "ac_count": 0,
      "url": "https://183.250.108.194:500/OnlineJudge/problem_show.php?id=6331"
    },
    {
      "id": "6332",
      "title": "6332",
      "difficulty": 0,
      "pass_rate": 0,
      "ac_count": 0,
      "url": "https://183.250.108.194:500/OnlineJudge/problem_show.php?id=6332"
    },
    {
      "id": "6333",
      "title": "6333",
      "difficulty": 0,
      "pass_rate": 0,
      "ac_count": 0,
      "url": "https://183.250.108.194:500/OnlineJudge/problem_show.php?id=6333"
    },
    {
      "id": "6342",
      "title": "6342",
      "difficulty": 0,
      "pass_rate": 0,
      "ac_count": 0,
      "url": "https://183.250.108.194:500/OnlineJudge/problem_show.php?id=6342"
    },
    {
      "id": "6378",
      "title": "6378",
      "difficulty": 0,
      "pass_rate": 0,
      "ac_count": 0,
      "url": "https://183.250.108.194:500/OnlineJudge/problem_show.php?id=6378"
    },
    {
      "id": "6393",
      "title": "6393",
      "difficulty": 0,
      "pass_rate": 0,
      "ac_count": 0,
      "url": "https://183.250.108.194:500/OnlineJudge/problem_show.php?id=6393"
    },
    {
      "id": "6395",
      "title": "6395",
      "difficulty": 0,
      "pass_rate": 0,
      "ac_count": 0,
      "url": "https://183.250.108.194:500/OnlineJudge/problem_show.php?id=6395"
    },
    {
      "id": "6402",
      "title": "6402",
      "difficulty": 0,
      "pass_rate": 0,
      "ac_count": 0,
      "url": "https://183.250.108.194:500/OnlineJudge/problem_show.php?id=6402"
    },
    {
      "id": "6403",
      "title": "6403",
      "difficulty": 0,
      "pass_rate": 0,
      "ac_count": 0,
      "url": "https://183.250.108.194:500/OnlineJudge/problem_show.php?id=6403"
    },
    {
      "id": "6413",
      "title": "6413",
      "difficulty": 0,
      "pass_rate": 0,
      "ac_count": 0,
      "url": "https://183.250.108.194:500/OnlineJudge/problem_show.php?id=6413"
    },
    {
      "id": "6414",
      "title": "6414",
      "difficulty": 0,
      "pass_rate": 0,
      "ac_count": 0,
      "url": "https://183.250.108.194:500/OnlineJudge/problem_show.php?id=6414"
    },
    {
      "id": "6417",
      "title": "6417",
      "difficulty": 0,
      "pass_rate": 0,
      "ac_count": 0,
      "url": "https://183.250.108.194:500/OnlineJudge/problem_show.php?id=6417"
    },
    {
      "id": "6422",
      "title": "6422",
      "difficulty": 0,
      "pass_rate": 0,
      "ac_count": 0,
      "url": "https://183.250.108.194:500/OnlineJudge/problem_show.php?id=6422"
    },
    {
      "id": "6424",
      "title": "6424",
      "difficulty": 0,
      "pass_rate": 0,
      "ac_count": 0,
      "url": "https://183.250.108.194:500/OnlineJudge/problem_show.php?id=6424"
    },
    {
      "id": "6425",
      "title": "6425",
      "difficulty": 0,
      "pass_rate": 0,
      "ac_count": 0,
      "url": "https://183.250.108.194:500/OnlineJudge/problem_show.php?id=6425"
    },
    {
      "id": "6426",
      "title": "6426",
      "difficulty": 0,
      "pass_rate": 0,
      "ac_count": 0,
      "url": "https://183.250.108.194:500/OnlineJudge/problem_show.php?id=6426"
    },
    {
      "id": "6428",
      "title": "6428",
      "difficulty": 0,
      "pass_rate": 0,
      "ac_count": 0,
      "url": "https://183.250.108.194:500/OnlineJudge/problem_show.php?id=6428"
    },
    {
      "id": "6429",
      "title": "6429",
      "difficulty": 0,
      "pass_rate": 0,
      "ac_count": 0,
      "url": "https://183.250.108.194:500/OnlineJudge/problem_show.php?id=6429"
    },
    {
      "id": "6430",
      "title": "6430",
      "difficulty": 0,
      "pass_rate": 0,
      "ac_count": 0,
      "url": "https://183.250.108.194:500/OnlineJudge/problem_show.php?id=6430"
    },
    {
      "id": "6438",
      "title": "6438",
      "difficulty": 0,
      "pass_rate": 0,
      "ac_count": 0,
      "url": "https://183.250.108.194:500/OnlineJudge/problem_show.php?id=6438"
    },
    {
      "id": "6439",
      "title": "6439",
      "difficulty": 0,
      "pass_rate": 0,
      "ac_count": 0,
      "url": "https://183.250.108.194:500/OnlineJudge/problem_show.php?id=6439"
    },
    {
      "id": "6440",
      "title": "6440",
      "difficulty": 0,
      "pass_rate": 0,
      "ac_count": 0,
      "url": "https://183.250.108.194:500/OnlineJudge/problem_show.php?id=6440"
    },
    {
      "id": "6441",
      "title": "6441",
      "difficulty": 0,
      "pass_rate": 0,
      "ac_count": 0,
      "url": "https://183.250.108.194:500/OnlineJudge/problem_show.php?id=6441"
    },
    {
      "id": "6442",
      "title": "6442",
      "difficulty": 0,
      "pass_rate": 0,
      "ac_count": 0,
      "url": "https://183.250.108.194:500/OnlineJudge/problem_show.php?id=6442"
    },
    {
      "id": "6443",
      "title": "6443",
      "difficulty": 0,
      "pass_rate": 0,
      "ac_count": 0,
      "url": "https://183.250.108.194:500/OnlineJudge/problem_show.php?id=6443"
    },
    {
      "id": "6447",
      "title": "6447",
      "difficulty": 0,
      "pass_rate": 0,
      "ac_count": 0,
      "url": "https://183.250.108.194:500/OnlineJudge/problem_show.php?id=6447"
    },
    {
      "id": "6448",
      "title": "6448",
      "difficulty": 0,
      "pass_rate": 0,
      "ac_count": 0,
      "url": "https://183.250.108.194:500/OnlineJudge/problem_show.php?id=6448"
    },
    {
      "id": "6449",
      "title": "6449",
      "difficulty": 0,
      "pass_rate": 0,
      "ac_count": 0,
      "url": "https://183.250.108.194:500/OnlineJudge/problem_show.php?id=6449"
    },
    {
      "id": "6450",
      "title": "6450",
      "difficulty": 0,
      "pass_rate": 0,
      "ac_count": 0,
      "url": "https://183.250.108.194:500/OnlineJudge/problem_show.php?id=6450"
    },
    {
      "id": "6451",
      "title": "6451",
      "difficulty": 0,
      "pass_rate": 0,
      "ac_count": 0,
      "url": "https://183.250.108.194:500/OnlineJudge/problem_show.php?id=6451"
    },
    {
      "id": "6452",
      "title": "6452",
      "difficulty": 0,
      "pass_rate": 0,
      "ac_count": 0,
      "url": "https://183.250.108.194:500/OnlineJudge/problem_show.php?id=6452"
    },
    {
      "id": "6456",
      "title": "6456",
      "difficulty": 0,
      "pass_rate": 0,
      "ac_count": 0,
      "url": "https://183.250.108.194:500/OnlineJudge/problem_show.php?id=6456"
    },
    {
      "id": "6457",
      "title": "6457",
      "difficulty": 0,
      "pass_rate": 0,
      "ac_count": 0,
      "url": "https://183.250.108.194:500/OnlineJudge/problem_show.php?id=6457"
    },
    {
      "id": "6458",
      "title": "6458",
      "difficulty": 0,
      "pass_rate": 0,
      "ac_count": 0,
      "url": "https://183.250.108.194:500/OnlineJudge/problem_show.php?id=6458"
    },
    {
      "id": "6459",
      "title": "6459",
      "difficulty": 0,
      "pass_rate": 0,
      "ac_count": 0,
      "url": "https://183.250.108.194:500/OnlineJudge/problem_show.php?id=6459"
    },
    {
      "id": "6460",
      "title": "6460",
      "difficulty": 0,
      "pass_rate": 0,
      "ac_count": 0,
      "url": "https://183.250.108.194:500/OnlineJudge/problem_show.php?id=6460"
    },
    {
      "id": "6461",
      "title": "6461",
      "difficulty": 0,
      "pass_rate": 0,
      "ac_count": 0,
      "url": "https://183.250.108.194:500/OnlineJudge/problem_show.php?id=6461"
    },
    {
      "id": "6462",
      "title": "6462",
      "difficulty": 0,
      "pass_rate": 0,
      "ac_count": 0,
      "url": "https://183.250.108.194:500/OnlineJudge/problem_show.php?id=6462"
    },
    {
      "id": "6465",
      "title": "6465",
      "difficulty": 0,
      "pass_rate": 0,
      "ac_count": 0,
      "url": "https://183.250.108.194:500/OnlineJudge/problem_show.php?id=6465"
    },
    {
      "id": "6475",
      "title": "6475",
      "difficulty": 0,
      "pass_rate": 0,
      "ac_count": 0,
      "url": "https://183.250.108.194:500/OnlineJudge/problem_show.php?id=6475"
    },
    {
      "id": "6477",
      "title": "6477",
      "difficulty": 0,
      "pass_rate": 0,
      "ac_count": 0,
      "url": "https://183.250.108.194:500/OnlineJudge/problem_show.php?id=6477"
    },
    {
      "id": "6478",
      "title": "6478",
      "difficulty": 0,
      "pass_rate": 0,
      "ac_count": 0,
      "url": "https://183.250.108.194:500/OnlineJudge/problem_show.php?id=6478"
    },
    {
      "id": "6479",
      "title": "6479",
      "difficulty": 0,
      "pass_rate": 0,
      "ac_count": 0,
      "url": "https://183.250.108.194:500/OnlineJudge/problem_show.php?id=6479"
    },
    {
      "id": "6480",
      "title": "6480",
      "difficulty": 0,
      "pass_rate": 0,
      "ac_count": 0,
      "url": "https://183.250.108.194:500/OnlineJudge/problem_show.php?id=6480"
    },
    {
      "id": "6481",
      "title": "6481",
      "difficulty": 0,
      "pass_rate": 0,
      "ac_count": 0,
      "url": "https://183.250.108.194:500/OnlineJudge/problem_show.php?id=6481"
    },
    {
      "id": "6482",
      "title": "6482",
      "difficulty": 0,
      "pass_rate": 0,
      "ac_count": 0,
      "url": "https://183.250.108.194:500/OnlineJudge/problem_show.php?id=6482"
    },
    {
      "id": "6483",
      "title": "6483",
      "difficulty": 0,
      "pass_rate": 0,
      "ac_count": 0,
      "url": "https://183.250.108.194:500/OnlineJudge/problem_show.php?id=6483"
    },
    {
      "id": "6489",
      "title": "6489",
      "difficulty": 0,
      "pass_rate": 0,
      "ac_count": 0,
      "url": "https://183.250.108.194:500/OnlineJudge/problem_show.php?id=6489"
    },
    {
      "id": "6490",
      "title": "6490",
      "difficulty": 0,
      "pass_rate": 0,
      "ac_count": 0,
      "url": "https://183.250.108.194:500/OnlineJudge/problem_show.php?id=6490"
    },
    {
      "id": "6491",
      "title": "6491",
      "difficulty": 0,
      "pass_rate": 0,
      "ac_count": 0,
      "url": "https://183.250.108.194:500/OnlineJudge/problem_show.php?id=6491"
    },
    {
      "id": "6493",
      "title": "6493",
      "difficulty": 0,
      "pass_rate": 0,
      "ac_count": 0,
      "url": "https://183.250.108.194:500/OnlineJudge/problem_show.php?id=6493"
    },
    {
      "id": "6494",
      "title": "6494",
      "difficulty": 0,
      "pass_rate": 0,
      "ac_count": 0,
      "url": "https://183.250.108.194:500/OnlineJudge/problem_show.php?id=6494"
    },
    {
      "id": "6495",
      "title": "6495",
      "difficulty": 0,
      "pass_rate": 0,
      "ac_count": 0,
      "url": "https://183.250.108.194:500/OnlineJudge/problem_show.php?id=6495"
    },
    {
      "id": "6519",
      "title": "6519",
      "difficulty": 0,
      "pass_rate": 0,
      "ac_count": 0,
      "url": "https://183.250.108.194:500/OnlineJudge/problem_show.php?id=6519"
    },
    {
      "id": "6526",
      "title": "6526",
      "difficulty": 0,
      "pass_rate": 0,
      "ac_count": 0,
      "url": "https://183.250.108.194:500/OnlineJudge/problem_show.php?id=6526"
    },
    {
      "id": "6528",
      "title": "6528",
      "difficulty": 0,
      "pass_rate": 0,
      "ac_count": 0,
      "url": "https://183.250.108.194:500/OnlineJudge/problem_show.php?id=6528"
    },
    {
      "id": "6535",
      "title": "6535",
      "difficulty": 0,
      "pass_rate": 0,
      "ac_count": 0,
      "url": "https://183.250.108.194:500/OnlineJudge/problem_show.php?id=6535"
    },
    {
      "id": "6536",
      "title": "6536",
      "difficulty": 0,
      "pass_rate": 0,
      "ac_count": 0,
      "url": "https://183.250.108.194:500/OnlineJudge/problem_show.php?id=6536"
    },
    {
      "id": "6537",
      "title": "6537",
      "difficulty": 0,
      "pass_rate": 0,
      "ac_count": 0,
      "url": "https://183.250.108.194:500/OnlineJudge/problem_show.php?id=6537"
    },
    {
      "id": "6538",
      "title": "6538",
      "difficulty": 0,
      "pass_rate": 0,
      "ac_count": 0,
      "url": "https://183.250.108.194:500/OnlineJudge/problem_show.php?id=6538"
    },
    {
      "id": "6539",
      "title": "6539",
      "difficulty": 0,
      "pass_rate": 0,
      "ac_count": 0,
      "url": "https://183.250.108.194:500/OnlineJudge/problem_show.php?id=6539"
    },
    {
      "id": "6541",
      "title": "6541",
      "difficulty": 0,
      "pass_rate": 0,
      "ac_count": 0,
      "url": "https://183.250.108.194:500/OnlineJudge/problem_show.php?id=6541"
    },
    {
      "id": "6542",
      "title": "6542",
      "difficulty": 0,
      "pass_rate": 0,
      "ac_count": 0,
      "url": "https://183.250.108.194:500/OnlineJudge/problem_show.php?id=6542"
    },
    {
      "id": "6543",
      "title": "6543",
      "difficulty": 0,
      "pass_rate": 0,
      "ac_count": 0,
      "url": "https://183.250.108.194:500/OnlineJudge/problem_show.php?id=6543"
    },
    {
      "id": "6544",
      "title": "6544",
      "difficulty": 0,
      "pass_rate": 0,
      "ac_count": 0,
      "url": "https://183.250.108.194:500/OnlineJudge/problem_show.php?id=6544"
    },
    {
      "id": "6545",
      "title": "6545",
      "difficulty": 0,
      "pass_rate": 0,
      "ac_count": 0,
      "url": "https://183.250.108.194:500/OnlineJudge/problem_show.php?id=6545"
    },
    {
      "id": "6546",
      "title": "6546",
      "difficulty": 0,
      "pass_rate": 0,
      "ac_count": 0,
      "url": "https://183.250.108.194:500/OnlineJudge/problem_show.php?id=6546"
    },
    {
      "id": "6582",
      "title": "6582",
      "difficulty": 0,
      "pass_rate": 0,
      "ac_count": 0,
      "url": "https://183.250.108.194:500/OnlineJudge/problem_show.php?id=6582"
    },
    {
      "id": "6583",
      "title": "6583",
      "difficulty": 0,
      "pass_rate": 0,
      "ac_count": 0,
      "url": "https://183.250.108.194:500/OnlineJudge/problem_show.php?id=6583"
    },
    {
      "id": "6640",
      "title": "6640",
      "difficulty": 0,
      "pass_rate": 0,
      "ac_count": 0,
      "url": "https://183.250.108.194:500/OnlineJudge/problem_show.php?id=6640"
    },
    {
      "id": "6641",
      "title": "6641",
      "difficulty": 0,
      "pass_rate": 0,
      "ac_count": 0,
      "url": "https://183.250.108.194:500/OnlineJudge/problem_show.php?id=6641"
    },
    {
      "id": "6642",
      "title": "6642",
      "difficulty": 0,
      "pass_rate": 0,
      "ac_count": 0,
      "url": "https://183.250.108.194:500/OnlineJudge/problem_show.php?id=6642"
    },
    {
      "id": "6643",
      "title": "6643",
      "difficulty": 0,
      "pass_rate": 0,
      "ac_count": 0,
      "url": "https://183.250.108.194:500/OnlineJudge/problem_show.php?id=6643"
    },
    {
      "id": "6644",
      "title": "6644",
      "difficulty": 0,
      "pass_rate": 0,
      "ac_count": 0,
      "url": "https://183.250.108.194:500/OnlineJudge/problem_show.php?id=6644"
    },
    {
      "id": "6645",
      "title": "6645",
      "difficulty": 0,
      "pass_rate": 0,
      "ac_count": 0,
      "url": "https://183.250.108.194:500/OnlineJudge/problem_show.php?id=6645"
    },
    {
      "id": "6649",
      "title": "6649",
      "difficulty": 0,
      "pass_rate": 0,
      "ac_count": 0,
      "url": "https://183.250.108.194:500/OnlineJudge/problem_show.php?id=6649"
    },
    {
      "id": "6650",
      "title": "6650",
      "difficulty": 0,
      "pass_rate": 0,
      "ac_count": 0,
      "url": "https://183.250.108.194:500/OnlineJudge/problem_show.php?id=6650"
    },
    {
      "id": "6651",
      "title": "6651",
      "difficulty": 0,
      "pass_rate": 0,
      "ac_count": 0,
      "url": "https://183.250.108.194:500/OnlineJudge/problem_show.php?id=6651"
    },
    {
      "id": "6652",
      "title": "6652",
      "difficulty": 0,
      "pass_rate": 0,
      "ac_count": 0,
      "url": "https://183.250.108.194:500/OnlineJudge/problem_show.php?id=6652"
    },
    {
      "id": "6653",
      "title": "6653",
      "difficulty": 0,
      "pass_rate": 0,
      "ac_count": 0,
      "url": "https://183.250.108.194:500/OnlineJudge/problem_show.php?id=6653"
    },
    {
      "id": "6654",
      "title": "6654",
      "difficulty": 0,
      "pass_rate": 0,
      "ac_count": 0,
      "url": "https://183.250.108.194:500/OnlineJudge/problem_show.php?id=6654"
    },
    {
      "id": "6658",
      "title": "6658",
      "difficulty": 0,
      "pass_rate": 0,
      "ac_count": 0,
      "url": "https://183.250.108.194:500/OnlineJudge/problem_show.php?id=6658"
    },
    {
      "id": "6659",
      "title": "6659",
      "difficulty": 0,
      "pass_rate": 0,
      "ac_count": 0,
      "url": "https://183.250.108.194:500/OnlineJudge/problem_show.php?id=6659"
    },
    {
      "id": "6660",
      "title": "6660",
      "difficulty": 0,
      "pass_rate": 0,
      "ac_count": 0,
      "url": "https://183.250.108.194:500/OnlineJudge/problem_show.php?id=6660"
    },
    {
      "id": "6661",
      "title": "6661",
      "difficulty": 0,
      "pass_rate": 0,
      "ac_count": 0,
      "url": "https://183.250.108.194:500/OnlineJudge/problem_show.php?id=6661"
    },
    {
      "id": "6662",
      "title": "6662",
      "difficulty": 0,
      "pass_rate": 0,
      "ac_count": 0,
      "url": "https://183.250.108.194:500/OnlineJudge/problem_show.php?id=6662"
    },
    {
      "id": "6663",
      "title": "6663",
      "difficulty": 0,
      "pass_rate": 0,
      "ac_count": 0,
      "url": "https://183.250.108.194:500/OnlineJudge/problem_show.php?id=6663"
    },
    {
      "id": "6687",
      "title": "6687",
      "difficulty": 0,
      "pass_rate": 0,
      "ac_count": 0,
      "url": "https://183.250.108.194:500/OnlineJudge/problem_show.php?id=6687"
    },
    {
      "id": "6688",
      "title": "6688",
      "difficulty": 0,
      "pass_rate": 0,
      "ac_count": 0,
      "url": "https://183.250.108.194:500/OnlineJudge/problem_show.php?id=6688"
    },
    {
      "id": "6689",
      "title": "6689",
      "difficulty": 0,
      "pass_rate": 0,
      "ac_count": 0,
      "url": "https://183.250.108.194:500/OnlineJudge/problem_show.php?id=6689"
    },
    {
      "id": "6690",
      "title": "6690",
      "difficulty": 0,
      "pass_rate": 0,
      "ac_count": 0,
      "url": "https://183.250.108.194:500/OnlineJudge/problem_show.php?id=6690"
    },
    {
      "id": "6691",
      "title": "6691",
      "difficulty": 0,
      "pass_rate": 0,
      "ac_count": 0,
      "url": "https://183.250.108.194:500/OnlineJudge/problem_show.php?id=6691"
    },
    {
      "id": "6693",
      "title": "6693",
      "difficulty": 0,
      "pass_rate": 0,
      "ac_count": 0,
      "url": "https://183.250.108.194:500/OnlineJudge/problem_show.php?id=6693"
    },
    {
      "id": "6694",
      "title": "6694",
      "difficulty": 0,
      "pass_rate": 0,
      "ac_count": 0,
      "url": "https://183.250.108.194:500/OnlineJudge/problem_show.php?id=6694"
    },
    {
      "id": "6695",
      "title": "6695",
      "difficulty": 0,
      "pass_rate": 0,
      "ac_count": 0,
      "url": "https://183.250.108.194:500/OnlineJudge/problem_show.php?id=6695"
    },
    {
      "id": "6696",
      "title": "6696",
      "difficulty": 0,
      "pass_rate": 0,
      "ac_count": 0,
      "url": "https://183.250.108.194:500/OnlineJudge/problem_show.php?id=6696"
    },
    {
      "id": "6697",
      "title": "6697",
      "difficulty": 0,
      "pass_rate": 0,
      "ac_count": 0,
      "url": "https://183.250.108.194:500/OnlineJudge/problem_show.php?id=6697"
    },
    {
      "id": "6698",
      "title": "6698",
      "difficulty": 0,
      "pass_rate": 0,
      "ac_count": 0,
      "url": "https://183.250.108.194:500/OnlineJudge/problem_show.php?id=6698"
    },
    {
      "id": "6702",
      "title": "6702",
      "difficulty": 0,
      "pass_rate": 0,
      "ac_count": 0,
      "url": "https://183.250.108.194:500/OnlineJudge/problem_show.php?id=6702"
    },
    {
      "id": "6704",
      "title": "6704",
      "difficulty": 0,
      "pass_rate": 0,
      "ac_count": 0,
      "url": "https://183.250.108.194:500/OnlineJudge/problem_show.php?id=6704"
    },
    {
      "id": "6726",
      "title": "6726",
      "difficulty": 0,
      "pass_rate": 0,
      "ac_count": 0,
      "url": "https://183.250.108.194:500/OnlineJudge/problem_show.php?id=6726"
    },
    {
      "id": "6727",
      "title": "6727",
      "difficulty": 0,
      "pass_rate": 0,
      "ac_count": 0,
      "url": "https://183.250.108.194:500/OnlineJudge/problem_show.php?id=6727"
    },
    {
      "id": "6732",
      "title": "6732",
      "difficulty": 0,
      "pass_rate": 0,
      "ac_count": 0,
      "url": "https://183.250.108.194:500/OnlineJudge/problem_show.php?id=6732"
    },
    {
      "id": "6734",
      "title": "6734",
      "difficulty": 0,
      "pass_rate": 0,
      "ac_count": 0,
      "url": "https://183.250.108.194:500/OnlineJudge/problem_show.php?id=6734"
    },
    {
      "id": "6735",
      "title": "6735",
      "difficulty": 0,
      "pass_rate": 0,
      "ac_count": 0,
      "url": "https://183.250.108.194:500/OnlineJudge/problem_show.php?id=6735"
    },
    {
      "id": "6736",
      "title": "6736",
      "difficulty": 0,
      "pass_rate": 0,
      "ac_count": 0,
      "url": "https://183.250.108.194:500/OnlineJudge/problem_show.php?id=6736"
    },
    {
      "id": "6737",
      "title": "6737",
      "difficulty": 0,
      "pass_rate": 0,
      "ac_count": 0,
      "url": "https://183.250.108.194:500/OnlineJudge/problem_show.php?id=6737"
    },
    {
      "id": "6738",
      "title": "6738",
      "difficulty": 0,
      "pass_rate": 0,
      "ac_count": 0,
      "url": "https://183.250.108.194:500/OnlineJudge/problem_show.php?id=6738"
    },
    {
      "id": "6739",
      "title": "6739",
      "difficulty": 0,
      "pass_rate": 0,
      "ac_count": 0,
      "url": "https://183.250.108.194:500/OnlineJudge/problem_show.php?id=6739"
    },
    {
      "id": "6740",
      "title": "6740",
      "difficulty": 0,
      "pass_rate": 0,
      "ac_count": 0,
      "url": "https://183.250.108.194:500/OnlineJudge/problem_show.php?id=6740"
    },
    {
      "id": "6741",
      "title": "6741",
      "difficulty": 0,
      "pass_rate": 0,
      "ac_count": 0,
      "url": "https://183.250.108.194:500/OnlineJudge/problem_show.php?id=6741"
    },
    {
      "id": "6744",
      "title": "6744",
      "difficulty": 0,
      "pass_rate": 0,
      "ac_count": 0,
      "url": "https://183.250.108.194:500/OnlineJudge/problem_show.php?id=6744"
    },
    {
      "id": "6745",
      "title": "6745",
      "difficulty": 0,
      "pass_rate": 0,
      "ac_count": 0,
      "url": "https://183.250.108.194:500/OnlineJudge/problem_show.php?id=6745"
    },
    {
      "id": "6746",
      "title": "6746",
      "difficulty": 0,
      "pass_rate": 0,
      "ac_count": 0,
      "url": "https://183.250.108.194:500/OnlineJudge/problem_show.php?id=6746"
    },
    {
      "id": "6747",
      "title": "6747",
      "difficulty": 0,
      "pass_rate": 0,
      "ac_count": 0,
      "url": "https://183.250.108.194:500/OnlineJudge/problem_show.php?id=6747"
    },
    {
      "id": "6748",
      "title": "6748",
      "difficulty": 0,
      "pass_rate": 0,
      "ac_count": 0,
      "url": "https://183.250.108.194:500/OnlineJudge/problem_show.php?id=6748"
    },
    {
      "id": "6750",
      "title": "6750",
      "difficulty": 0,
      "pass_rate": 0,
      "ac_count": 0,
      "url": "https://183.250.108.194:500/OnlineJudge/problem_show.php?id=6750"
    },
    {
      "id": "6751",
      "title": "6751",
      "difficulty": 0,
      "pass_rate": 0,
      "ac_count": 0,
      "url": "https://183.250.108.194:500/OnlineJudge/problem_show.php?id=6751"
    },
    {
      "id": "6752",
      "title": "6752",
      "difficulty": 0,
      "pass_rate": 0,
      "ac_count": 0,
      "url": "https://183.250.108.194:500/OnlineJudge/problem_show.php?id=6752"
    },
    {
      "id": "6753",
      "title": "6753",
      "difficulty": 0,
      "pass_rate": 0,
      "ac_count": 0,
      "url": "https://183.250.108.194:500/OnlineJudge/problem_show.php?id=6753"
    },
    {
      "id": "6754",
      "title": "6754",
      "difficulty": 0,
      "pass_rate": 0,
      "ac_count": 0,
      "url": "https://183.250.108.194:500/OnlineJudge/problem_show.php?id=6754"
    },
    {
      "id": "6755",
      "title": "6755",
      "difficulty": 0,
      "pass_rate": 0,
      "ac_count": 0,
      "url": "https://183.250.108.194:500/OnlineJudge/problem_show.php?id=6755"
    },
    {
      "id": "6756",
      "title": "6756",
      "difficulty": 0,
      "pass_rate": 0,
      "ac_count": 0,
      "url": "https://183.250.108.194:500/OnlineJudge/problem_show.php?id=6756"
    },
    {
      "id": "6757",
      "title": "6757",
      "difficulty": 0,
      "pass_rate": 0,
      "ac_count": 0,
      "url": "https://183.250.108.194:500/OnlineJudge/problem_show.php?id=6757"
    },
    {
      "id": "6758",
      "title": "6758",
      "difficulty": 0,
      "pass_rate": 0,
      "ac_count": 0,
      "url": "https://183.250.108.194:500/OnlineJudge/problem_show.php?id=6758"
    },
    {
      "id": "6759",
      "title": "6759",
      "difficulty": 0,
      "pass_rate": 0,
      "ac_count": 0,
      "url": "https://183.250.108.194:500/OnlineJudge/problem_show.php?id=6759"
    },
    {
      "id": "6760",
      "title": "6760",
      "difficulty": 0,
      "pass_rate": 0,
      "ac_count": 0,
      "url": "https://183.250.108.194:500/OnlineJudge/problem_show.php?id=6760"
    },
    {
      "id": "6761",
      "title": "6761",
      "difficulty": 0,
      "pass_rate": 0,
      "ac_count": 0,
      "url": "https://183.250.108.194:500/OnlineJudge/problem_show.php?id=6761"
    },
    {
      "id": "6762",
      "title": "6762",
      "difficulty": 0,
      "pass_rate": 0,
      "ac_count": 0,
      "url": "https://183.250.108.194:500/OnlineJudge/problem_show.php?id=6762"
    },
    {
      "id": "6763",
      "title": "6763",
      "difficulty": 0,
      "pass_rate": 0,
      "ac_count": 0,
      "url": "https://183.250.108.194:500/OnlineJudge/problem_show.php?id=6763"
    },
    {
      "id": "6764",
      "title": "6764",
      "difficulty": 0,
      "pass_rate": 0,
      "ac_count": 0,
      "url": "https://183.250.108.194:500/OnlineJudge/problem_show.php?id=6764"
    },
    {
      "id": "6765",
      "title": "6765",
      "difficulty": 0,
      "pass_rate": 0,
      "ac_count": 0,
      "url": "https://183.250.108.194:500/OnlineJudge/problem_show.php?id=6765"
    },
    {
      "id": "6766",
      "title": "6766",
      "difficulty": 0,
      "pass_rate": 0,
      "ac_count": 0,
      "url": "https://183.250.108.194:500/OnlineJudge/problem_show.php?id=6766"
    },
    {
      "id": "6767",
      "title": "6767",
      "difficulty": 0,
      "pass_rate": 0,
      "ac_count": 0,
      "url": "https://183.250.108.194:500/OnlineJudge/problem_show.php?id=6767"
    },
    {
      "id": "6769",
      "title": "6769",
      "difficulty": 0,
      "pass_rate": 0,
      "ac_count": 0,
      "url": "https://183.250.108.194:500/OnlineJudge/problem_show.php?id=6769"
    },
    {
      "id": "6770",
      "title": "6770",
      "difficulty": 0,
      "pass_rate": 0,
      "ac_count": 0,
      "url": "https://183.250.108.194:500/OnlineJudge/problem_show.php?id=6770"
    },
    {
      "id": "6773",
      "title": "6773",
      "difficulty": 0,
      "pass_rate": 0,
      "ac_count": 0,
      "url": "https://183.250.108.194:500/OnlineJudge/problem_show.php?id=6773"
    },
    {
      "id": "6774",
      "title": "6774",
      "difficulty": 0,
      "pass_rate": 0,
      "ac_count": 0,
      "url": "https://183.250.108.194:500/OnlineJudge/problem_show.php?id=6774"
    },
    {
      "id": "6776",
      "title": "6776",
      "difficulty": 0,
      "pass_rate": 0,
      "ac_count": 0,
      "url": "https://183.250.108.194:500/OnlineJudge/problem_show.php?id=6776"
    },
    {
      "id": "6777",
      "title": "6777",
      "difficulty": 0,
      "pass_rate": 0,
      "ac_count": 0,
      "url": "https://183.250.108.194:500/OnlineJudge/problem_show.php?id=6777"
    },
    {
      "id": "6778",
      "title": "6778",
      "difficulty": 0,
      "pass_rate": 0,
      "ac_count": 0,
      "url": "https://183.250.108.194:500/OnlineJudge/problem_show.php?id=6778"
    },
    {
      "id": "6779",
      "title": "6779",
      "difficulty": 0,
      "pass_rate": 0,
      "ac_count": 0,
      "url": "https://183.250.108.194:500/OnlineJudge/problem_show.php?id=6779"
    },
    {
      "id": "6780",
      "title": "6780",
      "difficulty": 0,
      "pass_rate": 0,
      "ac_count": 0,
      "url": "https://183.250.108.194:500/OnlineJudge/problem_show.php?id=6780"
    },
    {
      "id": "6782",
      "title": "6782",
      "difficulty": 0,
      "pass_rate": 0,
      "ac_count": 0,
      "url": "https://183.250.108.194:500/OnlineJudge/problem_show.php?id=6782"
    },
    {
      "id": "6783",
      "title": "6783",
      "difficulty": 0,
      "pass_rate": 0,
      "ac_count": 0,
      "url": "https://183.250.108.194:500/OnlineJudge/problem_show.php?id=6783"
    },
    {
      "id": "6790",
      "title": "6790",
      "difficulty": 0,
      "pass_rate": 0,
      "ac_count": 0,
      "url": "https://183.250.108.194:500/OnlineJudge/problem_show.php?id=6790"
    },
    {
      "id": "6791",
      "title": "6791",
      "difficulty": 0,
      "pass_rate": 0,
      "ac_count": 0,
      "url": "https://183.250.108.194:500/OnlineJudge/problem_show.php?id=6791"
    },
    {
      "id": "6793",
      "title": "6793",
      "difficulty": 0,
      "pass_rate": 0,
      "ac_count": 0,
      "url": "https://183.250.108.194:500/OnlineJudge/problem_show.php?id=6793"
    },
    {
      "id": "6794",
      "title": "6794",
      "difficulty": 0,
      "pass_rate": 0,
      "ac_count": 0,
      "url": "https://183.250.108.194:500/OnlineJudge/problem_show.php?id=6794"
    },
    {
      "id": "6795",
      "title": "6795",
      "difficulty": 0,
      "pass_rate": 0,
      "ac_count": 0,
      "url": "https://183.250.108.194:500/OnlineJudge/problem_show.php?id=6795"
    },
    {
      "id": "6796",
      "title": "6796",
      "difficulty": 0,
      "pass_rate": 0,
      "ac_count": 0,
      "url": "https://183.250.108.194:500/OnlineJudge/problem_show.php?id=6796"
    },
    {
      "id": "6798",
      "title": "6798",
      "difficulty": 0,
      "pass_rate": 0,
      "ac_count": 0,
      "url": "https://183.250.108.194:500/OnlineJudge/problem_show.php?id=6798"
    },
    {
      "id": "6802",
      "title": "6802",
      "difficulty": 0,
      "pass_rate": 0,
      "ac_count": 0,
      "url": "https://183.250.108.194:500/OnlineJudge/problem_show.php?id=6802"
    },
    {
      "id": "6803",
      "title": "6803",
      "difficulty": 0,
      "pass_rate": 0,
      "ac_count": 0,
      "url": "https://183.250.108.194:500/OnlineJudge/problem_show.php?id=6803"
    },
    {
      "id": "6806",
      "title": "6806",
      "difficulty": 0,
      "pass_rate": 0,
      "ac_count": 0,
      "url": "https://183.250.108.194:500/OnlineJudge/problem_show.php?id=6806"
    },
    {
      "id": "6807",
      "title": "6807",
      "difficulty": 0,
      "pass_rate": 0,
      "ac_count": 0,
      "url": "https://183.250.108.194:500/OnlineJudge/problem_show.php?id=6807"
    },
    {
      "id": "6808",
      "title": "6808",
      "difficulty": 0,
      "pass_rate": 0,
      "ac_count": 0,
      "url": "https://183.250.108.194:500/OnlineJudge/problem_show.php?id=6808"
    },
    {
      "id": "6809",
      "title": "6809",
      "difficulty": 0,
      "pass_rate": 0,
      "ac_count": 0,
      "url": "https://183.250.108.194:500/OnlineJudge/problem_show.php?id=6809"
    },
    {
      "id": "6815",
      "title": "6815",
      "difficulty": 0,
      "pass_rate": 0,
      "ac_count": 0,
      "url": "https://183.250.108.194:500/OnlineJudge/problem_show.php?id=6815"
    },
    {
      "id": "6816",
      "title": "6816",
      "difficulty": 0,
      "pass_rate": 0,
      "ac_count": 0,
      "url": "https://183.250.108.194:500/OnlineJudge/problem_show.php?id=6816"
    },
    {
      "id": "6817",
      "title": "6817",
      "difficulty": 0,
      "pass_rate": 0,
      "ac_count": 0,
      "url": "https://183.250.108.194:500/OnlineJudge/problem_show.php?id=6817"
    },
    {
      "id": "6818",
      "title": "6818",
      "difficulty": 0,
      "pass_rate": 0,
      "ac_count": 0,
      "url": "https://183.250.108.194:500/OnlineJudge/problem_show.php?id=6818"
    },
    {
      "id": "6819",
      "title": "6819",
      "difficulty": 0,
      "pass_rate": 0,
      "ac_count": 0,
      "url": "https://183.250.108.194:500/OnlineJudge/problem_show.php?id=6819"
    },
    {
      "id": "6824",
      "title": "6824",
      "difficulty": 0,
      "pass_rate": 0,
      "ac_count": 0,
      "url": "https://183.250.108.194:500/OnlineJudge/problem_show.php?id=6824"
    },
    {
      "id": "6825",
      "title": "6825",
      "difficulty": 0,
      "pass_rate": 0,
      "ac_count": 0,
      "url": "https://183.250.108.194:500/OnlineJudge/problem_show.php?id=6825"
    },
    {
      "id": "6826",
      "title": "6826",
      "difficulty": 0,
      "pass_rate": 0,
      "ac_count": 0,
      "url": "https://183.250.108.194:500/OnlineJudge/problem_show.php?id=6826"
    },
    {
      "id": "6827",
      "title": "6827",
      "difficulty": 0,
      "pass_rate": 0,
      "ac_count": 0,
      "url": "https://183.250.108.194:500/OnlineJudge/problem_show.php?id=6827"
    },
    {
      "id": "6833",
      "title": "6833",
      "difficulty": 0,
      "pass_rate": 0,
      "ac_count": 0,
      "url": "https://183.250.108.194:500/OnlineJudge/problem_show.php?id=6833"
    },
    {
      "id": "6834",
      "title": "6834",
      "difficulty": 0,
      "pass_rate": 0,
      "ac_count": 0,
      "url": "https://183.250.108.194:500/OnlineJudge/problem_show.php?id=6834"
    },
    {
      "id": "6835",
      "title": "6835",
      "difficulty": 0,
      "pass_rate": 0,
      "ac_count": 0,
      "url": "https://183.250.108.194:500/OnlineJudge/problem_show.php?id=6835"
    },
    {
      "id": "6836",
      "title": "6836",
      "difficulty": 0,
      "pass_rate": 0,
      "ac_count": 0,
      "url": "https://183.250.108.194:500/OnlineJudge/problem_show.php?id=6836"
    },
    {
      "id": "6842",
      "title": "6842",
      "difficulty": 0,
      "pass_rate": 0,
      "ac_count": 0,
      "url": "https://183.250.108.194:500/OnlineJudge/problem_show.php?id=6842"
    },
    {
      "id": "6843",
      "title": "6843",
      "difficulty": 0,
      "pass_rate": 0,
      "ac_count": 0,
      "url": "https://183.250.108.194:500/OnlineJudge/problem_show.php?id=6843"
    },
    {
      "id": "6844",
      "title": "6844",
      "difficulty": 0,
      "pass_rate": 0,
      "ac_count": 0,
      "url": "https://183.250.108.194:500/OnlineJudge/problem_show.php?id=6844"
    },
    {
      "id": "6848",
      "title": "6848",
      "difficulty": 0,
      "pass_rate": 0,
      "ac_count": 0,
      "url": "https://183.250.108.194:500/OnlineJudge/problem_show.php?id=6848"
    },
    {
      "id": "6849",
      "title": "6849",
      "difficulty": 0,
      "pass_rate": 0,
      "ac_count": 0,
      "url": "https://183.250.108.194:500/OnlineJudge/problem_show.php?id=6849"
    },
    {
      "id": "6850",
      "title": "6850",
      "difficulty": 0,
      "pass_rate": 0,
      "ac_count": 0,
      "url": "https://183.250.108.194:500/OnlineJudge/problem_show.php?id=6850"
    },
    {
      "id": "6852",
      "title": "6852",
      "difficulty": 0,
      "pass_rate": 0,
      "ac_count": 0,
      "url": "https://183.250.108.194:500/OnlineJudge/problem_show.php?id=6852"
    },
    {
      "id": "6853",
      "title": "6853",
      "difficulty": 0,
      "pass_rate": 0,
      "ac_count": 0,
      "url": "https://183.250.108.194:500/OnlineJudge/problem_show.php?id=6853"
    },
    {
      "id": "6854",
      "title": "6854",
      "difficulty": 0,
      "pass_rate": 0,
      "ac_count": 0,
      "url": "https://183.250.108.194:500/OnlineJudge/problem_show.php?id=6854"
    },
    {
      "id": "6856",
      "title": "6856",
      "difficulty": 0,
      "pass_rate": 0,
      "ac_count": 0,
      "url": "https://183.250.108.194:500/OnlineJudge/problem_show.php?id=6856"
    },
    {
      "id": "6861",
      "title": "6861",
      "difficulty": 0,
      "pass_rate": 0,
      "ac_count": 0,
      "url": "https://183.250.108.194:500/OnlineJudge/problem_show.php?id=6861"
    },
    {
      "id": "6865",
      "title": "6865",
      "difficulty": 0,
      "pass_rate": 0,
      "ac_count": 0,
      "url": "https://183.250.108.194:500/OnlineJudge/problem_show.php?id=6865"
    },
    {
      "id": "6866",
      "title": "6866",
      "difficulty": 0,
      "pass_rate": 0,
      "ac_count": 0,
      "url": "https://183.250.108.194:500/OnlineJudge/problem_show.php?id=6866"
    },
    {
      "id": "6869",
      "title": "6869",
      "difficulty": 0,
      "pass_rate": 0,
      "ac_count": 0,
      "url": "https://183.250.108.194:500/OnlineJudge/problem_show.php?id=6869"
    },
    {
      "id": "6870",
      "title": "6870",
      "difficulty": 0,
      "pass_rate": 0,
      "ac_count": 0,
      "url": "https://183.250.108.194:500/OnlineJudge/problem_show.php?id=6870"
    },
    {
      "id": "6871",
      "title": "6871",
      "difficulty": 0,
      "pass_rate": 0,
      "ac_count": 0,
      "url": "https://183.250.108.194:500/OnlineJudge/problem_show.php?id=6871"
    },
    {
      "id": "6873",
      "title": "6873",
      "difficulty": 0,
      "pass_rate": 0,
      "ac_count": 0,
      "url": "https://183.250.108.194:500/OnlineJudge/problem_show.php?id=6873"
    },
    {
      "id": "6874",
      "title": "6874",
      "difficulty": 0,
      "pass_rate": 0,
      "ac_count": 0,
      "url": "https://183.250.108.194:500/OnlineJudge/problem_show.php?id=6874"
    },
    {
      "id": "6875",
      "title": "6875",
      "difficulty": 0,
      "pass_rate": 0,
      "ac_count": 0,
      "url": "https://183.250.108.194:500/OnlineJudge/problem_show.php?id=6875"
    },
    {
      "id": "6876",
      "title": "6876",
      "difficulty": 0,
      "pass_rate": 0,
      "ac_count": 0,
      "url": "https://183.250.108.194:500/OnlineJudge/problem_show.php?id=6876"
    },
    {
      "id": "6878",
      "title": "6878",
      "difficulty": 0,
      "pass_rate": 0,
      "ac_count": 0,
      "url": "https://183.250.108.194:500/OnlineJudge/problem_show.php?id=6878"
    },
    {
      "id": "6880",
      "title": "6880",
      "difficulty": 0,
      "pass_rate": 0,
      "ac_count": 0,
      "url": "https://183.250.108.194:500/OnlineJudge/problem_show.php?id=6880"
    },
    {
      "id": "6914",
      "title": "6914",
      "difficulty": 0,
      "pass_rate": 0,
      "ac_count": 0,
      "url": "https://183.250.108.194:500/OnlineJudge/problem_show.php?id=6914"
    },
    {
      "id": "6918",
      "title": "6918",
      "difficulty": 0,
      "pass_rate": 0,
      "ac_count": 0,
      "url": "https://183.250.108.194:500/OnlineJudge/problem_show.php?id=6918"
    },
    {
      "id": "6922",
      "title": "6922",
      "difficulty": 0,
      "pass_rate": 0,
      "ac_count": 0,
      "url": "https://183.250.108.194:500/OnlineJudge/problem_show.php?id=6922"
    },
    {
      "id": "6923",
      "title": "6923",
      "difficulty": 0,
      "pass_rate": 0,
      "ac_count": 0,
      "url": "https://183.250.108.194:500/OnlineJudge/problem_show.php?id=6923"
    },
    {
      "id": "6926",
      "title": "6926",
      "difficulty": 0,
      "pass_rate": 0,
      "ac_count": 0,
      "url": "https://183.250.108.194:500/OnlineJudge/problem_show.php?id=6926"
    },
    {
      "id": "6927",
      "title": "6927",
      "difficulty": 0,
      "pass_rate": 0,
      "ac_count": 0,
      "url": "https://183.250.108.194:500/OnlineJudge/problem_show.php?id=6927"
    },
    {
      "id": "6937",
      "title": "6937",
      "difficulty": 0,
      "pass_rate": 0,
      "ac_count": 0,
      "url": "https://183.250.108.194:500/OnlineJudge/problem_show.php?id=6937"
    },
    {
      "id": "6938",
      "title": "6938",
      "difficulty": 0,
      "pass_rate": 0,
      "ac_count": 0,
      "url": "https://183.250.108.194:500/OnlineJudge/problem_show.php?id=6938"
    },
    {
      "id": "6939",
      "title": "6939",
      "difficulty": 0,
      "pass_rate": 0,
      "ac_count": 0,
      "url": "https://183.250.108.194:500/OnlineJudge/problem_show.php?id=6939"
    },
    {
      "id": "6940",
      "title": "6940",
      "difficulty": 0,
      "pass_rate": 0,
      "ac_count": 0,
      "url": "https://183.250.108.194:500/OnlineJudge/problem_show.php?id=6940"
    },
    {
      "id": "6941",
      "title": "6941",
      "difficulty": 0,
      "pass_rate": 0,
      "ac_count": 0,
      "url": "https://183.250.108.194:500/OnlineJudge/problem_show.php?id=6941"
    },
    {
      "id": "6942",
      "title": "6942",
      "difficulty": 0,
      "pass_rate": 0,
      "ac_count": 0,
      "url": "https://183.250.108.194:500/OnlineJudge/problem_show.php?id=6942"
    },
    {
      "id": "6946",
      "title": "6946",
      "difficulty": 0,
      "pass_rate": 0,
      "ac_count": 0,
      "url": "https://183.250.108.194:500/OnlineJudge/problem_show.php?id=6946"
    },
    {
      "id": "6947",
      "title": "6947",
      "difficulty": 0,
      "pass_rate": 0,
      "ac_count": 0,
      "url": "https://183.250.108.194:500/OnlineJudge/problem_show.php?id=6947"
    },
    {
      "id": "6948",
      "title": "6948",
      "difficulty": 0,
      "pass_rate": 0,
      "ac_count": 0,
      "url": "https://183.250.108.194:500/OnlineJudge/problem_show.php?id=6948"
    },
    {
      "id": "6949",
      "title": "6949",
      "difficulty": 0,
      "pass_rate": 0,
      "ac_count": 0,
      "url": "https://183.250.108.194:500/OnlineJudge/problem_show.php?id=6949"
    },
    {
      "id": "6950",
      "title": "6950",
      "difficulty": 0,
      "pass_rate": 0,
      "ac_count": 0,
      "url": "https://183.250.108.194:500/OnlineJudge/problem_show.php?id=6950"
    },
    {
      "id": "6951",
      "title": "6951",
      "difficulty": 0,
      "pass_rate": 0,
      "ac_count": 0,
      "url": "https://183.250.108.194:500/OnlineJudge/problem_show.php?id=6951"
    },
    {
      "id": "6955",
      "title": "6955",
      "difficulty": 0,
      "pass_rate": 0,
      "ac_count": 0,
      "url": "https://183.250.108.194:500/OnlineJudge/problem_show.php?id=6955"
    },
    {
      "id": "6956",
      "title": "6956",
      "difficulty": 0,
      "pass_rate": 0,
      "ac_count": 0,
      "url": "https://183.250.108.194:500/OnlineJudge/problem_show.php?id=6956"
    },
    {
      "id": "6957",
      "title": "6957",
      "difficulty": 0,
      "pass_rate": 0,
      "ac_count": 0,
      "url": "https://183.250.108.194:500/OnlineJudge/problem_show.php?id=6957"
    },
    {
      "id": "6958",
      "title": "6958",
      "difficulty": 0,
      "pass_rate": 0,
      "ac_count": 0,
      "url": "https://183.250.108.194:500/OnlineJudge/problem_show.php?id=6958"
    },
    {
      "id": "6959",
      "title": "6959",
      "difficulty": 0,
      "pass_rate": 0,
      "ac_count": 0,
      "url": "https://183.250.108.194:500/OnlineJudge/problem_show.php?id=6959"
    },
    {
      "id": "6991",
      "title": "6991",
      "difficulty": 0,
      "pass_rate": 0,
      "ac_count": 0,
      "url": "https://183.250.108.194:500/OnlineJudge/problem_show.php?id=6991"
    },
    {
      "id": "6992",
      "title": "6992",
      "difficulty": 0,
      "pass_rate": 0,
      "ac_count": 0,
      "url": "https://183.250.108.194:500/OnlineJudge/problem_show.php?id=6992"
    },
    {
      "id": "6995",
      "title": "6995",
      "difficulty": 0,
      "pass_rate": 0,
      "ac_count": 0,
      "url": "https://183.250.108.194:500/OnlineJudge/problem_show.php?id=6995"
    },
    {
      "id": "6997",
      "title": "6997",
      "difficulty": 0,
      "pass_rate": 0,
      "ac_count": 0,
      "url": "https://183.250.108.194:500/OnlineJudge/problem_show.php?id=6997"
    }
  ],
  "activityData": [
    {
      "day": "2023-11",
      "1": 0,
      "2": 0,
      "3": 0,
      "4": 1,
      "5": 2,
      "6": 0,
      "7": 0,
      "8": 0,
      "9": 0,
      "10": 0,
      "total": 3
    },
    {
      "day": "2023-12",
      "1": 0,
      "2": 1,
      "3": 3,
      "4": 8,
      "5": 3,
      "6": 1,
      "7": 0,
      "8": 0,
      "9": 0,
      "10": 0,
      "total": 16
    },
    {
      "day": "2024-01",
      "1": 1,
      "2": 1,
      "3": 4,
      "4": 12,
      "5": 6,
      "6": 1,
      "7": 0,
      "8": 0,
      "9": 0,
      "10": 0,
      "total": 25
    },
    {
      "day": "2024-02",
      "1": 16,
      "2": 25,
      "3": 14,
      "4": 17,
      "5": 7,
      "6": 3,
      "7": 1,
      "8": 0,
      "9": 0,
      "10": 0,
      "total": 83
    },
    {
      "day": "2024-03",
      "1": 16,
      "2": 25,
      "3": 19,
      "4": 20,
      "5": 8,
      "6": 5,
      "7": 1,
      "8": 0,
      "9": 0,
      "10": 0,
      "total": 94
    },
    {
      "day": "2024-04",
      "1": 16,
      "2": 25,
      "3": 21,
      "4": 21,
      "5": 9,
      "6": 5,
      "7": 1,
      "8": 0,
      "9": 0,
      "10": 0,
      "total": 98
    },
    {
      "day": "2024-05",
      "1": 16,
      "2": 25,
      "3": 26,
      "4": 24,
      "5": 11,
      "6": 5,
      "7": 1,
      "8": 0,
      "9": 0,
      "10": 0,
      "total": 108
    },
    {
      "day": "2024-06",
      "1": 16,
      "2": 25,
      "3": 29,
      "4": 25,
      "5": 13,
      "6": 5,
      "7": 1,
      "8": 0,
      "9": 0,
      "10": 0,
      "total": 114
    },
    {
      "day": "2024-07",
      "1": 16,
      "2": 27,
      "3": 35,
      "4": 51,
      "5": 28,
      "6": 21,
      "7": 3,
      "8": 0,
      "9": 0,
      "10": 0,
      "total": 181
    },
    {
      "day": "2024-08",
      "1": 16,
      "2": 29,
      "3": 36,
      "4": 69,
      "5": 41,
      "6": 39,
      "7": 4,
      "8": 0,
      "9": 0,
      "10": 0,
      "total": 234
    },
    {
      "day": "2024-09",
      "1": 16,
      "2": 29,
      "3": 40,
      "4": 72,
      "5": 45,
      "6": 41,
      "7": 5,
      "8": 0,
      "9": 0,
      "10": 0,
      "total": 248
    },
    {
      "day": "2024-10",
      "1": 17,
      "2": 31,
      "3": 49,
      "4": 83,
      "5": 53,
      "6": 45,
      "7": 6,
      "8": 1,
      "9": 0,
      "10": 0,
      "total": 285
    },
    {
      "day": "2024-11",
      "1": 17,
      "2": 31,
      "3": 60,
      "4": 87,
      "5": 61,
      "6": 47,
      "7": 6,
      "8": 1,
      "9": 0,
      "10": 0,
      "total": 310
    },
    {
      "day": "2024-12",
      "1": 17,
      "2": 31,
      "3": 60,
      "4": 88,
      "5": 67,
      "6": 48,
      "7": 6,
      "8": 1,
      "9": 0,
      "10": 0,
      "total": 318
    },
    {
      "day": "2025-01",
      "1": 17,
      "2": 32,
      "3": 61,
      "4": 89,
      "5": 75,
      "6": 52,
      "7": 6,
      "8": 1,
      "9": 0,
      "10": 0,
      "total": 333
    },
    {
      "day": "2025-02",
      "1": 17,
      "2": 32,
      "3": 63,
      "4": 91,
      "5": 78,
      "6": 53,
      "7": 8,
      "8": 1,
      "9": 0,
      "10": 0,
      "total": 343
    },
    {
      "day": "2025-03",
      "1": 17,
      "2": 32,
      "3": 63,
      "4": 92,
      "5": 82,
      "6": 57,
      "7": 8,
      "8": 1,
      "9": 0,
      "10": 0,
      "total": 352
    },
    {
      "day": "2025-05",
      "1": 17,
      "2": 32,
      "3": 71,
      "4": 96,
      "5": 90,
      "6": 60,
      "7": 10,
      "8": 1,
      "9": 0,
      "10": 0,
      "total": 377
    },
    {
      "day": "2025-06",
      "1": 17,
      "2": 33,
      "3": 71,
      "4": 96,
      "5": 93,
      "6": 62,
      "7": 10,
      "8": 1,
      "9": 0,
      "10": 0,
      "total": 383
    },
    {
      "day": "2025-07",
      "1": 17,
      "2": 34,
      "3": 77,
      "4": 111,
      "5": 109,
      "6": 65,
      "7": 11,
      "8": 1,
      "9": 0,
      "10": 0,
      "total": 425
    },
    {
      "day": "2025-08",
      "1": 17,
      "2": 34,
      "3": 85,
      "4": 117,
      "5": 121,
      "6": 74,
      "7": 11,
      "8": 1,
      "9": 0,
      "10": 0,
      "total": 460
    },
    {
      "day": "2025-09",
      "1": 18,
      "2": 34,
      "3": 88,
      "4": 125,
      "5": 128,
      "6": 76,
      "7": 12,
      "8": 1,
      "9": 0,
      "10": 0,
      "total": 482
    },
    {
      "day": "2025-10",
      "1": 22,
      "2": 36,
      "3": 96,
      "4": 137,
      "5": 130,
      "6": 77,
      "7": 12,
      "8": 1,
      "9": 0,
      "10": 0,
      "total": 511
    },
    {
      "day": "2025-11",
      "1": 22,
      "2": 36,
      "3": 99,
      "4": 147,
      "5": 136,
      "6": 82,
      "7": 12,
      "8": 1,
      "9": 0,
      "10": 0,
      "total": 535
    },
    {
      "day": "2026-01",
      "1": 22,
      "2": 36,
      "3": 100,
      "4": 147,
      "5": 136,
      "6": 82,
      "7": 12,
      "8": 1,
      "9": 0,
      "10": 0,
      "total": 536
    },
    {
      "day": "2026-02",
      "1": 22,
      "2": 36,
      "3": 103,
      "4": 153,
      "5": 138,
      "6": 84,
      "7": 12,
      "8": 1,
      "9": 0,
      "10": 0,
      "total": 549
    },
    {
      "day": "2026-03",
      "1": 22,
      "2": 36,
      "3": 103,
      "4": 155,
      "5": 139,
      "6": 84,
      "7": 12,
      "8": 2,
      "9": 0,
      "10": 0,
      "total": 553
    },
    {
      "day": "2026-04",
      "1": 22,
      "2": 36,
      "3": 103,
      "4": 155,
      "5": 139,
      "6": 85,
      "7": 12,
      "8": 2,
      "9": 0,
      "10": 0,
      "total": 554
    },
    {
      "day": "2026-05",
      "1": 22,
      "2": 36,
      "3": 103,
      "4": 156,
      "5": 140,
      "6": 85,
      "7": 12,
      "8": 2,
      "9": 0,
      "10": 0,
      "total": 556
    },
    {
      "day": "2026-06",
      "1": 25,
      "2": 38,
      "3": 104,
      "4": 161,
      "5": 142,
      "6": 85,
      "7": 12,
      "8": 2,
      "9": 0,
      "10": 0,
      "total": 569
    },
    {
      "day": "2026-07",
      "1": 25,
      "2": 39,
      "3": 108,
      "4": 164,
      "5": 143,
      "6": 85,
      "7": 12,
      "8": 2,
      "9": 0,
      "10": 0,
      "total": 578
    }
  ],
  "heatmapData": [],
  "color": "#F5690E",
  "user_color": "#F5690E",
  "permission_level": 4,
  "permission_color": "#fa8100",
  "last_crawled": "2026-07-05T16:26:36.850017",
  "session_expired": false,
  "exists_in_ojs": true
}

