=== DEBUG LOG [profile_full_result] ===
Source: API result
Timestamp: 2026-07-05T02:05:18.034966

=== CONTENT ===
Returning profile for uid=1760, username=Std

=== PARSED DATA ===
{
  "id": "1760",
  "uid": "1760",
  "username": "Std",
  "username_html": "<span style=\"font-family:georgia;text-shadow:0px 0px 5px white;\"><strong><span style=\"color:black;\">S</span><span style=\"color:#FF0000;\">td</span></strong></span>",
  "nickname": "Std",
  "realName": "Std",
  "real_name": "Std",
  "school": "清华大学",
  "email": "0@0.0",
  "signature": "",
  "bio": "",
  "bio_html": "",
  "avatar_url": "",
  "avatarUrl": "",
  "header_image_url": "",
  "solvedCount": 1802,
  "solved_count": 1802,
  "submissionCount": 2319,
  "submission_count": 2319,
  "passRatePercent": 77.7,
  "rank": "",
  "is_banned": false,
  "isBanned": false,
  "tags": [],
  "solvedProblems": [
    {
      "id": "1000",
      "title": "1000",
      "difficulty": 0,
      "pass_rate": 0,
      "ac_count": 0,
      "url": "https://183.250.108.194:500/OnlineJudge/problem_show.php?id=1000"
    },
    {
      "id": "1064",
      "title": "1064",
      "difficulty": 0,
      "pass_rate": 0,
      "ac_count": 0,
      "url": "https://183.250.108.194:500/OnlineJudge/problem_show.php?id=1064"
    },
    {
      "id": "1083",
      "title": "1083",
      "difficulty": 0,
      "pass_rate": 0,
      "ac_count": 0,
      "url": "https://183.250.108.194:500/OnlineJudge/problem_show.php?id=1083"
    },
    {
      "id": "1174",
      "title": "1174",
      "difficulty": 0,
      "pass_rate": 0,
      "ac_count": 0,
      "url": "https://183.250.108.194:500/OnlineJudge/problem_show.php?id=1174"
    },
    {
      "id": "1205",
      "title": "1205",
      "difficulty": 0,
      "pass_rate": 0,
      "ac_count": 0,
      "url": "https://183.250.108.194:500/OnlineJudge/problem_show.php?id=1205"
    },
    {
      "id": "1222",
      "title": "1222",
      "difficulty": 0,
      "pass_rate": 0,
      "ac_count": 0,
      "url": "https://183.250.108.194:500/OnlineJudge/problem_show.php?id=1222"
    },
    {
      "id": "1226",
      "title": "1226",
      "difficulty": 0,
      "pass_rate": 0,
      "ac_count": 0,
      "url": "https://183.250.108.194:500/OnlineJudge/problem_show.php?id=1226"
    },
    {
      "id": "1236",
      "title": "1236",
      "difficulty": 0,
      "pass_rate": 0,
      "ac_count": 0,
      "url": "https://183.250.108.194:500/OnlineJudge/problem_show.php?id=1236"
    },
    {
      "id": "1241",
      "title": "1241",
      "difficulty": 0,
      "pass_rate": 0,
      "ac_count": 0,
      "url": "https://183.250.108.194:500/OnlineJudge/problem_show.php?id=1241"
    },
    {
      "id": "1248",
      "title": "1248",
      "difficulty": 0,
      "pass_rate": 0,
      "ac_count": 0,
      "url": "https://183.250.108.194:500/OnlineJudge/problem_show.php?id=1248"
    },
    {
      "id": "1296",
      "title": "1296",
      "difficulty": 0,
      "pass_rate": 0,
      "ac_count": 0,
      "url": "https://183.250.108.194:500/OnlineJudge/problem_show.php?id=1296"
    },
    {
      "id": "1413",
      "title": "1413",
      "difficulty": 0,
      "pass_rate": 0,
      "ac_count": 0,
      "url": "https://183.250.108.194:500/OnlineJudge/problem_show.php?id=1413"
    },
    {
      "id": "1417",
      "title": "1417",
      "difficulty": 0,
      "pass_rate": 0,
      "ac_count": 0,
      "url": "https://183.250.108.194:500/OnlineJudge/problem_show.php?id=1417"
    },
    {
      "id": "1468",
      "title": "1468",
      "difficulty": 0,
      "pass_rate": 0,
      "ac_count": 0,
      "url": "https://183.250.108.194:500/OnlineJudge/problem_show.php?id=1468"
    },
    {
      "id": "1493",
      "title": "1493",
      "difficulty": 0,
      "pass_rate": 0,
      "ac_count": 0,
      "url": "https://183.250.108.194:500/OnlineJudge/problem_show.php?id=1493"
    },
    {
      "id": "1508",
      "title": "1508",
      "difficulty": 0,
      "pass_rate": 0,
      "ac_count": 0,
      "url": "https://183.250.108.194:500/OnlineJudge/problem_show.php?id=1508"
    },
    {
      "id": "1560",
      "title": "1560",
      "difficulty": 0,
      "pass_rate": 0,
      "ac_count": 0,
      "url": "https://183.250.108.194:500/OnlineJudge/problem_show.php?id=1560"
    },
    {
      "id": "1572",
      "title": "1572",
      "difficulty": 0,
      "pass_rate": 0,
      "ac_count": 0,
      "url": "https://183.250.108.194:500/OnlineJudge/problem_show.php?id=1572"
    },
    {
      "id": "1573",
      "title": "1573",
      "difficulty": 0,
      "pass_rate": 0,
      "ac_count": 0,
      "url": "https://183.250.108.194:500/OnlineJudge/problem_show.php?id=1573"
    },
    {
      "id": "1581",
      "title": "1581",
      "difficulty": 0,
      "pass_rate": 0,
      "ac_count": 0,
      "url": "https://183.250.108.194:500/OnlineJudge/problem_show.php?id=1581"
    },
    {
      "id": "1592",
      "title": "1592",
      "difficulty": 0,
      "pass_rate": 0,
      "ac_count": 0,
      "url": "https://183.250.108.194:500/OnlineJudge/problem_show.php?id=1592"
    },
    {
      "id": "1604",
      "title": "1604",
      "difficulty": 0,
      "pass_rate": 0,
      "ac_count": 0,
      "url": "https://183.250.108.194:500/OnlineJudge/problem_show.php?id=1604"
    },
    {
      "id": "1667",
      "title": "1667",
      "difficulty": 0,
      "pass_rate": 0,
      "ac_count": 0,
      "url": "https://183.250.108.194:500/OnlineJudge/problem_show.php?id=1667"
    },
    {
      "id": "1673",
      "title": "1673",
      "difficulty": 0,
      "pass_rate": 0,
      "ac_count": 0,
      "url": "https://183.250.108.194:500/OnlineJudge/problem_show.php?id=1673"
    },
    {
      "id": "1686",
      "title": "1686",
      "difficulty": 0,
      "pass_rate": 0,
      "ac_count": 0,
      "url": "https://183.250.108.194:500/OnlineJudge/problem_show.php?id=1686"
    },
    {
      "id": "1712",
      "title": "1712",
      "difficulty": 0,
      "pass_rate": 0,
      "ac_count": 0,
      "url": "https://183.250.108.194:500/OnlineJudge/problem_show.php?id=1712"
    },
    {
      "id": "1724",
      "title": "1724",
      "difficulty": 0,
      "pass_rate": 0,
      "ac_count": 0,
      "url": "https://183.250.108.194:500/OnlineJudge/problem_show.php?id=1724"
    },
    {
      "id": "1795",
      "title": "1795",
      "difficulty": 0,
      "pass_rate": 0,
      "ac_count": 0,
      "url": "https://183.250.108.194:500/OnlineJudge/problem_show.php?id=1795"
    },
    {
      "id": "2019",
      "title": "2019",
      "difficulty": 0,
      "pass_rate": 0,
      "ac_count": 0,
      "url": "https://183.250.108.194:500/OnlineJudge/problem_show.php?id=2019"
    },
    {
      "id": "2020",
      "title": "2020",
      "difficulty": 0,
      "pass_rate": 0,
      "ac_count": 0,
      "url": "https://183.250.108.194:500/OnlineJudge/problem_show.php?id=2020"
    },
    {
      "id": "2030",
      "title": "2030",
      "difficulty": 0,
      "pass_rate": 0,
      "ac_count": 0,
      "url": "https://183.250.108.194:500/OnlineJudge/problem_show.php?id=2030"
    },
    {
      "id": "2035",
      "title": "2035",
      "difficulty": 0,
      "pass_rate": 0,
      "ac_count": 0,
      "url": "https://183.250.108.194:500/OnlineJudge/problem_show.php?id=2035"
    },
    {
      "id": "2037",
      "title": "2037",
      "difficulty": 0,
      "pass_rate": 0,
      "ac_count": 0,
      "url": "https://183.250.108.194:500/OnlineJudge/problem_show.php?id=2037"
    },
    {
      "id": "2038",
      "title": "2038",
      "difficulty": 0,
      "pass_rate": 0,
      "ac_count": 0,
      "url": "https://183.250.108.194:500/OnlineJudge/problem_show.php?id=2038"
    },
    {
      "id": "2039",
      "title": "2039",
      "difficulty": 0,
      "pass_rate": 0,
      "ac_count": 0,
      "url": "https://183.250.108.194:500/OnlineJudge/problem_show.php?id=2039"
    },
    {
      "id": "2040",
      "title": "2040",
      "difficulty": 0,
      "pass_rate": 0,
      "ac_count": 0,
      "url": "https://183.250.108.194:500/OnlineJudge/problem_show.php?id=2040"
    },
    {
      "id": "2042",
      "title": "2042",
      "difficulty": 0,
      "pass_rate": 0,
      "ac_count": 0,
      "url": "https://183.250.108.194:500/OnlineJudge/problem_show.php?id=2042"
    },
    {
      "id": "2043",
      "title": "2043",
      "difficulty": 0,
      "pass_rate": 0,
      "ac_count": 0,
      "url": "https://183.250.108.194:500/OnlineJudge/problem_show.php?id=2043"
    },
    {
      "id": "2049",
      "title": "2049",
      "difficulty": 0,
      "pass_rate": 0,
      "ac_count": 0,
      "url": "https://183.250.108.194:500/OnlineJudge/problem_show.php?id=2049"
    },
    {
      "id": "2050",
      "title": "2050",
      "difficulty": 0,
      "pass_rate": 0,
      "ac_count": 0,
      "url": "https://183.250.108.194:500/OnlineJudge/problem_show.php?id=2050"
    },
    {
      "id": "2051",
      "title": "2051",
      "difficulty": 0,
      "pass_rate": 0,
      "ac_count": 0,
      "url": "https://183.250.108.194:500/OnlineJudge/problem_show.php?id=2051"
    },
    {
      "id": "2052",
      "title": "2052",
      "difficulty": 0,
      "pass_rate": 0,
      "ac_count": 0,
      "url": "https://183.250.108.194:500/OnlineJudge/problem_show.php?id=2052"
    },
    {
      "id": "2054",
      "title": "2054",
      "difficulty": 0,
      "pass_rate": 0,
      "ac_count": 0,
      "url": "https://183.250.108.194:500/OnlineJudge/problem_show.php?id=2054"
    },
    {
      "id": "2058",
      "title": "2058",
      "difficulty": 0,
      "pass_rate": 0,
      "ac_count": 0,
      "url": "https://183.250.108.194:500/OnlineJudge/problem_show.php?id=2058"
    },
    {
      "id": "2059",
      "title": "2059",
      "difficulty": 0,
      "pass_rate": 0,
      "ac_count": 0,
      "url": "https://183.250.108.194:500/OnlineJudge/problem_show.php?id=2059"
    },
    {
      "id": "2063",
      "title": "2063",
      "difficulty": 0,
      "pass_rate": 0,
      "ac_count": 0,
      "url": "https://183.250.108.194:500/OnlineJudge/problem_show.php?id=2063"
    },
    {
      "id": "2071",
      "title": "2071",
      "difficulty": 0,
      "pass_rate": 0,
      "ac_count": 0,
      "url": "https://183.250.108.194:500/OnlineJudge/problem_show.php?id=2071"
    },
    {
      "id": "2072",
      "title": "2072",
      "difficulty": 0,
      "pass_rate": 0,
      "ac_count": 0,
      "url": "https://183.250.108.194:500/OnlineJudge/problem_show.php?id=2072"
    },
    {
      "id": "2076",
      "title": "2076",
      "difficulty": 0,
      "pass_rate": 0,
      "ac_count": 0,
      "url": "https://183.250.108.194:500/OnlineJudge/problem_show.php?id=2076"
    },
    {
      "id": "2077",
      "title": "2077",
      "difficulty": 0,
      "pass_rate": 0,
      "ac_count": 0,
      "url": "https://183.250.108.194:500/OnlineJudge/problem_show.php?id=2077"
    },
    {
      "id": "2083",
      "title": "2083",
      "difficulty": 0,
      "pass_rate": 0,
      "ac_count": 0,
      "url": "https://183.250.108.194:500/OnlineJudge/problem_show.php?id=2083"
    },
    {
      "id": "2084",
      "title": "2084",
      "difficulty": 0,
      "pass_rate": 0,
      "ac_count": 0,
      "url": "https://183.250.108.194:500/OnlineJudge/problem_show.php?id=2084"
    },
    {
      "id": "2085",
      "title": "2085",
      "difficulty": 0,
      "pass_rate": 0,
      "ac_count": 0,
      "url": "https://183.250.108.194:500/OnlineJudge/problem_show.php?id=2085"
    },
    {
      "id": "2088",
      "title": "2088",
      "difficulty": 0,
      "pass_rate": 0,
      "ac_count": 0,
      "url": "https://183.250.108.194:500/OnlineJudge/problem_show.php?id=2088"
    },
    {
      "id": "2090",
      "title": "2090",
      "difficulty": 0,
      "pass_rate": 0,
      "ac_count": 0,
      "url": "https://183.250.108.194:500/OnlineJudge/problem_show.php?id=2090"
    },
    {
      "id": "2092",
      "title": "2092",
      "difficulty": 0,
      "pass_rate": 0,
      "ac_count": 0,
      "url": "https://183.250.108.194:500/OnlineJudge/problem_show.php?id=2092"
    },
    {
      "id": "2093",
      "title": "2093",
      "difficulty": 0,
      "pass_rate": 0,
      "ac_count": 0,
      "url": "https://183.250.108.194:500/OnlineJudge/problem_show.php?id=2093"
    },
    {
      "id": "2094",
      "title": "2094",
      "difficulty": 0,
      "pass_rate": 0,
      "ac_count": 0,
      "url": "https://183.250.108.194:500/OnlineJudge/problem_show.php?id=2094"
    },
    {
      "id": "2108",
      "title": "2108",
      "difficulty": 0,
      "pass_rate": 0,
      "ac_count": 0,
      "url": "https://183.250.108.194:500/OnlineJudge/problem_show.php?id=2108"
    },
    {
      "id": "2112",
      "title": "2112",
      "difficulty": 0,
      "pass_rate": 0,
      "ac_count": 0,
      "url": "https://183.250.108.194:500/OnlineJudge/problem_show.php?id=2112"
    },
    {
      "id": "2113",
      "title": "2113",
      "difficulty": 0,
      "pass_rate": 0,
      "ac_count": 0,
      "url": "https://183.250.108.194:500/OnlineJudge/problem_show.php?id=2113"
    },
    {
      "id": "2115",
      "title": "2115",
      "difficulty": 0,
      "pass_rate": 0,
      "ac_count": 0,
      "url": "https://183.250.108.194:500/OnlineJudge/problem_show.php?id=2115"
    },
    {
      "id": "2116",
      "title": "2116",
      "difficulty": 0,
      "pass_rate": 0,
      "ac_count": 0,
      "url": "https://183.250.108.194:500/OnlineJudge/problem_show.php?id=2116"
    },
    {
      "id": "2117",
      "title": "2117",
      "difficulty": 0,
      "pass_rate": 0,
      "ac_count": 0,
      "url": "https://183.250.108.194:500/OnlineJudge/problem_show.php?id=2117"
    },
    {
      "id": "2119",
      "title": "2119",
      "difficulty": 0,
      "pass_rate": 0,
      "ac_count": 0,
      "url": "https://183.250.108.194:500/OnlineJudge/problem_show.php?id=2119"
    },
    {
      "id": "2121",
      "title": "2121",
      "difficulty": 0,
      "pass_rate": 0,
      "ac_count": 0,
      "url": "https://183.250.108.194:500/OnlineJudge/problem_show.php?id=2121"
    },
    {
      "id": "2123",
      "title": "2123",
      "difficulty": 0,
      "pass_rate": 0,
      "ac_count": 0,
      "url": "https://183.250.108.194:500/OnlineJudge/problem_show.php?id=2123"
    },
    {
      "id": "2124",
      "title": "2124",
      "difficulty": 0,
      "pass_rate": 0,
      "ac_count": 0,
      "url": "https://183.250.108.194:500/OnlineJudge/problem_show.php?id=2124"
    },
    {
      "id": "2125",
      "title": "2125",
      "difficulty": 0,
      "pass_rate": 0,
      "ac_count": 0,
      "url": "https://183.250.108.194:500/OnlineJudge/problem_show.php?id=2125"
    },
    {
      "id": "2127",
      "title": "2127",
      "difficulty": 0,
      "pass_rate": 0,
      "ac_count": 0,
      "url": "https://183.250.108.194:500/OnlineJudge/problem_show.php?id=2127"
    },
    {
      "id": "2130",
      "title": "2130",
      "difficulty": 0,
      "pass_rate": 0,
      "ac_count": 0,
      "url": "https://183.250.108.194:500/OnlineJudge/problem_show.php?id=2130"
    },
    {
      "id": "2140",
      "title": "2140",
      "difficulty": 0,
      "pass_rate": 0,
      "ac_count": 0,
      "url": "https://183.250.108.194:500/OnlineJudge/problem_show.php?id=2140"
    },
    {
      "id": "2147",
      "title": "2147",
      "difficulty": 0,
      "pass_rate": 0,
      "ac_count": 0,
      "url": "https://183.250.108.194:500/OnlineJudge/problem_show.php?id=2147"
    },
    {
      "id": "2153",
      "title": "2153",
      "difficulty": 0,
      "pass_rate": 0,
      "ac_count": 0,
      "url": "https://183.250.108.194:500/OnlineJudge/problem_show.php?id=2153"
    },
    {
      "id": "2160",
      "title": "2160",
      "difficulty": 0,
      "pass_rate": 0,
      "ac_count": 0,
      "url": "https://183.250.108.194:500/OnlineJudge/problem_show.php?id=2160"
    },
    {
      "id": "2164",
      "title": "2164",
      "difficulty": 0,
      "pass_rate": 0,
      "ac_count": 0,
      "url": "https://183.250.108.194:500/OnlineJudge/problem_show.php?id=2164"
    },
    {
      "id": "2168",
      "title": "2168",
      "difficulty": 0,
      "pass_rate": 0,
      "ac_count": 0,
      "url": "https://183.250.108.194:500/OnlineJudge/problem_show.php?id=2168"
    },
    {
      "id": "2170",
      "title": "2170",
      "difficulty": 0,
      "pass_rate": 0,
      "ac_count": 0,
      "url": "https://183.250.108.194:500/OnlineJudge/problem_show.php?id=2170"
    },
    {
      "id": "2173",
      "title": "2173",
      "difficulty": 0,
      "pass_rate": 0,
      "ac_count": 0,
      "url": "https://183.250.108.194:500/OnlineJudge/problem_show.php?id=2173"
    },
    {
      "id": "2179",
      "title": "2179",
      "difficulty": 0,
      "pass_rate": 0,
      "ac_count": 0,
      "url": "https://183.250.108.194:500/OnlineJudge/problem_show.php?id=2179"
    },
    {
      "id": "2182",
      "title": "2182",
      "difficulty": 0,
      "pass_rate": 0,
      "ac_count": 0,
      "url": "https://183.250.108.194:500/OnlineJudge/problem_show.php?id=2182"
    },
    {
      "id": "2183",
      "title": "2183",
      "difficulty": 0,
      "pass_rate": 0,
      "ac_count": 0,
      "url": "https://183.250.108.194:500/OnlineJudge/problem_show.php?id=2183"
    },
    {
      "id": "2184",
      "title": "2184",
      "difficulty": 0,
      "pass_rate": 0,
      "ac_count": 0,
      "url": "https://183.250.108.194:500/OnlineJudge/problem_show.php?id=2184"
    },
    {
      "id": "2189",
      "title": "2189",
      "difficulty": 0,
      "pass_rate": 0,
      "ac_count": 0,
      "url": "https://183.250.108.194:500/OnlineJudge/problem_show.php?id=2189"
    },
    {
      "id": "2191",
      "title": "2191",
      "difficulty": 0,
      "pass_rate": 0,
      "ac_count": 0,
      "url": "https://183.250.108.194:500/OnlineJudge/problem_show.php?id=2191"
    },
    {
      "id": "2192",
      "title": "2192",
      "difficulty": 0,
      "pass_rate": 0,
      "ac_count": 0,
      "url": "https://183.250.108.194:500/OnlineJudge/problem_show.php?id=2192"
    },
    {
      "id": "2195",
      "title": "2195",
      "difficulty": 0,
      "pass_rate": 0,
      "ac_count": 0,
      "url": "https://183.250.108.194:500/OnlineJudge/problem_show.php?id=2195"
    },
    {
      "id": "2197",
      "title": "2197",
      "difficulty": 0,
      "pass_rate": 0,
      "ac_count": 0,
      "url": "https://183.250.108.194:500/OnlineJudge/problem_show.php?id=2197"
    },
    {
      "id": "2198",
      "title": "2198",
      "difficulty": 0,
      "pass_rate": 0,
      "ac_count": 0,
      "url": "https://183.250.108.194:500/OnlineJudge/problem_show.php?id=2198"
    },
    {
      "id": "2204",
      "title": "2204",
      "difficulty": 0,
      "pass_rate": 0,
      "ac_count": 0,
      "url": "https://183.250.108.194:500/OnlineJudge/problem_show.php?id=2204"
    },
    {
      "id": "2205",
      "title": "2205",
      "difficulty": 0,
      "pass_rate": 0,
      "ac_count": 0,
      "url": "https://183.250.108.194:500/OnlineJudge/problem_show.php?id=2205"
    },
    {
      "id": "2213",
      "title": "2213",
      "difficulty": 0,
      "pass_rate": 0,
      "ac_count": 0,
      "url": "https://183.250.108.194:500/OnlineJudge/problem_show.php?id=2213"
    },
    {
      "id": "2218",
      "title": "2218",
      "difficulty": 0,
      "pass_rate": 0,
      "ac_count": 0,
      "url": "https://183.250.108.194:500/OnlineJudge/problem_show.php?id=2218"
    },
    {
      "id": "2228",
      "title": "2228",
      "difficulty": 0,
      "pass_rate": 0,
      "ac_count": 0,
      "url": "https://183.250.108.194:500/OnlineJudge/problem_show.php?id=2228"
    },
    {
      "id": "2242",
      "title": "2242",
      "difficulty": 0,
      "pass_rate": 0,
      "ac_count": 0,
      "url": "https://183.250.108.194:500/OnlineJudge/problem_show.php?id=2242"
    },
    {
      "id": "2243",
      "title": "2243",
      "difficulty": 0,
      "pass_rate": 0,
      "ac_count": 0,
      "url": "https://183.250.108.194:500/OnlineJudge/problem_show.php?id=2243"
    },
    {
      "id": "2245",
      "title": "2245",
      "difficulty": 0,
      "pass_rate": 0,
      "ac_count": 0,
      "url": "https://183.250.108.194:500/OnlineJudge/problem_show.php?id=2245"
    },
    {
      "id": "2246",
      "title": "2246",
      "difficulty": 0,
      "pass_rate": 0,
      "ac_count": 0,
      "url": "https://183.250.108.194:500/OnlineJudge/problem_show.php?id=2246"
    },
    {
      "id": "2247",
      "title": "2247",
      "difficulty": 0,
      "pass_rate": 0,
      "ac_count": 0,
      "url": "https://183.250.108.194:500/OnlineJudge/problem_show.php?id=2247"
    },
    {
      "id": "2248",
      "title": "2248",
      "difficulty": 0,
      "pass_rate": 0,
      "ac_count": 0,
      "url": "https://183.250.108.194:500/OnlineJudge/problem_show.php?id=2248"
    },
    {
      "id": "2250",
      "title": "2250",
      "difficulty": 0,
      "pass_rate": 0,
      "ac_count": 0,
      "url": "https://183.250.108.194:500/OnlineJudge/problem_show.php?id=2250"
    },
    {
      "id": "2252",
      "title": "2252",
      "difficulty": 0,
      "pass_rate": 0,
      "ac_count": 0,
      "url": "https://183.250.108.194:500/OnlineJudge/problem_show.php?id=2252"
    },
    {
      "id": "2253",
      "title": "2253",
      "difficulty": 0,
      "pass_rate": 0,
      "ac_count": 0,
      "url": "https://183.250.108.194:500/OnlineJudge/problem_show.php?id=2253"
    },
    {
      "id": "2256",
      "title": "2256",
      "difficulty": 0,
      "pass_rate": 0,
      "ac_count": 0,
      "url": "https://183.250.108.194:500/OnlineJudge/problem_show.php?id=2256"
    },
    {
      "id": "2257",
      "title": "2257",
      "difficulty": 0,
      "pass_rate": 0,
      "ac_count": 0,
      "url": "https://183.250.108.194:500/OnlineJudge/problem_show.php?id=2257"
    },
    {
      "id": "2258",
      "title": "2258",
      "difficulty": 0,
      "pass_rate": 0,
      "ac_count": 0,
      "url": "https://183.250.108.194:500/OnlineJudge/problem_show.php?id=2258"
    },
    {
      "id": "2261",
      "title": "2261",
      "difficulty": 0,
      "pass_rate": 0,
      "ac_count": 0,
      "url": "https://183.250.108.194:500/OnlineJudge/problem_show.php?id=2261"
    },
    {
      "id": "2262",
      "title": "2262",
      "difficulty": 0,
      "pass_rate": 0,
      "ac_count": 0,
      "url": "https://183.250.108.194:500/OnlineJudge/problem_show.php?id=2262"
    },
    {
      "id": "2263",
      "title": "2263",
      "difficulty": 0,
      "pass_rate": 0,
      "ac_count": 0,
      "url": "https://183.250.108.194:500/OnlineJudge/problem_show.php?id=2263"
    },
    {
      "id": "2264",
      "title": "2264",
      "difficulty": 0,
      "pass_rate": 0,
      "ac_count": 0,
      "url": "https://183.250.108.194:500/OnlineJudge/problem_show.php?id=2264"
    },
    {
      "id": "2265",
      "title": "2265",
      "difficulty": 0,
      "pass_rate": 0,
      "ac_count": 0,
      "url": "https://183.250.108.194:500/OnlineJudge/problem_show.php?id=2265"
    },
    {
      "id": "2266",
      "title": "2266",
      "difficulty": 0,
      "pass_rate": 0,
      "ac_count": 0,
      "url": "https://183.250.108.194:500/OnlineJudge/problem_show.php?id=2266"
    },
    {
      "id": "2267",
      "title": "2267",
      "difficulty": 0,
      "pass_rate": 0,
      "ac_count": 0,
      "url": "https://183.250.108.194:500/OnlineJudge/problem_show.php?id=2267"
    },
    {
      "id": "2270",
      "title": "2270",
      "difficulty": 0,
      "pass_rate": 0,
      "ac_count": 0,
      "url": "https://183.250.108.194:500/OnlineJudge/problem_show.php?id=2270"
    },
    {
      "id": "2271",
      "title": "2271",
      "difficulty": 0,
      "pass_rate": 0,
      "ac_count": 0,
      "url": "https://183.250.108.194:500/OnlineJudge/problem_show.php?id=2271"
    },
    {
      "id": "2273",
      "title": "2273",
      "difficulty": 0,
      "pass_rate": 0,
      "ac_count": 0,
      "url": "https://183.250.108.194:500/OnlineJudge/problem_show.php?id=2273"
    },
    {
      "id": "2274",
      "title": "2274",
      "difficulty": 0,
      "pass_rate": 0,
      "ac_count": 0,
      "url": "https://183.250.108.194:500/OnlineJudge/problem_show.php?id=2274"
    },
    {
      "id": "2276",
      "title": "2276",
      "difficulty": 0,
      "pass_rate": 0,
      "ac_count": 0,
      "url": "https://183.250.108.194:500/OnlineJudge/problem_show.php?id=2276"
    },
    {
      "id": "2277",
      "title": "2277",
      "difficulty": 0,
      "pass_rate": 0,
      "ac_count": 0,
      "url": "https://183.250.108.194:500/OnlineJudge/problem_show.php?id=2277"
    },
    {
      "id": "2278",
      "title": "2278",
      "difficulty": 0,
      "pass_rate": 0,
      "ac_count": 0,
      "url": "https://183.250.108.194:500/OnlineJudge/problem_show.php?id=2278"
    },
    {
      "id": "2279",
      "title": "2279",
      "difficulty": 0,
      "pass_rate": 0,
      "ac_count": 0,
      "url": "https://183.250.108.194:500/OnlineJudge/problem_show.php?id=2279"
    },
    {
      "id": "2280",
      "title": "2280",
      "difficulty": 0,
      "pass_rate": 0,
      "ac_count": 0,
      "url": "https://183.250.108.194:500/OnlineJudge/problem_show.php?id=2280"
    },
    {
      "id": "2281",
      "title": "2281",
      "difficulty": 0,
      "pass_rate": 0,
      "ac_count": 0,
      "url": "https://183.250.108.194:500/OnlineJudge/problem_show.php?id=2281"
    },
    {
      "id": "2282",
      "title": "2282",
      "difficulty": 0,
      "pass_rate": 0,
      "ac_count": 0,
      "url": "https://183.250.108.194:500/OnlineJudge/problem_show.php?id=2282"
    },
    {
      "id": "2283",
      "title": "2283",
      "difficulty": 0,
      "pass_rate": 0,
      "ac_count": 0,
      "url": "https://183.250.108.194:500/OnlineJudge/problem_show.php?id=2283"
    },
    {
      "id": "2285",
      "title": "2285",
      "difficulty": 0,
      "pass_rate": 0,
      "ac_count": 0,
      "url": "https://183.250.108.194:500/OnlineJudge/problem_show.php?id=2285"
    },
    {
      "id": "2288",
      "title": "2288",
      "difficulty": 0,
      "pass_rate": 0,
      "ac_count": 0,
      "url": "https://183.250.108.194:500/OnlineJudge/problem_show.php?id=2288"
    },
    {
      "id": "2289",
      "title": "2289",
      "difficulty": 0,
      "pass_rate": 0,
      "ac_count": 0,
      "url": "https://183.250.108.194:500/OnlineJudge/problem_show.php?id=2289"
    },
    {
      "id": "2290",
      "title": "2290",
      "difficulty": 0,
      "pass_rate": 0,
      "ac_count": 0,
      "url": "https://183.250.108.194:500/OnlineJudge/problem_show.php?id=2290"
    },
    {
      "id": "2294",
      "title": "2294",
      "difficulty": 0,
      "pass_rate": 0,
      "ac_count": 0,
      "url": "https://183.250.108.194:500/OnlineJudge/problem_show.php?id=2294"
    },
    {
      "id": "2297",
      "title": "2297",
      "difficulty": 0,
      "pass_rate": 0,
      "ac_count": 0,
      "url": "https://183.250.108.194:500/OnlineJudge/problem_show.php?id=2297"
    },
    {
      "id": "2298",
      "title": "2298",
      "difficulty": 0,
      "pass_rate": 0,
      "ac_count": 0,
      "url": "https://183.250.108.194:500/OnlineJudge/problem_show.php?id=2298"
    },
    {
      "id": "2299",
      "title": "2299",
      "difficulty": 0,
      "pass_rate": 0,
      "ac_count": 0,
      "url": "https://183.250.108.194:500/OnlineJudge/problem_show.php?id=2299"
    },
    {
      "id": "2304",
      "title": "2304",
      "difficulty": 0,
      "pass_rate": 0,
      "ac_count": 0,
      "url": "https://183.250.108.194:500/OnlineJudge/problem_show.php?id=2304"
    },
    {
      "id": "2305",
      "title": "2305",
      "difficulty": 0,
      "pass_rate": 0,
      "ac_count": 0,
      "url": "https://183.250.108.194:500/OnlineJudge/problem_show.php?id=2305"
    },
    {
      "id": "2306",
      "title": "2306",
      "difficulty": 0,
      "pass_rate": 0,
      "ac_count": 0,
      "url": "https://183.250.108.194:500/OnlineJudge/problem_show.php?id=2306"
    },
    {
      "id": "2363",
      "title": "2363",
      "difficulty": 0,
      "pass_rate": 0,
      "ac_count": 0,
      "url": "https://183.250.108.194:500/OnlineJudge/problem_show.php?id=2363"
    },
    {
      "id": "2365",
      "title": "2365",
      "difficulty": 0,
      "pass_rate": 0,
      "ac_count": 0,
      "url": "https://183.250.108.194:500/OnlineJudge/problem_show.php?id=2365"
    },
    {
      "id": "2385",
      "title": "2385",
      "difficulty": 0,
      "pass_rate": 0,
      "ac_count": 0,
      "url": "https://183.250.108.194:500/OnlineJudge/problem_show.php?id=2385"
    },
    {
      "id": "2386",
      "title": "2386",
      "difficulty": 0,
      "pass_rate": 0,
      "ac_count": 0,
      "url": "https://183.250.108.194:500/OnlineJudge/problem_show.php?id=2386"
    },
    {
      "id": "2387",
      "title": "2387",
      "difficulty": 0,
      "pass_rate": 0,
      "ac_count": 0,
      "url": "https://183.250.108.194:500/OnlineJudge/problem_show.php?id=2387"
    },
    {
      "id": "2389",
      "title": "2389",
      "difficulty": 0,
      "pass_rate": 0,
      "ac_count": 0,
      "url": "https://183.250.108.194:500/OnlineJudge/problem_show.php?id=2389"
    },
    {
      "id": "2390",
      "title": "2390",
      "difficulty": 0,
      "pass_rate": 0,
      "ac_count": 0,
      "url": "https://183.250.108.194:500/OnlineJudge/problem_show.php?id=2390"
    },
    {
      "id": "2391",
      "title": "2391",
      "difficulty": 0,
      "pass_rate": 0,
      "ac_count": 0,
      "url": "https://183.250.108.194:500/OnlineJudge/problem_show.php?id=2391"
    },
    {
      "id": "2399",
      "title": "2399",
      "difficulty": 0,
      "pass_rate": 0,
      "ac_count": 0,
      "url": "https://183.250.108.194:500/OnlineJudge/problem_show.php?id=2399"
    },
    {
      "id": "2401",
      "title": "2401",
      "difficulty": 0,
      "pass_rate": 0,
      "ac_count": 0,
      "url": "https://183.250.108.194:500/OnlineJudge/problem_show.php?id=2401"
    },
    {
      "id": "2402",
      "title": "2402",
      "difficulty": 0,
      "pass_rate": 0,
      "ac_count": 0,
      "url": "https://183.250.108.194:500/OnlineJudge/problem_show.php?id=2402"
    },
    {
      "id": "2415",
      "title": "2415",
      "difficulty": 0,
      "pass_rate": 0,
      "ac_count": 0,
      "url": "https://183.250.108.194:500/OnlineJudge/problem_show.php?id=2415"
    },
    {
      "id": "2419",
      "title": "2419",
      "difficulty": 0,
      "pass_rate": 0,
      "ac_count": 0,
      "url": "https://183.250.108.194:500/OnlineJudge/problem_show.php?id=2419"
    },
    {
      "id": "2424",
      "title": "2424",
      "difficulty": 0,
      "pass_rate": 0,
      "ac_count": 0,
      "url": "https://183.250.108.194:500/OnlineJudge/problem_show.php?id=2424"
    },
    {
      "id": "2425",
      "title": "2425",
      "difficulty": 0,
      "pass_rate": 0,
      "ac_count": 0,
      "url": "https://183.250.108.194:500/OnlineJudge/problem_show.php?id=2425"
    },
    {
      "id": "2435",
      "title": "2435",
      "difficulty": 0,
      "pass_rate": 0,
      "ac_count": 0,
      "url": "https://183.250.108.194:500/OnlineJudge/problem_show.php?id=2435"
    },
    {
      "id": "2436",
      "title": "2436",
      "difficulty": 0,
      "pass_rate": 0,
      "ac_count": 0,
      "url": "https://183.250.108.194:500/OnlineJudge/problem_show.php?id=2436"
    },
    {
      "id": "2437",
      "title": "2437",
      "difficulty": 0,
      "pass_rate": 0,
      "ac_count": 0,
      "url": "https://183.250.108.194:500/OnlineJudge/problem_show.php?id=2437"
    },
    {
      "id": "2438",
      "title": "2438",
      "difficulty": 0,
      "pass_rate": 0,
      "ac_count": 0,
      "url": "https://183.250.108.194:500/OnlineJudge/problem_show.php?id=2438"
    },
    {
      "id": "2444",
      "title": "2444",
      "difficulty": 0,
      "pass_rate": 0,
      "ac_count": 0,
      "url": "https://183.250.108.194:500/OnlineJudge/problem_show.php?id=2444"
    },
    {
      "id": "2445",
      "title": "2445",
      "difficulty": 0,
      "pass_rate": 0,
      "ac_count": 0,
      "url": "https://183.250.108.194:500/OnlineJudge/problem_show.php?id=2445"
    },
    {
      "id": "2446",
      "title": "2446",
      "difficulty": 0,
      "pass_rate": 0,
      "ac_count": 0,
      "url": "https://183.250.108.194:500/OnlineJudge/problem_show.php?id=2446"
    },
    {
      "id": "2447",
      "title": "2447",
      "difficulty": 0,
      "pass_rate": 0,
      "ac_count": 0,
      "url": "https://183.250.108.194:500/OnlineJudge/problem_show.php?id=2447"
    },
    {
      "id": "2452",
      "title": "2452",
      "difficulty": 0,
      "pass_rate": 0,
      "ac_count": 0,
      "url": "https://183.250.108.194:500/OnlineJudge/problem_show.php?id=2452"
    },
    {
      "id": "2454",
      "title": "2454",
      "difficulty": 0,
      "pass_rate": 0,
      "ac_count": 0,
      "url": "https://183.250.108.194:500/OnlineJudge/problem_show.php?id=2454"
    },
    {
      "id": "2455",
      "title": "2455",
      "difficulty": 0,
      "pass_rate": 0,
      "ac_count": 0,
      "url": "https://183.250.108.194:500/OnlineJudge/problem_show.php?id=2455"
    },
    {
      "id": "2456",
      "title": "2456",
      "difficulty": 0,
      "pass_rate": 0,
      "ac_count": 0,
      "url": "https://183.250.108.194:500/OnlineJudge/problem_show.php?id=2456"
    },
    {
      "id": "2457",
      "title": "2457",
      "difficulty": 0,
      "pass_rate": 0,
      "ac_count": 0,
      "url": "https://183.250.108.194:500/OnlineJudge/problem_show.php?id=2457"
    },
    {
      "id": "2461",
      "title": "2461",
      "difficulty": 0,
      "pass_rate": 0,
      "ac_count": 0,
      "url": "https://183.250.108.194:500/OnlineJudge/problem_show.php?id=2461"
    },
    {
      "id": "2462",
      "title": "2462",
      "difficulty": 0,
      "pass_rate": 0,
      "ac_count": 0,
      "url": "https://183.250.108.194:500/OnlineJudge/problem_show.php?id=2462"
    },
    {
      "id": "2463",
      "title": "2463",
      "difficulty": 0,
      "pass_rate": 0,
      "ac_count": 0,
      "url": "https://183.250.108.194:500/OnlineJudge/problem_show.php?id=2463"
    },
    {
      "id": "2464",
      "title": "2464",
      "difficulty": 0,
      "pass_rate": 0,
      "ac_count": 0,
      "url": "https://183.250.108.194:500/OnlineJudge/problem_show.php?id=2464"
    },
    {
      "id": "2469",
      "title": "2469",
      "difficulty": 0,
      "pass_rate": 0,
      "ac_count": 0,
      "url": "https://183.250.108.194:500/OnlineJudge/problem_show.php?id=2469"
    },
    {
      "id": "2470",
      "title": "2470",
      "difficulty": 0,
      "pass_rate": 0,
      "ac_count": 0,
      "url": "https://183.250.108.194:500/OnlineJudge/problem_show.php?id=2470"
    },
    {
      "id": "2471",
      "title": "2471",
      "difficulty": 0,
      "pass_rate": 0,
      "ac_count": 0,
      "url": "https://183.250.108.194:500/OnlineJudge/problem_show.php?id=2471"
    },
    {
      "id": "2472",
      "title": "2472",
      "difficulty": 0,
      "pass_rate": 0,
      "ac_count": 0,
      "url": "https://183.250.108.194:500/OnlineJudge/problem_show.php?id=2472"
    },
    {
      "id": "2473",
      "title": "2473",
      "difficulty": 0,
      "pass_rate": 0,
      "ac_count": 0,
      "url": "https://183.250.108.194:500/OnlineJudge/problem_show.php?id=2473"
    },
    {
      "id": "2474",
      "title": "2474",
      "difficulty": 0,
      "pass_rate": 0,
      "ac_count": 0,
      "url": "https://183.250.108.194:500/OnlineJudge/problem_show.php?id=2474"
    },
    {
      "id": "2475",
      "title": "2475",
      "difficulty": 0,
      "pass_rate": 0,
      "ac_count": 0,
      "url": "https://183.250.108.194:500/OnlineJudge/problem_show.php?id=2475"
    },
    {
      "id": "2476",
      "title": "2476",
      "difficulty": 0,
      "pass_rate": 0,
      "ac_count": 0,
      "url": "https://183.250.108.194:500/OnlineJudge/problem_show.php?id=2476"
    },
    {
      "id": "2477",
      "title": "2477",
      "difficulty": 0,
      "pass_rate": 0,
      "ac_count": 0,
      "url": "https://183.250.108.194:500/OnlineJudge/problem_show.php?id=2477"
    },
    {
      "id": "2497",
      "title": "2497",
      "difficulty": 0,
      "pass_rate": 0,
      "ac_count": 0,
      "url": "https://183.250.108.194:500/OnlineJudge/problem_show.php?id=2497"
    },
    {
      "id": "2498",
      "title": "2498",
      "difficulty": 0,
      "pass_rate": 0,
      "ac_count": 0,
      "url": "https://183.250.108.194:500/OnlineJudge/problem_show.php?id=2498"
    },
    {
      "id": "2499",
      "title": "2499",
      "difficulty": 0,
      "pass_rate": 0,
      "ac_count": 0,
      "url": "https://183.250.108.194:500/OnlineJudge/problem_show.php?id=2499"
    },
    {
      "id": "2509",
      "title": "2509",
      "difficulty": 0,
      "pass_rate": 0,
      "ac_count": 0,
      "url": "https://183.250.108.194:500/OnlineJudge/problem_show.php?id=2509"
    },
    {
      "id": "2514",
      "title": "2514",
      "difficulty": 0,
      "pass_rate": 0,
      "ac_count": 0,
      "url": "https://183.250.108.194:500/OnlineJudge/problem_show.php?id=2514"
    },
    {
      "id": "2515",
      "title": "2515",
      "difficulty": 0,
      "pass_rate": 0,
      "ac_count": 0,
      "url": "https://183.250.108.194:500/OnlineJudge/problem_show.php?id=2515"
    },
    {
      "id": "2523",
      "title": "2523",
      "difficulty": 0,
      "pass_rate": 0,
      "ac_count": 0,
      "url": "https://183.250.108.194:500/OnlineJudge/problem_show.php?id=2523"
    },
    {
      "id": "2524",
      "title": "2524",
      "difficulty": 0,
      "pass_rate": 0,
      "ac_count": 0,
      "url": "https://183.250.108.194:500/OnlineJudge/problem_show.php?id=2524"
    },
    {
      "id": "2525",
      "title": "2525",
      "difficulty": 0,
      "pass_rate": 0,
      "ac_count": 0,
      "url": "https://183.250.108.194:500/OnlineJudge/problem_show.php?id=2525"
    },
    {
      "id": "2526",
      "title": "2526",
      "difficulty": 0,
      "pass_rate": 0,
      "ac_count": 0,
      "url": "https://183.250.108.194:500/OnlineJudge/problem_show.php?id=2526"
    },
    {
      "id": "2527",
      "title": "2527",
      "difficulty": 0,
      "pass_rate": 0,
      "ac_count": 0,
      "url": "https://183.250.108.194:500/OnlineJudge/problem_show.php?id=2527"
    },
    {
      "id": "2532",
      "title": "2532",
      "difficulty": 0,
      "pass_rate": 0,
      "ac_count": 0,
      "url": "https://183.250.108.194:500/OnlineJudge/problem_show.php?id=2532"
    },
    {
      "id": "2534",
      "title": "2534",
      "difficulty": 0,
      "pass_rate": 0,
      "ac_count": 0,
      "url": "https://183.250.108.194:500/OnlineJudge/problem_show.php?id=2534"
    },
    {
      "id": "2535",
      "title": "2535",
      "difficulty": 0,
      "pass_rate": 0,
      "ac_count": 0,
      "url": "https://183.250.108.194:500/OnlineJudge/problem_show.php?id=2535"
    },
    {
      "id": "2536",
      "title": "2536",
      "difficulty": 0,
      "pass_rate": 0,
      "ac_count": 0,
      "url": "https://183.250.108.194:500/OnlineJudge/problem_show.php?id=2536"
    },
    {
      "id": "2537",
      "title": "2537",
      "difficulty": 0,
      "pass_rate": 0,
      "ac_count": 0,
      "url": "https://183.250.108.194:500/OnlineJudge/problem_show.php?id=2537"
    },
    {
      "id": "2538",
      "title": "2538",
      "difficulty": 0,
      "pass_rate": 0,
      "ac_count": 0,
      "url": "https://183.250.108.194:500/OnlineJudge/problem_show.php?id=2538"
    },
    {
      "id": "2539",
      "title": "2539",
      "difficulty": 0,
      "pass_rate": 0,
      "ac_count": 0,
      "url": "https://183.250.108.194:500/OnlineJudge/problem_show.php?id=2539"
    },
    {
      "id": "2540",
      "title": "2540",
      "difficulty": 0,
      "pass_rate": 0,
      "ac_count": 0,
      "url": "https://183.250.108.194:500/OnlineJudge/problem_show.php?id=2540"
    },
    {
      "id": "2541",
      "title": "2541",
      "difficulty": 0,
      "pass_rate": 0,
      "ac_count": 0,
      "url": "https://183.250.108.194:500/OnlineJudge/problem_show.php?id=2541"
    },
    {
      "id": "2542",
      "title": "2542",
      "difficulty": 0,
      "pass_rate": 0,
      "ac_count": 0,
      "url": "https://183.250.108.194:500/OnlineJudge/problem_show.php?id=2542"
    },
    {
      "id": "2543",
      "title": "2543",
      "difficulty": 0,
      "pass_rate": 0,
      "ac_count": 0,
      "url": "https://183.250.108.194:500/OnlineJudge/problem_show.php?id=2543"
    },
    {
      "id": "2544",
      "title": "2544",
      "difficulty": 0,
      "pass_rate": 0,
      "ac_count": 0,
      "url": "https://183.250.108.194:500/OnlineJudge/problem_show.php?id=2544"
    },
    {
      "id": "2551",
      "title": "2551",
      "difficulty": 0,
      "pass_rate": 0,
      "ac_count": 0,
      "url": "https://183.250.108.194:500/OnlineJudge/problem_show.php?id=2551"
    },
    {
      "id": "2552",
      "title": "2552",
      "difficulty": 0,
      "pass_rate": 0,
      "ac_count": 0,
      "url": "https://183.250.108.194:500/OnlineJudge/problem_show.php?id=2552"
    },
    {
      "id": "2553",
      "title": "2553",
      "difficulty": 0,
      "pass_rate": 0,
      "ac_count": 0,
      "url": "https://183.250.108.194:500/OnlineJudge/problem_show.php?id=2553"
    },
    {
      "id": "2554",
      "title": "2554",
      "difficulty": 0,
      "pass_rate": 0,
      "ac_count": 0,
      "url": "https://183.250.108.194:500/OnlineJudge/problem_show.php?id=2554"
    },
    {
      "id": "2556",
      "title": "2556",
      "difficulty": 0,
      "pass_rate": 0,
      "ac_count": 0,
      "url": "https://183.250.108.194:500/OnlineJudge/problem_show.php?id=2556"
    },
    {
      "id": "2559",
      "title": "2559",
      "difficulty": 0,
      "pass_rate": 0,
      "ac_count": 0,
      "url": "https://183.250.108.194:500/OnlineJudge/problem_show.php?id=2559"
    },
    {
      "id": "2560",
      "title": "2560",
      "difficulty": 0,
      "pass_rate": 0,
      "ac_count": 0,
      "url": "https://183.250.108.194:500/OnlineJudge/problem_show.php?id=2560"
    },
    {
      "id": "2561",
      "title": "2561",
      "difficulty": 0,
      "pass_rate": 0,
      "ac_count": 0,
      "url": "https://183.250.108.194:500/OnlineJudge/problem_show.php?id=2561"
    },
    {
      "id": "2562",
      "title": "2562",
      "difficulty": 0,
      "pass_rate": 0,
      "ac_count": 0,
      "url": "https://183.250.108.194:500/OnlineJudge/problem_show.php?id=2562"
    },
    {
      "id": "2563",
      "title": "2563",
      "difficulty": 0,
      "pass_rate": 0,
      "ac_count": 0,
      "url": "https://183.250.108.194:500/OnlineJudge/problem_show.php?id=2563"
    },
    {
      "id": "2569",
      "title": "2569",
      "difficulty": 0,
      "pass_rate": 0,
      "ac_count": 0,
      "url": "https://183.250.108.194:500/OnlineJudge/problem_show.php?id=2569"
    },
    {
      "id": "2570",
      "title": "2570",
      "difficulty": 0,
      "pass_rate": 0,
      "ac_count": 0,
      "url": "https://183.250.108.194:500/OnlineJudge/problem_show.php?id=2570"
    },
    {
      "id": "2571",
      "title": "2571",
      "difficulty": 0,
      "pass_rate": 0,
      "ac_count": 0,
      "url": "https://183.250.108.194:500/OnlineJudge/problem_show.php?id=2571"
    },
    {
      "id": "2572",
      "title": "2572",
      "difficulty": 0,
      "pass_rate": 0,
      "ac_count": 0,
      "url": "https://183.250.108.194:500/OnlineJudge/problem_show.php?id=2572"
    },
    {
      "id": "2574",
      "title": "2574",
      "difficulty": 0,
      "pass_rate": 0,
      "ac_count": 0,
      "url": "https://183.250.108.194:500/OnlineJudge/problem_show.php?id=2574"
    },
    {
      "id": "2576",
      "title": "2576",
      "difficulty": 0,
      "pass_rate": 0,
      "ac_count": 0,
      "url": "https://183.250.108.194:500/OnlineJudge/problem_show.php?id=2576"
    },
    {
      "id": "2577",
      "title": "2577",
      "difficulty": 0,
      "pass_rate": 0,
      "ac_count": 0,
      "url": "https://183.250.108.194:500/OnlineJudge/problem_show.php?id=2577"
    },
    {
      "id": "2578",
      "title": "2578",
      "difficulty": 0,
      "pass_rate": 0,
      "ac_count": 0,
      "url": "https://183.250.108.194:500/OnlineJudge/problem_show.php?id=2578"
    },
    {
      "id": "2579",
      "title": "2579",
      "difficulty": 0,
      "pass_rate": 0,
      "ac_count": 0,
      "url": "https://183.250.108.194:500/OnlineJudge/problem_show.php?id=2579"
    },
    {
      "id": "2581",
      "title": "2581",
      "difficulty": 0,
      "pass_rate": 0,
      "ac_count": 0,
      "url": "https://183.250.108.194:500/OnlineJudge/problem_show.php?id=2581"
    },
    {
      "id": "2587",
      "title": "2587",
      "difficulty": 0,
      "pass_rate": 0,
      "ac_count": 0,
      "url": "https://183.250.108.194:500/OnlineJudge/problem_show.php?id=2587"
    },
    {
      "id": "2588",
      "title": "2588",
      "difficulty": 0,
      "pass_rate": 0,
      "ac_count": 0,
      "url": "https://183.250.108.194:500/OnlineJudge/problem_show.php?id=2588"
    },
    {
      "id": "2589",
      "title": "2589",
      "difficulty": 0,
      "pass_rate": 0,
      "ac_count": 0,
      "url": "https://183.250.108.194:500/OnlineJudge/problem_show.php?id=2589"
    },
    {
      "id": "2590",
      "title": "2590",
      "difficulty": 0,
      "pass_rate": 0,
      "ac_count": 0,
      "url": "https://183.250.108.194:500/OnlineJudge/problem_show.php?id=2590"
    },
    {
      "id": "2591",
      "title": "2591",
      "difficulty": 0,
      "pass_rate": 0,
      "ac_count": 0,
      "url": "https://183.250.108.194:500/OnlineJudge/problem_show.php?id=2591"
    },
    {
      "id": "2592",
      "title": "2592",
      "difficulty": 0,
      "pass_rate": 0,
      "ac_count": 0,
      "url": "https://183.250.108.194:500/OnlineJudge/problem_show.php?id=2592"
    },
    {
      "id": "2596",
      "title": "2596",
      "difficulty": 0,
      "pass_rate": 0,
      "ac_count": 0,
      "url": "https://183.250.108.194:500/OnlineJudge/problem_show.php?id=2596"
    },
    {
      "id": "2597",
      "title": "2597",
      "difficulty": 0,
      "pass_rate": 0,
      "ac_count": 0,
      "url": "https://183.250.108.194:500/OnlineJudge/problem_show.php?id=2597"
    },
    {
      "id": "2598",
      "title": "2598",
      "difficulty": 0,
      "pass_rate": 0,
      "ac_count": 0,
      "url": "https://183.250.108.194:500/OnlineJudge/problem_show.php?id=2598"
    },
    {
      "id": "2599",
      "title": "2599",
      "difficulty": 0,
      "pass_rate": 0,
      "ac_count": 0,
      "url": "https://183.250.108.194:500/OnlineJudge/problem_show.php?id=2599"
    },
    {
      "id": "2600",
      "title": "2600",
      "difficulty": 0,
      "pass_rate": 0,
      "ac_count": 0,
      "url": "https://183.250.108.194:500/OnlineJudge/problem_show.php?id=2600"
    },
    {
      "id": "2601",
      "title": "2601",
      "difficulty": 0,
      "pass_rate": 0,
      "ac_count": 0,
      "url": "https://183.250.108.194:500/OnlineJudge/problem_show.php?id=2601"
    },
    {
      "id": "2602",
      "title": "2602",
      "difficulty": 0,
      "pass_rate": 0,
      "ac_count": 0,
      "url": "https://183.250.108.194:500/OnlineJudge/problem_show.php?id=2602"
    },
    {
      "id": "2603",
      "title": "2603",
      "difficulty": 0,
      "pass_rate": 0,
      "ac_count": 0,
      "url": "https://183.250.108.194:500/OnlineJudge/problem_show.php?id=2603"
    },
    {
      "id": "2604",
      "title": "2604",
      "difficulty": 0,
      "pass_rate": 0,
      "ac_count": 0,
      "url": "https://183.250.108.194:500/OnlineJudge/problem_show.php?id=2604"
    },
    {
      "id": "2606",
      "title": "2606",
      "difficulty": 0,
      "pass_rate": 0,
      "ac_count": 0,
      "url": "https://183.250.108.194:500/OnlineJudge/problem_show.php?id=2606"
    },
    {
      "id": "2608",
      "title": "2608",
      "difficulty": 0,
      "pass_rate": 0,
      "ac_count": 0,
      "url": "https://183.250.108.194:500/OnlineJudge/problem_show.php?id=2608"
    },
    {
      "id": "2609",
      "title": "2609",
      "difficulty": 0,
      "pass_rate": 0,
      "ac_count": 0,
      "url": "https://183.250.108.194:500/OnlineJudge/problem_show.php?id=2609"
    },
    {
      "id": "2610",
      "title": "2610",
      "difficulty": 0,
      "pass_rate": 0,
      "ac_count": 0,
      "url": "https://183.250.108.194:500/OnlineJudge/problem_show.php?id=2610"
    },
    {
      "id": "2633",
      "title": "2633",
      "difficulty": 0,
      "pass_rate": 0,
      "ac_count": 0,
      "url": "https://183.250.108.194:500/OnlineJudge/problem_show.php?id=2633"
    },
    {
      "id": "2634",
      "title": "2634",
      "difficulty": 0,
      "pass_rate": 0,
      "ac_count": 0,
      "url": "https://183.250.108.194:500/OnlineJudge/problem_show.php?id=2634"
    },
    {
      "id": "2635",
      "title": "2635",
      "difficulty": 0,
      "pass_rate": 0,
      "ac_count": 0,
      "url": "https://183.250.108.194:500/OnlineJudge/problem_show.php?id=2635"
    },
    {
      "id": "2637",
      "title": "2637",
      "difficulty": 0,
      "pass_rate": 0,
      "ac_count": 0,
      "url": "https://183.250.108.194:500/OnlineJudge/problem_show.php?id=2637"
    },
    {
      "id": "2639",
      "title": "2639",
      "difficulty": 0,
      "pass_rate": 0,
      "ac_count": 0,
      "url": "https://183.250.108.194:500/OnlineJudge/problem_show.php?id=2639"
    },
    {
      "id": "2650",
      "title": "2650",
      "difficulty": 0,
      "pass_rate": 0,
      "ac_count": 0,
      "url": "https://183.250.108.194:500/OnlineJudge/problem_show.php?id=2650"
    },
    {
      "id": "2664",
      "title": "2664",
      "difficulty": 0,
      "pass_rate": 0,
      "ac_count": 0,
      "url": "https://183.250.108.194:500/OnlineJudge/problem_show.php?id=2664"
    },
    {
      "id": "2665",
      "title": "2665",
      "difficulty": 0,
      "pass_rate": 0,
      "ac_count": 0,
      "url": "https://183.250.108.194:500/OnlineJudge/problem_show.php?id=2665"
    },
    {
      "id": "2666",
      "title": "2666",
      "difficulty": 0,
      "pass_rate": 0,
      "ac_count": 0,
      "url": "https://183.250.108.194:500/OnlineJudge/problem_show.php?id=2666"
    },
    {
      "id": "2669",
      "title": "2669",
      "difficulty": 0,
      "pass_rate": 0,
      "ac_count": 0,
      "url": "https://183.250.108.194:500/OnlineJudge/problem_show.php?id=2669"
    },
    {
      "id": "2670",
      "title": "2670",
      "difficulty": 0,
      "pass_rate": 0,
      "ac_count": 0,
      "url": "https://183.250.108.194:500/OnlineJudge/problem_show.php?id=2670"
    },
    {
      "id": "2671",
      "title": "2671",
      "difficulty": 0,
      "pass_rate": 0,
      "ac_count": 0,
      "url": "https://183.250.108.194:500/OnlineJudge/problem_show.php?id=2671"
    },
    {
      "id": "2672",
      "title": "2672",
      "difficulty": 0,
      "pass_rate": 0,
      "ac_count": 0,
      "url": "https://183.250.108.194:500/OnlineJudge/problem_show.php?id=2672"
    },
    {
      "id": "2673",
      "title": "2673",
      "difficulty": 0,
      "pass_rate": 0,
      "ac_count": 0,
      "url": "https://183.250.108.194:500/OnlineJudge/problem_show.php?id=2673"
    },
    {
      "id": "2685",
      "title": "2685",
      "difficulty": 0,
      "pass_rate": 0,
      "ac_count": 0,
      "url": "https://183.250.108.194:500/OnlineJudge/problem_show.php?id=2685"
    },
    {
      "id": "2692",
      "title": "2692",
      "difficulty": 0,
      "pass_rate": 0,
      "ac_count": 0,
      "url": "https://183.250.108.194:500/OnlineJudge/problem_show.php?id=2692"
    },
    {
      "id": "2693",
      "title": "2693",
      "difficulty": 0,
      "pass_rate": 0,
      "ac_count": 0,
      "url": "https://183.250.108.194:500/OnlineJudge/problem_show.php?id=2693"
    },
    {
      "id": "2694",
      "title": "2694",
      "difficulty": 0,
      "pass_rate": 0,
      "ac_count": 0,
      "url": "https://183.250.108.194:500/OnlineJudge/problem_show.php?id=2694"
    },
    {
      "id": "2703",
      "title": "2703",
      "difficulty": 0,
      "pass_rate": 0,
      "ac_count": 0,
      "url": "https://183.250.108.194:500/OnlineJudge/problem_show.php?id=2703"
    },
    {
      "id": "2705",
      "title": "2705",
      "difficulty": 0,
      "pass_rate": 0,
      "ac_count": 0,
      "url": "https://183.250.108.194:500/OnlineJudge/problem_show.php?id=2705"
    },
    {
      "id": "2716",
      "title": "2716",
      "difficulty": 0,
      "pass_rate": 0,
      "ac_count": 0,
      "url": "https://183.250.108.194:500/OnlineJudge/problem_show.php?id=2716"
    },
    {
      "id": "2718",
      "title": "2718",
      "difficulty": 0,
      "pass_rate": 0,
      "ac_count": 0,
      "url": "https://183.250.108.194:500/OnlineJudge/problem_show.php?id=2718"
    },
    {
      "id": "2724",
      "title": "2724",
      "difficulty": 0,
      "pass_rate": 0,
      "ac_count": 0,
      "url": "https://183.250.108.194:500/OnlineJudge/problem_show.php?id=2724"
    },
    {
      "id": "2727",
      "title": "2727",
      "difficulty": 0,
      "pass_rate": 0,
      "ac_count": 0,
      "url": "https://183.250.108.194:500/OnlineJudge/problem_show.php?id=2727"
    },
    {
      "id": "2729",
      "title": "2729",
      "difficulty": 0,
      "pass_rate": 0,
      "ac_count": 0,
      "url": "https://183.250.108.194:500/OnlineJudge/problem_show.php?id=2729"
    },
    {
      "id": "2733",
      "title": "2733",
      "difficulty": 0,
      "pass_rate": 0,
      "ac_count": 0,
      "url": "https://183.250.108.194:500/OnlineJudge/problem_show.php?id=2733"
    },
    {
      "id": "2737",
      "title": "2737",
      "difficulty": 0,
      "pass_rate": 0,
      "ac_count": 0,
      "url": "https://183.250.108.194:500/OnlineJudge/problem_show.php?id=2737"
    },
    {
      "id": "2738",
      "title": "2738",
      "difficulty": 0,
      "pass_rate": 0,
      "ac_count": 0,
      "url": "https://183.250.108.194:500/OnlineJudge/problem_show.php?id=2738"
    },
    {
      "id": "2739",
      "title": "2739",
      "difficulty": 0,
      "pass_rate": 0,
      "ac_count": 0,
      "url": "https://183.250.108.194:500/OnlineJudge/problem_show.php?id=2739"
    },
    {
      "id": "2744",
      "title": "2744",
      "difficulty": 0,
      "pass_rate": 0,
      "ac_count": 0,
      "url": "https://183.250.108.194:500/OnlineJudge/problem_show.php?id=2744"
    },
    {
      "id": "2745",
      "title": "2745",
      "difficulty": 0,
      "pass_rate": 0,
      "ac_count": 0,
      "url": "https://183.250.108.194:500/OnlineJudge/problem_show.php?id=2745"
    },
    {
      "id": "2747",
      "title": "2747",
      "difficulty": 0,
      "pass_rate": 0,
      "ac_count": 0,
      "url": "https://183.250.108.194:500/OnlineJudge/problem_show.php?id=2747"
    },
    {
      "id": "2748",
      "title": "2748",
      "difficulty": 0,
      "pass_rate": 0,
      "ac_count": 0,
      "url": "https://183.250.108.194:500/OnlineJudge/problem_show.php?id=2748"
    },
    {
      "id": "2749",
      "title": "2749",
      "difficulty": 0,
      "pass_rate": 0,
      "ac_count": 0,
      "url": "https://183.250.108.194:500/OnlineJudge/problem_show.php?id=2749"
    },
    {
      "id": "2758",
      "title": "2758",
      "difficulty": 0,
      "pass_rate": 0,
      "ac_count": 0,
      "url": "https://183.250.108.194:500/OnlineJudge/problem_show.php?id=2758"
    },
    {
      "id": "2759",
      "title": "2759",
      "difficulty": 0,
      "pass_rate": 0,
      "ac_count": 0,
      "url": "https://183.250.108.194:500/OnlineJudge/problem_show.php?id=2759"
    },
    {
      "id": "2760",
      "title": "2760",
      "difficulty": 0,
      "pass_rate": 0,
      "ac_count": 0,
      "url": "https://183.250.108.194:500/OnlineJudge/problem_show.php?id=2760"
    },
    {
      "id": "2761",
      "title": "2761",
      "difficulty": 0,
      "pass_rate": 0,
      "ac_count": 0,
      "url": "https://183.250.108.194:500/OnlineJudge/problem_show.php?id=2761"
    },
    {
      "id": "2762",
      "title": "2762",
      "difficulty": 0,
      "pass_rate": 0,
      "ac_count": 0,
      "url": "https://183.250.108.194:500/OnlineJudge/problem_show.php?id=2762"
    },
    {
      "id": "2763",
      "title": "2763",
      "difficulty": 0,
      "pass_rate": 0,
      "ac_count": 0,
      "url": "https://183.250.108.194:500/OnlineJudge/problem_show.php?id=2763"
    },
    {
      "id": "2764",
      "title": "2764",
      "difficulty": 0,
      "pass_rate": 0,
      "ac_count": 0,
      "url": "https://183.250.108.194:500/OnlineJudge/problem_show.php?id=2764"
    },
    {
      "id": "2767",
      "title": "2767",
      "difficulty": 0,
      "pass_rate": 0,
      "ac_count": 0,
      "url": "https://183.250.108.194:500/OnlineJudge/problem_show.php?id=2767"
    },
    {
      "id": "2768",
      "title": "2768",
      "difficulty": 0,
      "pass_rate": 0,
      "ac_count": 0,
      "url": "https://183.250.108.194:500/OnlineJudge/problem_show.php?id=2768"
    },
    {
      "id": "2769",
      "title": "2769",
      "difficulty": 0,
      "pass_rate": 0,
      "ac_count": 0,
      "url": "https://183.250.108.194:500/OnlineJudge/problem_show.php?id=2769"
    },
    {
      "id": "2779",
      "title": "2779",
      "difficulty": 0,
      "pass_rate": 0,
      "ac_count": 0,
      "url": "https://183.250.108.194:500/OnlineJudge/problem_show.php?id=2779"
    },
    {
      "id": "2780",
      "title": "2780",
      "difficulty": 0,
      "pass_rate": 0,
      "ac_count": 0,
      "url": "https://183.250.108.194:500/OnlineJudge/problem_show.php?id=2780"
    },
    {
      "id": "2781",
      "title": "2781",
      "difficulty": 0,
      "pass_rate": 0,
      "ac_count": 0,
      "url": "https://183.250.108.194:500/OnlineJudge/problem_show.php?id=2781"
    },
    {
      "id": "2793",
      "title": "2793",
      "difficulty": 0,
      "pass_rate": 0,
      "ac_count": 0,
      "url": "https://183.250.108.194:500/OnlineJudge/problem_show.php?id=2793"
    },
    {
      "id": "2798",
      "title": "2798",
      "difficulty": 0,
      "pass_rate": 0,
      "ac_count": 0,
      "url": "https://183.250.108.194:500/OnlineJudge/problem_show.php?id=2798"
    },
    {
      "id": "2799",
      "title": "2799",
      "difficulty": 0,
      "pass_rate": 0,
      "ac_count": 0,
      "url": "https://183.250.108.194:500/OnlineJudge/problem_show.php?id=2799"
    },
    {
      "id": "2800",
      "title": "2800",
      "difficulty": 0,
      "pass_rate": 0,
      "ac_count": 0,
      "url": "https://183.250.108.194:500/OnlineJudge/problem_show.php?id=2800"
    },
    {
      "id": "2801",
      "title": "2801",
      "difficulty": 0,
      "pass_rate": 0,
      "ac_count": 0,
      "url": "https://183.250.108.194:500/OnlineJudge/problem_show.php?id=2801"
    },
    {
      "id": "2802",
      "title": "2802",
      "difficulty": 0,
      "pass_rate": 0,
      "ac_count": 0,
      "url": "https://183.250.108.194:500/OnlineJudge/problem_show.php?id=2802"
    },
    {
      "id": "2803",
      "title": "2803",
      "difficulty": 0,
      "pass_rate": 0,
      "ac_count": 0,
      "url": "https://183.250.108.194:500/OnlineJudge/problem_show.php?id=2803"
    },
    {
      "id": "2808",
      "title": "2808",
      "difficulty": 0,
      "pass_rate": 0,
      "ac_count": 0,
      "url": "https://183.250.108.194:500/OnlineJudge/problem_show.php?id=2808"
    },
    {
      "id": "2809",
      "title": "2809",
      "difficulty": 0,
      "pass_rate": 0,
      "ac_count": 0,
      "url": "https://183.250.108.194:500/OnlineJudge/problem_show.php?id=2809"
    },
    {
      "id": "2810",
      "title": "2810",
      "difficulty": 0,
      "pass_rate": 0,
      "ac_count": 0,
      "url": "https://183.250.108.194:500/OnlineJudge/problem_show.php?id=2810"
    },
    {
      "id": "2811",
      "title": "2811",
      "difficulty": 0,
      "pass_rate": 0,
      "ac_count": 0,
      "url": "https://183.250.108.194:500/OnlineJudge/problem_show.php?id=2811"
    },
    {
      "id": "2819",
      "title": "2819",
      "difficulty": 0,
      "pass_rate": 0,
      "ac_count": 0,
      "url": "https://183.250.108.194:500/OnlineJudge/problem_show.php?id=2819"
    },
    {
      "id": "2827",
      "title": "2827",
      "difficulty": 0,
      "pass_rate": 0,
      "ac_count": 0,
      "url": "https://183.250.108.194:500/OnlineJudge/problem_show.php?id=2827"
    },
    {
      "id": "2828",
      "title": "2828",
      "difficulty": 0,
      "pass_rate": 0,
      "ac_count": 0,
      "url": "https://183.250.108.194:500/OnlineJudge/problem_show.php?id=2828"
    },
    {
      "id": "2829",
      "title": "2829",
      "difficulty": 0,
      "pass_rate": 0,
      "ac_count": 0,
      "url": "https://183.250.108.194:500/OnlineJudge/problem_show.php?id=2829"
    },
    {
      "id": "2839",
      "title": "2839",
      "difficulty": 0,
      "pass_rate": 0,
      "ac_count": 0,
      "url": "https://183.250.108.194:500/OnlineJudge/problem_show.php?id=2839"
    },
    {
      "id": "2840",
      "title": "2840",
      "difficulty": 0,
      "pass_rate": 0,
      "ac_count": 0,
      "url": "https://183.250.108.194:500/OnlineJudge/problem_show.php?id=2840"
    },
    {
      "id": "2843",
      "title": "2843",
      "difficulty": 0,
      "pass_rate": 0,
      "ac_count": 0,
      "url": "https://183.250.108.194:500/OnlineJudge/problem_show.php?id=2843"
    },
    {
      "id": "2844",
      "title": "2844",
      "difficulty": 0,
      "pass_rate": 0,
      "ac_count": 0,
      "url": "https://183.250.108.194:500/OnlineJudge/problem_show.php?id=2844"
    },
    {
      "id": "2845",
      "title": "2845",
      "difficulty": 0,
      "pass_rate": 0,
      "ac_count": 0,
      "url": "https://183.250.108.194:500/OnlineJudge/problem_show.php?id=2845"
    },
    {
      "id": "2846",
      "title": "2846",
      "difficulty": 0,
      "pass_rate": 0,
      "ac_count": 0,
      "url": "https://183.250.108.194:500/OnlineJudge/problem_show.php?id=2846"
    },
    {
      "id": "2847",
      "title": "2847",
      "difficulty": 0,
      "pass_rate": 0,
      "ac_count": 0,
      "url": "https://183.250.108.194:500/OnlineJudge/problem_show.php?id=2847"
    },
    {
      "id": "2850",
      "title": "2850",
      "difficulty": 0,
      "pass_rate": 0,
      "ac_count": 0,
      "url": "https://183.250.108.194:500/OnlineJudge/problem_show.php?id=2850"
    },
    {
      "id": "2851",
      "title": "2851",
      "difficulty": 0,
      "pass_rate": 0,
      "ac_count": 0,
      "url": "https://183.250.108.194:500/OnlineJudge/problem_show.php?id=2851"
    },
    {
      "id": "2853",
      "title": "2853",
      "difficulty": 0,
      "pass_rate": 0,
      "ac_count": 0,
      "url": "https://183.250.108.194:500/OnlineJudge/problem_show.php?id=2853"
    },
    {
      "id": "2854",
      "title": "2854",
      "difficulty": 0,
      "pass_rate": 0,
      "ac_count": 0,
      "url": "https://183.250.108.194:500/OnlineJudge/problem_show.php?id=2854"
    },
    {
      "id": "2857",
      "title": "2857",
      "difficulty": 0,
      "pass_rate": 0,
      "ac_count": 0,
      "url": "https://183.250.108.194:500/OnlineJudge/problem_show.php?id=2857"
    },
    {
      "id": "2858",
      "title": "2858",
      "difficulty": 0,
      "pass_rate": 0,
      "ac_count": 0,
      "url": "https://183.250.108.194:500/OnlineJudge/problem_show.php?id=2858"
    },
    {
      "id": "2862",
      "title": "2862",
      "difficulty": 0,
      "pass_rate": 0,
      "ac_count": 0,
      "url": "https://183.250.108.194:500/OnlineJudge/problem_show.php?id=2862"
    },
    {
      "id": "2867",
      "title": "2867",
      "difficulty": 0,
      "pass_rate": 0,
      "ac_count": 0,
      "url": "https://183.250.108.194:500/OnlineJudge/problem_show.php?id=2867"
    },
    {
      "id": "2870",
      "title": "2870",
      "difficulty": 0,
      "pass_rate": 0,
      "ac_count": 0,
      "url": "https://183.250.108.194:500/OnlineJudge/problem_show.php?id=2870"
    },
    {
      "id": "2872",
      "title": "2872",
      "difficulty": 0,
      "pass_rate": 0,
      "ac_count": 0,
      "url": "https://183.250.108.194:500/OnlineJudge/problem_show.php?id=2872"
    },
    {
      "id": "2879",
      "title": "2879",
      "difficulty": 0,
      "pass_rate": 0,
      "ac_count": 0,
      "url": "https://183.250.108.194:500/OnlineJudge/problem_show.php?id=2879"
    },
    {
      "id": "2881",
      "title": "2881",
      "difficulty": 0,
      "pass_rate": 0,
      "ac_count": 0,
      "url": "https://183.250.108.194:500/OnlineJudge/problem_show.php?id=2881"
    },
    {
      "id": "2882",
      "title": "2882",
      "difficulty": 0,
      "pass_rate": 0,
      "ac_count": 0,
      "url": "https://183.250.108.194:500/OnlineJudge/problem_show.php?id=2882"
    },
    {
      "id": "2884",
      "title": "2884",
      "difficulty": 0,
      "pass_rate": 0,
      "ac_count": 0,
      "url": "https://183.250.108.194:500/OnlineJudge/problem_show.php?id=2884"
    },
    {
      "id": "2885",
      "title": "2885",
      "difficulty": 0,
      "pass_rate": 0,
      "ac_count": 0,
      "url": "https://183.250.108.194:500/OnlineJudge/problem_show.php?id=2885"
    },
    {
      "id": "2888",
      "title": "2888",
      "difficulty": 0,
      "pass_rate": 0,
      "ac_count": 0,
      "url": "https://183.250.108.194:500/OnlineJudge/problem_show.php?id=2888"
    },
    {
      "id": "2890",
      "title": "2890",
      "difficulty": 0,
      "pass_rate": 0,
      "ac_count": 0,
      "url": "https://183.250.108.194:500/OnlineJudge/problem_show.php?id=2890"
    },
    {
      "id": "2896",
      "title": "2896",
      "difficulty": 0,
      "pass_rate": 0,
      "ac_count": 0,
      "url": "https://183.250.108.194:500/OnlineJudge/problem_show.php?id=2896"
    },
    {
      "id": "2897",
      "title": "2897",
      "difficulty": 0,
      "pass_rate": 0,
      "ac_count": 0,
      "url": "https://183.250.108.194:500/OnlineJudge/problem_show.php?id=2897"
    },
    {
      "id": "2898",
      "title": "2898",
      "difficulty": 0,
      "pass_rate": 0,
      "ac_count": 0,
      "url": "https://183.250.108.194:500/OnlineJudge/problem_show.php?id=2898"
    },
    {
      "id": "2899",
      "title": "2899",
      "difficulty": 0,
      "pass_rate": 0,
      "ac_count": 0,
      "url": "https://183.250.108.194:500/OnlineJudge/problem_show.php?id=2899"
    },
    {
      "id": "2916",
      "title": "2916",
      "difficulty": 0,
      "pass_rate": 0,
      "ac_count": 0,
      "url": "https://183.250.108.194:500/OnlineJudge/problem_show.php?id=2916"
    },
    {
      "id": "2920",
      "title": "2920",
      "difficulty": 0,
      "pass_rate": 0,
      "ac_count": 0,
      "url": "https://183.250.108.194:500/OnlineJudge/problem_show.php?id=2920"
    },
    {
      "id": "2921",
      "title": "2921",
      "difficulty": 0,
      "pass_rate": 0,
      "ac_count": 0,
      "url": "https://183.250.108.194:500/OnlineJudge/problem_show.php?id=2921"
    },
    {
      "id": "2922",
      "title": "2922",
      "difficulty": 0,
      "pass_rate": 0,
      "ac_count": 0,
      "url": "https://183.250.108.194:500/OnlineJudge/problem_show.php?id=2922"
    },
    {
      "id": "2923",
      "title": "2923",
      "difficulty": 0,
      "pass_rate": 0,
      "ac_count": 0,
      "url": "https://183.250.108.194:500/OnlineJudge/problem_show.php?id=2923"
    },
    {
      "id": "2924",
      "title": "2924",
      "difficulty": 0,
      "pass_rate": 0,
      "ac_count": 0,
      "url": "https://183.250.108.194:500/OnlineJudge/problem_show.php?id=2924"
    },
    {
      "id": "2925",
      "title": "2925",
      "difficulty": 0,
      "pass_rate": 0,
      "ac_count": 0,
      "url": "https://183.250.108.194:500/OnlineJudge/problem_show.php?id=2925"
    },
    {
      "id": "2928",
      "title": "2928",
      "difficulty": 0,
      "pass_rate": 0,
      "ac_count": 0,
      "url": "https://183.250.108.194:500/OnlineJudge/problem_show.php?id=2928"
    },
    {
      "id": "2939",
      "title": "2939",
      "difficulty": 0,
      "pass_rate": 0,
      "ac_count": 0,
      "url": "https://183.250.108.194:500/OnlineJudge/problem_show.php?id=2939"
    },
    {
      "id": "2942",
      "title": "2942",
      "difficulty": 0,
      "pass_rate": 0,
      "ac_count": 0,
      "url": "https://183.250.108.194:500/OnlineJudge/problem_show.php?id=2942"
    },
    {
      "id": "2948",
      "title": "2948",
      "difficulty": 0,
      "pass_rate": 0,
      "ac_count": 0,
      "url": "https://183.250.108.194:500/OnlineJudge/problem_show.php?id=2948"
    },
    {
      "id": "2949",
      "title": "2949",
      "difficulty": 0,
      "pass_rate": 0,
      "ac_count": 0,
      "url": "https://183.250.108.194:500/OnlineJudge/problem_show.php?id=2949"
    },
    {
      "id": "2950",
      "title": "2950",
      "difficulty": 0,
      "pass_rate": 0,
      "ac_count": 0,
      "url": "https://183.250.108.194:500/OnlineJudge/problem_show.php?id=2950"
    },
    {
      "id": "2951",
      "title": "2951",
      "difficulty": 0,
      "pass_rate": 0,
      "ac_count": 0,
      "url": "https://183.250.108.194:500/OnlineJudge/problem_show.php?id=2951"
    },
    {
      "id": "2966",
      "title": "2966",
      "difficulty": 0,
      "pass_rate": 0,
      "ac_count": 0,
      "url": "https://183.250.108.194:500/OnlineJudge/problem_show.php?id=2966"
    },
    {
      "id": "2968",
      "title": "2968",
      "difficulty": 0,
      "pass_rate": 0,
      "ac_count": 0,
      "url": "https://183.250.108.194:500/OnlineJudge/problem_show.php?id=2968"
    },
    {
      "id": "2987",
      "title": "2987",
      "difficulty": 0,
      "pass_rate": 0,
      "ac_count": 0,
      "url": "https://183.250.108.194:500/OnlineJudge/problem_show.php?id=2987"
    },
    {
      "id": "2989",
      "title": "2989",
      "difficulty": 0,
      "pass_rate": 0,
      "ac_count": 0,
      "url": "https://183.250.108.194:500/OnlineJudge/problem_show.php?id=2989"
    },
    {
      "id": "2993",
      "title": "2993",
      "difficulty": 0,
      "pass_rate": 0,
      "ac_count": 0,
      "url": "https://183.250.108.194:500/OnlineJudge/problem_show.php?id=2993"
    },
    {
      "id": "2995",
      "title": "2995",
      "difficulty": 0,
      "pass_rate": 0,
      "ac_count": 0,
      "url": "https://183.250.108.194:500/OnlineJudge/problem_show.php?id=2995"
    },
    {
      "id": "2996",
      "title": "2996",
      "difficulty": 0,
      "pass_rate": 0,
      "ac_count": 0,
      "url": "https://183.250.108.194:500/OnlineJudge/problem_show.php?id=2996"
    },
    {
      "id": "2997",
      "title": "2997",
      "difficulty": 0,
      "pass_rate": 0,
      "ac_count": 0,
      "url": "https://183.250.108.194:500/OnlineJudge/problem_show.php?id=2997"
    },
    {
      "id": "2998",
      "title": "2998",
      "difficulty": 0,
      "pass_rate": 0,
      "ac_count": 0,
      "url": "https://183.250.108.194:500/OnlineJudge/problem_show.php?id=2998"
    },
    {
      "id": "2999",
      "title": "2999",
      "difficulty": 0,
      "pass_rate": 0,
      "ac_count": 0,
      "url": "https://183.250.108.194:500/OnlineJudge/problem_show.php?id=2999"
    },
    {
      "id": "3000",
      "title": "3000",
      "difficulty": 0,
      "pass_rate": 0,
      "ac_count": 0,
      "url": "https://183.250.108.194:500/OnlineJudge/problem_show.php?id=3000"
    },
    {
      "id": "3001",
      "title": "3001",
      "difficulty": 0,
      "pass_rate": 0,
      "ac_count": 0,
      "url": "https://183.250.108.194:500/OnlineJudge/problem_show.php?id=3001"
    },
    {
      "id": "3002",
      "title": "3002",
      "difficulty": 0,
      "pass_rate": 0,
      "ac_count": 0,
      "url": "https://183.250.108.194:500/OnlineJudge/problem_show.php?id=3002"
    },
    {
      "id": "3004",
      "title": "3004",
      "difficulty": 0,
      "pass_rate": 0,
      "ac_count": 0,
      "url": "https://183.250.108.194:500/OnlineJudge/problem_show.php?id=3004"
    },
    {
      "id": "3005",
      "title": "3005",
      "difficulty": 0,
      "pass_rate": 0,
      "ac_count": 0,
      "url": "https://183.250.108.194:500/OnlineJudge/problem_show.php?id=3005"
    },
    {
      "id": "3006",
      "title": "3006",
      "difficulty": 0,
      "pass_rate": 0,
      "ac_count": 0,
      "url": "https://183.250.108.194:500/OnlineJudge/problem_show.php?id=3006"
    },
    {
      "id": "3008",
      "title": "3008",
      "difficulty": 0,
      "pass_rate": 0,
      "ac_count": 0,
      "url": "https://183.250.108.194:500/OnlineJudge/problem_show.php?id=3008"
    },
    {
      "id": "3015",
      "title": "3015",
      "difficulty": 0,
      "pass_rate": 0,
      "ac_count": 0,
      "url": "https://183.250.108.194:500/OnlineJudge/problem_show.php?id=3015"
    },
    {
      "id": "3016",
      "title": "3016",
      "difficulty": 0,
      "pass_rate": 0,
      "ac_count": 0,
      "url": "https://183.250.108.194:500/OnlineJudge/problem_show.php?id=3016"
    },
    {
      "id": "3018",
      "title": "3018",
      "difficulty": 0,
      "pass_rate": 0,
      "ac_count": 0,
      "url": "https://183.250.108.194:500/OnlineJudge/problem_show.php?id=3018"
    },
    {
      "id": "3028",
      "title": "3028",
      "difficulty": 0,
      "pass_rate": 0,
      "ac_count": 0,
      "url": "https://183.250.108.194:500/OnlineJudge/problem_show.php?id=3028"
    },
    {
      "id": "3031",
      "title": "3031",
      "difficulty": 0,
      "pass_rate": 0,
      "ac_count": 0,
      "url": "https://183.250.108.194:500/OnlineJudge/problem_show.php?id=3031"
    },
    {
      "id": "3047",
      "title": "3047",
      "difficulty": 0,
      "pass_rate": 0,
      "ac_count": 0,
      "url": "https://183.250.108.194:500/OnlineJudge/problem_show.php?id=3047"
    },
    {
      "id": "3061",
      "title": "3061",
      "difficulty": 0,
      "pass_rate": 0,
      "ac_count": 0,
      "url": "https://183.250.108.194:500/OnlineJudge/problem_show.php?id=3061"
    },
    {
      "id": "3065",
      "title": "3065",
      "difficulty": 0,
      "pass_rate": 0,
      "ac_count": 0,
      "url": "https://183.250.108.194:500/OnlineJudge/problem_show.php?id=3065"
    },
    {
      "id": "3075",
      "title": "3075",
      "difficulty": 0,
      "pass_rate": 0,
      "ac_count": 0,
      "url": "https://183.250.108.194:500/OnlineJudge/problem_show.php?id=3075"
    },
    {
      "id": "3077",
      "title": "3077",
      "difficulty": 0,
      "pass_rate": 0,
      "ac_count": 0,
      "url": "https://183.250.108.194:500/OnlineJudge/problem_show.php?id=3077"
    },
    {
      "id": "3093",
      "title": "3093",
      "difficulty": 0,
      "pass_rate": 0,
      "ac_count": 0,
      "url": "https://183.250.108.194:500/OnlineJudge/problem_show.php?id=3093"
    },
    {
      "id": "3101",
      "title": "3101",
      "difficulty": 0,
      "pass_rate": 0,
      "ac_count": 0,
      "url": "https://183.250.108.194:500/OnlineJudge/problem_show.php?id=3101"
    },
    {
      "id": "3117",
      "title": "3117",
      "difficulty": 0,
      "pass_rate": 0,
      "ac_count": 0,
      "url": "https://183.250.108.194:500/OnlineJudge/problem_show.php?id=3117"
    },
    {
      "id": "3122",
      "title": "3122",
      "difficulty": 0,
      "pass_rate": 0,
      "ac_count": 0,
      "url": "https://183.250.108.194:500/OnlineJudge/problem_show.php?id=3122"
    },
    {
      "id": "3123",
      "title": "3123",
      "difficulty": 0,
      "pass_rate": 0,
      "ac_count": 0,
      "url": "https://183.250.108.194:500/OnlineJudge/problem_show.php?id=3123"
    },
    {
      "id": "3124",
      "title": "3124",
      "difficulty": 0,
      "pass_rate": 0,
      "ac_count": 0,
      "url": "https://183.250.108.194:500/OnlineJudge/problem_show.php?id=3124"
    },
    {
      "id": "3127",
      "title": "3127",
      "difficulty": 0,
      "pass_rate": 0,
      "ac_count": 0,
      "url": "https://183.250.108.194:500/OnlineJudge/problem_show.php?id=3127"
    },
    {
      "id": "3128",
      "title": "3128",
      "difficulty": 0,
      "pass_rate": 0,
      "ac_count": 0,
      "url": "https://183.250.108.194:500/OnlineJudge/problem_show.php?id=3128"
    },
    {
      "id": "3129",
      "title": "3129",
      "difficulty": 0,
      "pass_rate": 0,
      "ac_count": 0,
      "url": "https://183.250.108.194:500/OnlineJudge/problem_show.php?id=3129"
    },
    {
      "id": "3138",
      "title": "3138",
      "difficulty": 0,
      "pass_rate": 0,
      "ac_count": 0,
      "url": "https://183.250.108.194:500/OnlineJudge/problem_show.php?id=3138"
    },
    {
      "id": "3143",
      "title": "3143",
      "difficulty": 0,
      "pass_rate": 0,
      "ac_count": 0,
      "url": "https://183.250.108.194:500/OnlineJudge/problem_show.php?id=3143"
    },
    {
      "id": "3159",
      "title": "3159",
      "difficulty": 0,
      "pass_rate": 0,
      "ac_count": 0,
      "url": "https://183.250.108.194:500/OnlineJudge/problem_show.php?id=3159"
    },
    {
      "id": "3160",
      "title": "3160",
      "difficulty": 0,
      "pass_rate": 0,
      "ac_count": 0,
      "url": "https://183.250.108.194:500/OnlineJudge/problem_show.php?id=3160"
    },
    {
      "id": "3161",
      "title": "3161",
      "difficulty": 0,
      "pass_rate": 0,
      "ac_count": 0,
      "url": "https://183.250.108.194:500/OnlineJudge/problem_show.php?id=3161"
    },
    {
      "id": "3162",
      "title": "3162",
      "difficulty": 0,
      "pass_rate": 0,
      "ac_count": 0,
      "url": "https://183.250.108.194:500/OnlineJudge/problem_show.php?id=3162"
    },
    {
      "id": "3163",
      "title": "3163",
      "difficulty": 0,
      "pass_rate": 0,
      "ac_count": 0,
      "url": "https://183.250.108.194:500/OnlineJudge/problem_show.php?id=3163"
    },
    {
      "id": "3164",
      "title": "3164",
      "difficulty": 0,
      "pass_rate": 0,
      "ac_count": 0,
      "url": "https://183.250.108.194:500/OnlineJudge/problem_show.php?id=3164"
    },
    {
      "id": "3165",
      "title": "3165",
      "difficulty": 0,
      "pass_rate": 0,
      "ac_count": 0,
      "url": "https://183.250.108.194:500/OnlineJudge/problem_show.php?id=3165"
    },
    {
      "id": "3166",
      "title": "3166",
      "difficulty": 0,
      "pass_rate": 0,
      "ac_count": 0,
      "url": "https://183.250.108.194:500/OnlineJudge/problem_show.php?id=3166"
    },
    {
      "id": "3167",
      "title": "3167",
      "difficulty": 0,
      "pass_rate": 0,
      "ac_count": 0,
      "url": "https://183.250.108.194:500/OnlineJudge/problem_show.php?id=3167"
    },
    {
      "id": "3168",
      "title": "3168",
      "difficulty": 0,
      "pass_rate": 0,
      "ac_count": 0,
      "url": "https://183.250.108.194:500/OnlineJudge/problem_show.php?id=3168"
    },
    {
      "id": "3169",
      "title": "3169",
      "difficulty": 0,
      "pass_rate": 0,
      "ac_count": 0,
      "url": "https://183.250.108.194:500/OnlineJudge/problem_show.php?id=3169"
    },
    {
      "id": "3173",
      "title": "3173",
      "difficulty": 0,
      "pass_rate": 0,
      "ac_count": 0,
      "url": "https://183.250.108.194:500/OnlineJudge/problem_show.php?id=3173"
    },
    {
      "id": "3174",
      "title": "3174",
      "difficulty": 0,
      "pass_rate": 0,
      "ac_count": 0,
      "url": "https://183.250.108.194:500/OnlineJudge/problem_show.php?id=3174"
    },
    {
      "id": "3175",
      "title": "3175",
      "difficulty": 0,
      "pass_rate": 0,
      "ac_count": 0,
      "url": "https://183.250.108.194:500/OnlineJudge/problem_show.php?id=3175"
    },
    {
      "id": "3176",
      "title": "3176",
      "difficulty": 0,
      "pass_rate": 0,
      "ac_count": 0,
      "url": "https://183.250.108.194:500/OnlineJudge/problem_show.php?id=3176"
    },
    {
      "id": "3177",
      "title": "3177",
      "difficulty": 0,
      "pass_rate": 0,
      "ac_count": 0,
      "url": "https://183.250.108.194:500/OnlineJudge/problem_show.php?id=3177"
    },
    {
      "id": "3178",
      "title": "3178",
      "difficulty": 0,
      "pass_rate": 0,
      "ac_count": 0,
      "url": "https://183.250.108.194:500/OnlineJudge/problem_show.php?id=3178"
    },
    {
      "id": "3181",
      "title": "3181",
      "difficulty": 0,
      "pass_rate": 0,
      "ac_count": 0,
      "url": "https://183.250.108.194:500/OnlineJudge/problem_show.php?id=3181"
    },
    {
      "id": "3182",
      "title": "3182",
      "difficulty": 0,
      "pass_rate": 0,
      "ac_count": 0,
      "url": "https://183.250.108.194:500/OnlineJudge/problem_show.php?id=3182"
    },
    {
      "id": "3183",
      "title": "3183",
      "difficulty": 0,
      "pass_rate": 0,
      "ac_count": 0,
      "url": "https://183.250.108.194:500/OnlineJudge/problem_show.php?id=3183"
    },
    {
      "id": "3185",
      "title": "3185",
      "difficulty": 0,
      "pass_rate": 0,
      "ac_count": 0,
      "url": "https://183.250.108.194:500/OnlineJudge/problem_show.php?id=3185"
    },
    {
      "id": "3186",
      "title": "3186",
      "difficulty": 0,
      "pass_rate": 0,
      "ac_count": 0,
      "url": "https://183.250.108.194:500/OnlineJudge/problem_show.php?id=3186"
    },
    {
      "id": "3187",
      "title": "3187",
      "difficulty": 0,
      "pass_rate": 0,
      "ac_count": 0,
      "url": "https://183.250.108.194:500/OnlineJudge/problem_show.php?id=3187"
    },
    {
      "id": "3188",
      "title": "3188",
      "difficulty": 0,
      "pass_rate": 0,
      "ac_count": 0,
      "url": "https://183.250.108.194:500/OnlineJudge/problem_show.php?id=3188"
    },
    {
      "id": "3189",
      "title": "3189",
      "difficulty": 0,
      "pass_rate": 0,
      "ac_count": 0,
      "url": "https://183.250.108.194:500/OnlineJudge/problem_show.php?id=3189"
    },
    {
      "id": "3190",
      "title": "3190",
      "difficulty": 0,
      "pass_rate": 0,
      "ac_count": 0,
      "url": "https://183.250.108.194:500/OnlineJudge/problem_show.php?id=3190"
    },
    {
      "id": "3191",
      "title": "3191",
      "difficulty": 0,
      "pass_rate": 0,
      "ac_count": 0,
      "url": "https://183.250.108.194:500/OnlineJudge/problem_show.php?id=3191"
    },
    {
      "id": "3195",
      "title": "3195",
      "difficulty": 0,
      "pass_rate": 0,
      "ac_count": 0,
      "url": "https://183.250.108.194:500/OnlineJudge/problem_show.php?id=3195"
    },
    {
      "id": "3197",
      "title": "3197",
      "difficulty": 0,
      "pass_rate": 0,
      "ac_count": 0,
      "url": "https://183.250.108.194:500/OnlineJudge/problem_show.php?id=3197"
    },
    {
      "id": "3222",
      "title": "3222",
      "difficulty": 0,
      "pass_rate": 0,
      "ac_count": 0,
      "url": "https://183.250.108.194:500/OnlineJudge/problem_show.php?id=3222"
    },
    {
      "id": "3226",
      "title": "3226",
      "difficulty": 0,
      "pass_rate": 0,
      "ac_count": 0,
      "url": "https://183.250.108.194:500/OnlineJudge/problem_show.php?id=3226"
    },
    {
      "id": "3230",
      "title": "3230",
      "difficulty": 0,
      "pass_rate": 0,
      "ac_count": 0,
      "url": "https://183.250.108.194:500/OnlineJudge/problem_show.php?id=3230"
    },
    {
      "id": "3240",
      "title": "3240",
      "difficulty": 0,
      "pass_rate": 0,
      "ac_count": 0,
      "url": "https://183.250.108.194:500/OnlineJudge/problem_show.php?id=3240"
    },
    {
      "id": "3245",
      "title": "3245",
      "difficulty": 0,
      "pass_rate": 0,
      "ac_count": 0,
      "url": "https://183.250.108.194:500/OnlineJudge/problem_show.php?id=3245"
    },
    {
      "id": "3286",
      "title": "3286",
      "difficulty": 0,
      "pass_rate": 0,
      "ac_count": 0,
      "url": "https://183.250.108.194:500/OnlineJudge/problem_show.php?id=3286"
    },
    {
      "id": "3287",
      "title": "3287",
      "difficulty": 0,
      "pass_rate": 0,
      "ac_count": 0,
      "url": "https://183.250.108.194:500/OnlineJudge/problem_show.php?id=3287"
    },
    {
      "id": "3288",
      "title": "3288",
      "difficulty": 0,
      "pass_rate": 0,
      "ac_count": 0,
      "url": "https://183.250.108.194:500/OnlineJudge/problem_show.php?id=3288"
    },
    {
      "id": "3369",
      "title": "3369",
      "difficulty": 0,
      "pass_rate": 0,
      "ac_count": 0,
      "url": "https://183.250.108.194:500/OnlineJudge/problem_show.php?id=3369"
    },
    {
      "id": "3383",
      "title": "3383",
      "difficulty": 0,
      "pass_rate": 0,
      "ac_count": 0,
      "url": "https://183.250.108.194:500/OnlineJudge/problem_show.php?id=3383"
    },
    {
      "id": "3420",
      "title": "3420",
      "difficulty": 0,
      "pass_rate": 0,
      "ac_count": 0,
      "url": "https://183.250.108.194:500/OnlineJudge/problem_show.php?id=3420"
    },
    {
      "id": "3451",
      "title": "3451",
      "difficulty": 0,
      "pass_rate": 0,
      "ac_count": 0,
      "url": "https://183.250.108.194:500/OnlineJudge/problem_show.php?id=3451"
    },
    {
      "id": "3477",
      "title": "3477",
      "difficulty": 0,
      "pass_rate": 0,
      "ac_count": 0,
      "url": "https://183.250.108.194:500/OnlineJudge/problem_show.php?id=3477"
    },
    {
      "id": "3487",
      "title": "3487",
      "difficulty": 0,
      "pass_rate": 0,
      "ac_count": 0,
      "url": "https://183.250.108.194:500/OnlineJudge/problem_show.php?id=3487"
    },
    {
      "id": "3490",
      "title": "3490",
      "difficulty": 0,
      "pass_rate": 0,
      "ac_count": 0,
      "url": "https://183.250.108.194:500/OnlineJudge/problem_show.php?id=3490"
    },
    {
      "id": "3495",
      "title": "3495",
      "difficulty": 0,
      "pass_rate": 0,
      "ac_count": 0,
      "url": "https://183.250.108.194:500/OnlineJudge/problem_show.php?id=3495"
    },
    {
      "id": "3509",
      "title": "3509",
      "difficulty": 0,
      "pass_rate": 0,
      "ac_count": 0,
      "url": "https://183.250.108.194:500/OnlineJudge/problem_show.php?id=3509"
    },
    {
      "id": "3510",
      "title": "3510",
      "difficulty": 0,
      "pass_rate": 0,
      "ac_count": 0,
      "url": "https://183.250.108.194:500/OnlineJudge/problem_show.php?id=3510"
    },
    {
      "id": "3511",
      "title": "3511",
      "difficulty": 0,
      "pass_rate": 0,
      "ac_count": 0,
      "url": "https://183.250.108.194:500/OnlineJudge/problem_show.php?id=3511"
    },
    {
      "id": "3513",
      "title": "3513",
      "difficulty": 0,
      "pass_rate": 0,
      "ac_count": 0,
      "url": "https://183.250.108.194:500/OnlineJudge/problem_show.php?id=3513"
    },
    {
      "id": "3514",
      "title": "3514",
      "difficulty": 0,
      "pass_rate": 0,
      "ac_count": 0,
      "url": "https://183.250.108.194:500/OnlineJudge/problem_show.php?id=3514"
    },
    {
      "id": "3551",
      "title": "3551",
      "difficulty": 0,
      "pass_rate": 0,
      "ac_count": 0,
      "url": "https://183.250.108.194:500/OnlineJudge/problem_show.php?id=3551"
    },
    {
      "id": "3628",
      "title": "3628",
      "difficulty": 0,
      "pass_rate": 0,
      "ac_count": 0,
      "url": "https://183.250.108.194:500/OnlineJudge/problem_show.php?id=3628"
    },
    {
      "id": "3635",
      "title": "3635",
      "difficulty": 0,
      "pass_rate": 0,
      "ac_count": 0,
      "url": "https://183.250.108.194:500/OnlineJudge/problem_show.php?id=3635"
    },
    {
      "id": "3637",
      "title": "3637",
      "difficulty": 0,
      "pass_rate": 0,
      "ac_count": 0,
      "url": "https://183.250.108.194:500/OnlineJudge/problem_show.php?id=3637"
    },
    {
      "id": "3639",
      "title": "3639",
      "difficulty": 0,
      "pass_rate": 0,
      "ac_count": 0,
      "url": "https://183.250.108.194:500/OnlineJudge/problem_show.php?id=3639"
    },
    {
      "id": "3640",
      "title": "3640",
      "difficulty": 0,
      "pass_rate": 0,
      "ac_count": 0,
      "url": "https://183.250.108.194:500/OnlineJudge/problem_show.php?id=3640"
    },
    {
      "id": "3641",
      "title": "3641",
      "difficulty": 0,
      "pass_rate": 0,
      "ac_count": 0,
      "url": "https://183.250.108.194:500/OnlineJudge/problem_show.php?id=3641"
    },
    {
      "id": "3642",
      "title": "3642",
      "difficulty": 0,
      "pass_rate": 0,
      "ac_count": 0,
      "url": "https://183.250.108.194:500/OnlineJudge/problem_show.php?id=3642"
    },
    {
      "id": "3650",
      "title": "3650",
      "difficulty": 0,
      "pass_rate": 0,
      "ac_count": 0,
      "url": "https://183.250.108.194:500/OnlineJudge/problem_show.php?id=3650"
    },
    {
      "id": "3661",
      "title": "3661",
      "difficulty": 0,
      "pass_rate": 0,
      "ac_count": 0,
      "url": "https://183.250.108.194:500/OnlineJudge/problem_show.php?id=3661"
    },
    {
      "id": "3665",
      "title": "3665",
      "difficulty": 0,
      "pass_rate": 0,
      "ac_count": 0,
      "url": "https://183.250.108.194:500/OnlineJudge/problem_show.php?id=3665"
    },
    {
      "id": "3676",
      "title": "3676",
      "difficulty": 0,
      "pass_rate": 0,
      "ac_count": 0,
      "url": "https://183.250.108.194:500/OnlineJudge/problem_show.php?id=3676"
    },
    {
      "id": "3677",
      "title": "3677",
      "difficulty": 0,
      "pass_rate": 0,
      "ac_count": 0,
      "url": "https://183.250.108.194:500/OnlineJudge/problem_show.php?id=3677"
    },
    {
      "id": "3681",
      "title": "3681",
      "difficulty": 0,
      "pass_rate": 0,
      "ac_count": 0,
      "url": "https://183.250.108.194:500/OnlineJudge/problem_show.php?id=3681"
    },
    {
      "id": "3701",
      "title": "3701",
      "difficulty": 0,
      "pass_rate": 0,
      "ac_count": 0,
      "url": "https://183.250.108.194:500/OnlineJudge/problem_show.php?id=3701"
    },
    {
      "id": "3702",
      "title": "3702",
      "difficulty": 0,
      "pass_rate": 0,
      "ac_count": 0,
      "url": "https://183.250.108.194:500/OnlineJudge/problem_show.php?id=3702"
    },
    {
      "id": "3706",
      "title": "3706",
      "difficulty": 0,
      "pass_rate": 0,
      "ac_count": 0,
      "url": "https://183.250.108.194:500/OnlineJudge/problem_show.php?id=3706"
    },
    {
      "id": "3707",
      "title": "3707",
      "difficulty": 0,
      "pass_rate": 0,
      "ac_count": 0,
      "url": "https://183.250.108.194:500/OnlineJudge/problem_show.php?id=3707"
    },
    {
      "id": "3709",
      "title": "3709",
      "difficulty": 0,
      "pass_rate": 0,
      "ac_count": 0,
      "url": "https://183.250.108.194:500/OnlineJudge/problem_show.php?id=3709"
    },
    {
      "id": "3711",
      "title": "3711",
      "difficulty": 0,
      "pass_rate": 0,
      "ac_count": 0,
      "url": "https://183.250.108.194:500/OnlineJudge/problem_show.php?id=3711"
    },
    {
      "id": "3712",
      "title": "3712",
      "difficulty": 0,
      "pass_rate": 0,
      "ac_count": 0,
      "url": "https://183.250.108.194:500/OnlineJudge/problem_show.php?id=3712"
    },
    {
      "id": "3713",
      "title": "3713",
      "difficulty": 0,
      "pass_rate": 0,
      "ac_count": 0,
      "url": "https://183.250.108.194:500/OnlineJudge/problem_show.php?id=3713"
    },
    {
      "id": "3715",
      "title": "3715",
      "difficulty": 0,
      "pass_rate": 0,
      "ac_count": 0,
      "url": "https://183.250.108.194:500/OnlineJudge/problem_show.php?id=3715"
    },
    {
      "id": "3716",
      "title": "3716",
      "difficulty": 0,
      "pass_rate": 0,
      "ac_count": 0,
      "url": "https://183.250.108.194:500/OnlineJudge/problem_show.php?id=3716"
    },
    {
      "id": "3717",
      "title": "3717",
      "difficulty": 0,
      "pass_rate": 0,
      "ac_count": 0,
      "url": "https://183.250.108.194:500/OnlineJudge/problem_show.php?id=3717"
    },
    {
      "id": "3718",
      "title": "3718",
      "difficulty": 0,
      "pass_rate": 0,
      "ac_count": 0,
      "url": "https://183.250.108.194:500/OnlineJudge/problem_show.php?id=3718"
    },
    {
      "id": "3719",
      "title": "3719",
      "difficulty": 0,
      "pass_rate": 0,
      "ac_count": 0,
      "url": "https://183.250.108.194:500/OnlineJudge/problem_show.php?id=3719"
    },
    {
      "id": "3720",
      "title": "3720",
      "difficulty": 0,
      "pass_rate": 0,
      "ac_count": 0,
      "url": "https://183.250.108.194:500/OnlineJudge/problem_show.php?id=3720"
    },
    {
      "id": "3741",
      "title": "3741",
      "difficulty": 0,
      "pass_rate": 0,
      "ac_count": 0,
      "url": "https://183.250.108.194:500/OnlineJudge/problem_show.php?id=3741"
    },
    {
      "id": "3747",
      "title": "3747",
      "difficulty": 0,
      "pass_rate": 0,
      "ac_count": 0,
      "url": "https://183.250.108.194:500/OnlineJudge/problem_show.php?id=3747"
    },
    {
      "id": "3775",
      "title": "3775",
      "difficulty": 0,
      "pass_rate": 0,
      "ac_count": 0,
      "url": "https://183.250.108.194:500/OnlineJudge/problem_show.php?id=3775"
    },
    {
      "id": "3781",
      "title": "3781",
      "difficulty": 0,
      "pass_rate": 0,
      "ac_count": 0,
      "url": "https://183.250.108.194:500/OnlineJudge/problem_show.php?id=3781"
    },
    {
      "id": "3820",
      "title": "3820",
      "difficulty": 0,
      "pass_rate": 0,
      "ac_count": 0,
      "url": "https://183.250.108.194:500/OnlineJudge/problem_show.php?id=3820"
    },
    {
      "id": "3828",
      "title": "3828",
      "difficulty": 0,
      "pass_rate": 0,
      "ac_count": 0,
      "url": "https://183.250.108.194:500/OnlineJudge/problem_show.php?id=3828"
    },
    {
      "id": "3829",
      "title": "3829",
      "difficulty": 0,
      "pass_rate": 0,
      "ac_count": 0,
      "url": "https://183.250.108.194:500/OnlineJudge/problem_show.php?id=3829"
    },
    {
      "id": "3830",
      "title": "3830",
      "difficulty": 0,
      "pass_rate": 0,
      "ac_count": 0,
      "url": "https://183.250.108.194:500/OnlineJudge/problem_show.php?id=3830"
    },
    {
      "id": "3831",
      "title": "3831",
      "difficulty": 0,
      "pass_rate": 0,
      "ac_count": 0,
      "url": "https://183.250.108.194:500/OnlineJudge/problem_show.php?id=3831"
    },
    {
      "id": "3832",
      "title": "3832",
      "difficulty": 0,
      "pass_rate": 0,
      "ac_count": 0,
      "url": "https://183.250.108.194:500/OnlineJudge/problem_show.php?id=3832"
    },
    {
      "id": "3833",
      "title": "3833",
      "difficulty": 0,
      "pass_rate": 0,
      "ac_count": 0,
      "url": "https://183.250.108.194:500/OnlineJudge/problem_show.php?id=3833"
    },
    {
      "id": "3836",
      "title": "3836",
      "difficulty": 0,
      "pass_rate": 0,
      "ac_count": 0,
      "url": "https://183.250.108.194:500/OnlineJudge/problem_show.php?id=3836"
    },
    {
      "id": "3838",
      "title": "3838",
      "difficulty": 0,
      "pass_rate": 0,
      "ac_count": 0,
      "url": "https://183.250.108.194:500/OnlineJudge/problem_show.php?id=3838"
    },
    {
      "id": "3840",
      "title": "3840",
      "difficulty": 0,
      "pass_rate": 0,
      "ac_count": 0,
      "url": "https://183.250.108.194:500/OnlineJudge/problem_show.php?id=3840"
    },
    {
      "id": "3841",
      "title": "3841",
      "difficulty": 0,
      "pass_rate": 0,
      "ac_count": 0,
      "url": "https://183.250.108.194:500/OnlineJudge/problem_show.php?id=3841"
    },
    {
      "id": "3842",
      "title": "3842",
      "difficulty": 0,
      "pass_rate": 0,
      "ac_count": 0,
      "url": "https://183.250.108.194:500/OnlineJudge/problem_show.php?id=3842"
    },
    {
      "id": "3843",
      "title": "3843",
      "difficulty": 0,
      "pass_rate": 0,
      "ac_count": 0,
      "url": "https://183.250.108.194:500/OnlineJudge/problem_show.php?id=3843"
    },
    {
      "id": "3844",
      "title": "3844",
      "difficulty": 0,
      "pass_rate": 0,
      "ac_count": 0,
      "url": "https://183.250.108.194:500/OnlineJudge/problem_show.php?id=3844"
    },
    {
      "id": "3845",
      "title": "3845",
      "difficulty": 0,
      "pass_rate": 0,
      "ac_count": 0,
      "url": "https://183.250.108.194:500/OnlineJudge/problem_show.php?id=3845"
    },
    {
      "id": "3846",
      "title": "3846",
      "difficulty": 0,
      "pass_rate": 0,
      "ac_count": 0,
      "url": "https://183.250.108.194:500/OnlineJudge/problem_show.php?id=3846"
    },
    {
      "id": "3847",
      "title": "3847",
      "difficulty": 0,
      "pass_rate": 0,
      "ac_count": 0,
      "url": "https://183.250.108.194:500/OnlineJudge/problem_show.php?id=3847"
    },
    {
      "id": "3848",
      "title": "3848",
      "difficulty": 0,
      "pass_rate": 0,
      "ac_count": 0,
      "url": "https://183.250.108.194:500/OnlineJudge/problem_show.php?id=3848"
    },
    {
      "id": "3885",
      "title": "3885",
      "difficulty": 0,
      "pass_rate": 0,
      "ac_count": 0,
      "url": "https://183.250.108.194:500/OnlineJudge/problem_show.php?id=3885"
    },
    {
      "id": "3886",
      "title": "3886",
      "difficulty": 0,
      "pass_rate": 0,
      "ac_count": 0,
      "url": "https://183.250.108.194:500/OnlineJudge/problem_show.php?id=3886"
    },
    {
      "id": "3888",
      "title": "3888",
      "difficulty": 0,
      "pass_rate": 0,
      "ac_count": 0,
      "url": "https://183.250.108.194:500/OnlineJudge/problem_show.php?id=3888"
    },
    {
      "id": "3889",
      "title": "3889",
      "difficulty": 0,
      "pass_rate": 0,
      "ac_count": 0,
      "url": "https://183.250.108.194:500/OnlineJudge/problem_show.php?id=3889"
    },
    {
      "id": "3896",
      "title": "3896",
      "difficulty": 0,
      "pass_rate": 0,
      "ac_count": 0,
      "url": "https://183.250.108.194:500/OnlineJudge/problem_show.php?id=3896"
    },
    {
      "id": "3964",
      "title": "3964",
      "difficulty": 0,
      "pass_rate": 0,
      "ac_count": 0,
      "url": "https://183.250.108.194:500/OnlineJudge/problem_show.php?id=3964"
    },
    {
      "id": "3979",
      "title": "3979",
      "difficulty": 0,
      "pass_rate": 0,
      "ac_count": 0,
      "url": "https://183.250.108.194:500/OnlineJudge/problem_show.php?id=3979"
    },
    {
      "id": "3981",
      "title": "3981",
      "difficulty": 0,
      "pass_rate": 0,
      "ac_count": 0,
      "url": "https://183.250.108.194:500/OnlineJudge/problem_show.php?id=3981"
    },
    {
      "id": "3982",
      "title": "3982",
      "difficulty": 0,
      "pass_rate": 0,
      "ac_count": 0,
      "url": "https://183.250.108.194:500/OnlineJudge/problem_show.php?id=3982"
    },
    {
      "id": "3983",
      "title": "3983",
      "difficulty": 0,
      "pass_rate": 0,
      "ac_count": 0,
      "url": "https://183.250.108.194:500/OnlineJudge/problem_show.php?id=3983"
    },
    {
      "id": "4030",
      "title": "4030",
      "difficulty": 0,
      "pass_rate": 0,
      "ac_count": 0,
      "url": "https://183.250.108.194:500/OnlineJudge/problem_show.php?id=4030"
    },
    {
      "id": "4032",
      "title": "4032",
      "difficulty": 0,
      "pass_rate": 0,
      "ac_count": 0,
      "url": "https://183.250.108.194:500/OnlineJudge/problem_show.php?id=4032"
    },
    {
      "id": "4034",
      "title": "4034",
      "difficulty": 0,
      "pass_rate": 0,
      "ac_count": 0,
      "url": "https://183.250.108.194:500/OnlineJudge/problem_show.php?id=4034"
    },
    {
      "id": "4060",
      "title": "4060",
      "difficulty": 0,
      "pass_rate": 0,
      "ac_count": 0,
      "url": "https://183.250.108.194:500/OnlineJudge/problem_show.php?id=4060"
    },
    {
      "id": "4067",
      "title": "4067",
      "difficulty": 0,
      "pass_rate": 0,
      "ac_count": 0,
      "url": "https://183.250.108.194:500/OnlineJudge/problem_show.php?id=4067"
    },
    {
      "id": "4068",
      "title": "4068",
      "difficulty": 0,
      "pass_rate": 0,
      "ac_count": 0,
      "url": "https://183.250.108.194:500/OnlineJudge/problem_show.php?id=4068"
    },
    {
      "id": "4069",
      "title": "4069",
      "difficulty": 0,
      "pass_rate": 0,
      "ac_count": 0,
      "url": "https://183.250.108.194:500/OnlineJudge/problem_show.php?id=4069"
    },
    {
      "id": "4092",
      "title": "4092",
      "difficulty": 0,
      "pass_rate": 0,
      "ac_count": 0,
      "url": "https://183.250.108.194:500/OnlineJudge/problem_show.php?id=4092"
    },
    {
      "id": "4094",
      "title": "4094",
      "difficulty": 0,
      "pass_rate": 0,
      "ac_count": 0,
      "url": "https://183.250.108.194:500/OnlineJudge/problem_show.php?id=4094"
    },
    {
      "id": "4109",
      "title": "4109",
      "difficulty": 0,
      "pass_rate": 0,
      "ac_count": 0,
      "url": "https://183.250.108.194:500/OnlineJudge/problem_show.php?id=4109"
    },
    {
      "id": "4119",
      "title": "4119",
      "difficulty": 0,
      "pass_rate": 0,
      "ac_count": 0,
      "url": "https://183.250.108.194:500/OnlineJudge/problem_show.php?id=4119"
    },
    {
      "id": "4144",
      "title": "4144",
      "difficulty": 0,
      "pass_rate": 0,
      "ac_count": 0,
      "url": "https://183.250.108.194:500/OnlineJudge/problem_show.php?id=4144"
    },
    {
      "id": "4145",
      "title": "4145",
      "difficulty": 0,
      "pass_rate": 0,
      "ac_count": 0,
      "url": "https://183.250.108.194:500/OnlineJudge/problem_show.php?id=4145"
    },
    {
      "id": "4146",
      "title": "4146",
      "difficulty": 0,
      "pass_rate": 0,
      "ac_count": 0,
      "url": "https://183.250.108.194:500/OnlineJudge/problem_show.php?id=4146"
    },
    {
      "id": "4155",
      "title": "4155",
      "difficulty": 0,
      "pass_rate": 0,
      "ac_count": 0,
      "url": "https://183.250.108.194:500/OnlineJudge/problem_show.php?id=4155"
    },
    {
      "id": "4158",
      "title": "4158",
      "difficulty": 0,
      "pass_rate": 0,
      "ac_count": 0,
      "url": "https://183.250.108.194:500/OnlineJudge/problem_show.php?id=4158"
    },
    {
      "id": "4163",
      "title": "4163",
      "difficulty": 0,
      "pass_rate": 0,
      "ac_count": 0,
      "url": "https://183.250.108.194:500/OnlineJudge/problem_show.php?id=4163"
    },
    {
      "id": "4164",
      "title": "4164",
      "difficulty": 0,
      "pass_rate": 0,
      "ac_count": 0,
      "url": "https://183.250.108.194:500/OnlineJudge/problem_show.php?id=4164"
    },
    {
      "id": "4165",
      "title": "4165",
      "difficulty": 0,
      "pass_rate": 0,
      "ac_count": 0,
      "url": "https://183.250.108.194:500/OnlineJudge/problem_show.php?id=4165"
    },
    {
      "id": "4185",
      "title": "4185",
      "difficulty": 0,
      "pass_rate": 0,
      "ac_count": 0,
      "url": "https://183.250.108.194:500/OnlineJudge/problem_show.php?id=4185"
    },
    {
      "id": "4186",
      "title": "4186",
      "difficulty": 0,
      "pass_rate": 0,
      "ac_count": 0,
      "url": "https://183.250.108.194:500/OnlineJudge/problem_show.php?id=4186"
    },
    {
      "id": "4187",
      "title": "4187",
      "difficulty": 0,
      "pass_rate": 0,
      "ac_count": 0,
      "url": "https://183.250.108.194:500/OnlineJudge/problem_show.php?id=4187"
    },
    {
      "id": "4196",
      "title": "4196",
      "difficulty": 0,
      "pass_rate": 0,
      "ac_count": 0,
      "url": "https://183.250.108.194:500/OnlineJudge/problem_show.php?id=4196"
    },
    {
      "id": "4197",
      "title": "4197",
      "difficulty": 0,
      "pass_rate": 0,
      "ac_count": 0,
      "url": "https://183.250.108.194:500/OnlineJudge/problem_show.php?id=4197"
    },
    {
      "id": "4198",
      "title": "4198",
      "difficulty": 0,
      "pass_rate": 0,
      "ac_count": 0,
      "url": "https://183.250.108.194:500/OnlineJudge/problem_show.php?id=4198"
    },
    {
      "id": "4208",
      "title": "4208",
      "difficulty": 0,
      "pass_rate": 0,
      "ac_count": 0,
      "url": "https://183.250.108.194:500/OnlineJudge/problem_show.php?id=4208"
    },
    {
      "id": "4209",
      "title": "4209",
      "difficulty": 0,
      "pass_rate": 0,
      "ac_count": 0,
      "url": "https://183.250.108.194:500/OnlineJudge/problem_show.php?id=4209"
    },
    {
      "id": "4210",
      "title": "4210",
      "difficulty": 0,
      "pass_rate": 0,
      "ac_count": 0,
      "url": "https://183.250.108.194:500/OnlineJudge/problem_show.php?id=4210"
    },
    {
      "id": "4220",
      "title": "4220",
      "difficulty": 0,
      "pass_rate": 0,
      "ac_count": 0,
      "url": "https://183.250.108.194:500/OnlineJudge/problem_show.php?id=4220"
    },
    {
      "id": "4221",
      "title": "4221",
      "difficulty": 0,
      "pass_rate": 0,
      "ac_count": 0,
      "url": "https://183.250.108.194:500/OnlineJudge/problem_show.php?id=4221"
    },
    {
      "id": "4228",
      "title": "4228",
      "difficulty": 0,
      "pass_rate": 0,
      "ac_count": 0,
      "url": "https://183.250.108.194:500/OnlineJudge/problem_show.php?id=4228"
    },
    {
      "id": "4229",
      "title": "4229",
      "difficulty": 0,
      "pass_rate": 0,
      "ac_count": 0,
      "url": "https://183.250.108.194:500/OnlineJudge/problem_show.php?id=4229"
    },
    {
      "id": "4230",
      "title": "4230",
      "difficulty": 0,
      "pass_rate": 0,
      "ac_count": 0,
      "url": "https://183.250.108.194:500/OnlineJudge/problem_show.php?id=4230"
    },
    {
      "id": "4237",
      "title": "4237",
      "difficulty": 0,
      "pass_rate": 0,
      "ac_count": 0,
      "url": "https://183.250.108.194:500/OnlineJudge/problem_show.php?id=4237"
    },
    {
      "id": "4238",
      "title": "4238",
      "difficulty": 0,
      "pass_rate": 0,
      "ac_count": 0,
      "url": "https://183.250.108.194:500/OnlineJudge/problem_show.php?id=4238"
    },
    {
      "id": "4256",
      "title": "4256",
      "difficulty": 0,
      "pass_rate": 0,
      "ac_count": 0,
      "url": "https://183.250.108.194:500/OnlineJudge/problem_show.php?id=4256"
    },
    {
      "id": "4257",
      "title": "4257",
      "difficulty": 0,
      "pass_rate": 0,
      "ac_count": 0,
      "url": "https://183.250.108.194:500/OnlineJudge/problem_show.php?id=4257"
    },
    {
      "id": "4258",
      "title": "4258",
      "difficulty": 0,
      "pass_rate": 0,
      "ac_count": 0,
      "url": "https://183.250.108.194:500/OnlineJudge/problem_show.php?id=4258"
    },
    {
      "id": "4259",
      "title": "4259",
      "difficulty": 0,
      "pass_rate": 0,
      "ac_count": 0,
      "url": "https://183.250.108.194:500/OnlineJudge/problem_show.php?id=4259"
    },
    {
      "id": "4260",
      "title": "4260",
      "difficulty": 0,
      "pass_rate": 0,
      "ac_count": 0,
      "url": "https://183.250.108.194:500/OnlineJudge/problem_show.php?id=4260"
    },
    {
      "id": "4261",
      "title": "4261",
      "difficulty": 0,
      "pass_rate": 0,
      "ac_count": 0,
      "url": "https://183.250.108.194:500/OnlineJudge/problem_show.php?id=4261"
    },
    {
      "id": "4262",
      "title": "4262",
      "difficulty": 0,
      "pass_rate": 0,
      "ac_count": 0,
      "url": "https://183.250.108.194:500/OnlineJudge/problem_show.php?id=4262"
    },
    {
      "id": "4263",
      "title": "4263",
      "difficulty": 0,
      "pass_rate": 0,
      "ac_count": 0,
      "url": "https://183.250.108.194:500/OnlineJudge/problem_show.php?id=4263"
    },
    {
      "id": "4264",
      "title": "4264",
      "difficulty": 0,
      "pass_rate": 0,
      "ac_count": 0,
      "url": "https://183.250.108.194:500/OnlineJudge/problem_show.php?id=4264"
    },
    {
      "id": "4265",
      "title": "4265",
      "difficulty": 0,
      "pass_rate": 0,
      "ac_count": 0,
      "url": "https://183.250.108.194:500/OnlineJudge/problem_show.php?id=4265"
    },
    {
      "id": "4266",
      "title": "4266",
      "difficulty": 0,
      "pass_rate": 0,
      "ac_count": 0,
      "url": "https://183.250.108.194:500/OnlineJudge/problem_show.php?id=4266"
    },
    {
      "id": "4269",
      "title": "4269",
      "difficulty": 0,
      "pass_rate": 0,
      "ac_count": 0,
      "url": "https://183.250.108.194:500/OnlineJudge/problem_show.php?id=4269"
    },
    {
      "id": "4270",
      "title": "4270",
      "difficulty": 0,
      "pass_rate": 0,
      "ac_count": 0,
      "url": "https://183.250.108.194:500/OnlineJudge/problem_show.php?id=4270"
    },
    {
      "id": "4271",
      "title": "4271",
      "difficulty": 0,
      "pass_rate": 0,
      "ac_count": 0,
      "url": "https://183.250.108.194:500/OnlineJudge/problem_show.php?id=4271"
    },
    {
      "id": "4272",
      "title": "4272",
      "difficulty": 0,
      "pass_rate": 0,
      "ac_count": 0,
      "url": "https://183.250.108.194:500/OnlineJudge/problem_show.php?id=4272"
    },
    {
      "id": "4273",
      "title": "4273",
      "difficulty": 0,
      "pass_rate": 0,
      "ac_count": 0,
      "url": "https://183.250.108.194:500/OnlineJudge/problem_show.php?id=4273"
    },
    {
      "id": "4274",
      "title": "4274",
      "difficulty": 0,
      "pass_rate": 0,
      "ac_count": 0,
      "url": "https://183.250.108.194:500/OnlineJudge/problem_show.php?id=4274"
    },
    {
      "id": "4294",
      "title": "4294",
      "difficulty": 0,
      "pass_rate": 0,
      "ac_count": 0,
      "url": "https://183.250.108.194:500/OnlineJudge/problem_show.php?id=4294"
    },
    {
      "id": "4298",
      "title": "4298",
      "difficulty": 0,
      "pass_rate": 0,
      "ac_count": 0,
      "url": "https://183.250.108.194:500/OnlineJudge/problem_show.php?id=4298"
    },
    {
      "id": "4299",
      "title": "4299",
      "difficulty": 0,
      "pass_rate": 0,
      "ac_count": 0,
      "url": "https://183.250.108.194:500/OnlineJudge/problem_show.php?id=4299"
    },
    {
      "id": "4300",
      "title": "4300",
      "difficulty": 0,
      "pass_rate": 0,
      "ac_count": 0,
      "url": "https://183.250.108.194:500/OnlineJudge/problem_show.php?id=4300"
    },
    {
      "id": "4325",
      "title": "4325",
      "difficulty": 0,
      "pass_rate": 0,
      "ac_count": 0,
      "url": "https://183.250.108.194:500/OnlineJudge/problem_show.php?id=4325"
    },
    {
      "id": "4326",
      "title": "4326",
      "difficulty": 0,
      "pass_rate": 0,
      "ac_count": 0,
      "url": "https://183.250.108.194:500/OnlineJudge/problem_show.php?id=4326"
    },
    {
      "id": "4341",
      "title": "4341",
      "difficulty": 0,
      "pass_rate": 0,
      "ac_count": 0,
      "url": "https://183.250.108.194:500/OnlineJudge/problem_show.php?id=4341"
    },
    {
      "id": "4342",
      "title": "4342",
      "difficulty": 0,
      "pass_rate": 0,
      "ac_count": 0,
      "url": "https://183.250.108.194:500/OnlineJudge/problem_show.php?id=4342"
    },
    {
      "id": "4343",
      "title": "4343",
      "difficulty": 0,
      "pass_rate": 0,
      "ac_count": 0,
      "url": "https://183.250.108.194:500/OnlineJudge/problem_show.php?id=4343"
    },
    {
      "id": "4350",
      "title": "4350",
      "difficulty": 0,
      "pass_rate": 0,
      "ac_count": 0,
      "url": "https://183.250.108.194:500/OnlineJudge/problem_show.php?id=4350"
    },
    {
      "id": "4351",
      "title": "4351",
      "difficulty": 0,
      "pass_rate": 0,
      "ac_count": 0,
      "url": "https://183.250.108.194:500/OnlineJudge/problem_show.php?id=4351"
    },
    {
      "id": "4352",
      "title": "4352",
      "difficulty": 0,
      "pass_rate": 0,
      "ac_count": 0,
      "url": "https://183.250.108.194:500/OnlineJudge/problem_show.php?id=4352"
    },
    {
      "id": "4356",
      "title": "4356",
      "difficulty": 0,
      "pass_rate": 0,
      "ac_count": 0,
      "url": "https://183.250.108.194:500/OnlineJudge/problem_show.php?id=4356"
    },
    {
      "id": "4357",
      "title": "4357",
      "difficulty": 0,
      "pass_rate": 0,
      "ac_count": 0,
      "url": "https://183.250.108.194:500/OnlineJudge/problem_show.php?id=4357"
    },
    {
      "id": "4358",
      "title": "4358",
      "difficulty": 0,
      "pass_rate": 0,
      "ac_count": 0,
      "url": "https://183.250.108.194:500/OnlineJudge/problem_show.php?id=4358"
    },
    {
      "id": "4359",
      "title": "4359",
      "difficulty": 0,
      "pass_rate": 0,
      "ac_count": 0,
      "url": "https://183.250.108.194:500/OnlineJudge/problem_show.php?id=4359"
    },
    {
      "id": "4360",
      "title": "4360",
      "difficulty": 0,
      "pass_rate": 0,
      "ac_count": 0,
      "url": "https://183.250.108.194:500/OnlineJudge/problem_show.php?id=4360"
    },
    {
      "id": "4361",
      "title": "4361",
      "difficulty": 0,
      "pass_rate": 0,
      "ac_count": 0,
      "url": "https://183.250.108.194:500/OnlineJudge/problem_show.php?id=4361"
    },
    {
      "id": "4362",
      "title": "4362",
      "difficulty": 0,
      "pass_rate": 0,
      "ac_count": 0,
      "url": "https://183.250.108.194:500/OnlineJudge/problem_show.php?id=4362"
    },
    {
      "id": "4363",
      "title": "4363",
      "difficulty": 0,
      "pass_rate": 0,
      "ac_count": 0,
      "url": "https://183.250.108.194:500/OnlineJudge/problem_show.php?id=4363"
    },
    {
      "id": "4364",
      "title": "4364",
      "difficulty": 0,
      "pass_rate": 0,
      "ac_count": 0,
      "url": "https://183.250.108.194:500/OnlineJudge/problem_show.php?id=4364"
    },
    {
      "id": "4365",
      "title": "4365",
      "difficulty": 0,
      "pass_rate": 0,
      "ac_count": 0,
      "url": "https://183.250.108.194:500/OnlineJudge/problem_show.php?id=4365"
    },
    {
      "id": "4366",
      "title": "4366",
      "difficulty": 0,
      "pass_rate": 0,
      "ac_count": 0,
      "url": "https://183.250.108.194:500/OnlineJudge/problem_show.php?id=4366"
    },
    {
      "id": "4367",
      "title": "4367",
      "difficulty": 0,
      "pass_rate": 0,
      "ac_count": 0,
      "url": "https://183.250.108.194:500/OnlineJudge/problem_show.php?id=4367"
    },
    {
      "id": "4371",
      "title": "4371",
      "difficulty": 0,
      "pass_rate": 0,
      "ac_count": 0,
      "url": "https://183.250.108.194:500/OnlineJudge/problem_show.php?id=4371"
    },
    {
      "id": "4372",
      "title": "4372",
      "difficulty": 0,
      "pass_rate": 0,
      "ac_count": 0,
      "url": "https://183.250.108.194:500/OnlineJudge/problem_show.php?id=4372"
    },
    {
      "id": "4373",
      "title": "4373",
      "difficulty": 0,
      "pass_rate": 0,
      "ac_count": 0,
      "url": "https://183.250.108.194:500/OnlineJudge/problem_show.php?id=4373"
    },
    {
      "id": "4381",
      "title": "4381",
      "difficulty": 0,
      "pass_rate": 0,
      "ac_count": 0,
      "url": "https://183.250.108.194:500/OnlineJudge/problem_show.php?id=4381"
    },
    {
      "id": "4385",
      "title": "4385",
      "difficulty": 0,
      "pass_rate": 0,
      "ac_count": 0,
      "url": "https://183.250.108.194:500/OnlineJudge/problem_show.php?id=4385"
    },
    {
      "id": "4386",
      "title": "4386",
      "difficulty": 0,
      "pass_rate": 0,
      "ac_count": 0,
      "url": "https://183.250.108.194:500/OnlineJudge/problem_show.php?id=4386"
    },
    {
      "id": "4387",
      "title": "4387",
      "difficulty": 0,
      "pass_rate": 0,
      "ac_count": 0,
      "url": "https://183.250.108.194:500/OnlineJudge/problem_show.php?id=4387"
    },
    {
      "id": "4388",
      "title": "4388",
      "difficulty": 0,
      "pass_rate": 0,
      "ac_count": 0,
      "url": "https://183.250.108.194:500/OnlineJudge/problem_show.php?id=4388"
    },
    {
      "id": "4389",
      "title": "4389",
      "difficulty": 0,
      "pass_rate": 0,
      "ac_count": 0,
      "url": "https://183.250.108.194:500/OnlineJudge/problem_show.php?id=4389"
    },
    {
      "id": "4391",
      "title": "4391",
      "difficulty": 0,
      "pass_rate": 0,
      "ac_count": 0,
      "url": "https://183.250.108.194:500/OnlineJudge/problem_show.php?id=4391"
    },
    {
      "id": "4395",
      "title": "4395",
      "difficulty": 0,
      "pass_rate": 0,
      "ac_count": 0,
      "url": "https://183.250.108.194:500/OnlineJudge/problem_show.php?id=4395"
    },
    {
      "id": "4401",
      "title": "4401",
      "difficulty": 0,
      "pass_rate": 0,
      "ac_count": 0,
      "url": "https://183.250.108.194:500/OnlineJudge/problem_show.php?id=4401"
    },
    {
      "id": "4402",
      "title": "4402",
      "difficulty": 0,
      "pass_rate": 0,
      "ac_count": 0,
      "url": "https://183.250.108.194:500/OnlineJudge/problem_show.php?id=4402"
    },
    {
      "id": "4404",
      "title": "4404",
      "difficulty": 0,
      "pass_rate": 0,
      "ac_count": 0,
      "url": "https://183.250.108.194:500/OnlineJudge/problem_show.php?id=4404"
    },
    {
      "id": "4412",
      "title": "4412",
      "difficulty": 0,
      "pass_rate": 0,
      "ac_count": 0,
      "url": "https://183.250.108.194:500/OnlineJudge/problem_show.php?id=4412"
    },
    {
      "id": "4413",
      "title": "4413",
      "difficulty": 0,
      "pass_rate": 0,
      "ac_count": 0,
      "url": "https://183.250.108.194:500/OnlineJudge/problem_show.php?id=4413"
    },
    {
      "id": "4414",
      "title": "4414",
      "difficulty": 0,
      "pass_rate": 0,
      "ac_count": 0,
      "url": "https://183.250.108.194:500/OnlineJudge/problem_show.php?id=4414"
    },
    {
      "id": "4415",
      "title": "4415",
      "difficulty": 0,
      "pass_rate": 0,
      "ac_count": 0,
      "url": "https://183.250.108.194:500/OnlineJudge/problem_show.php?id=4415"
    },
    {
      "id": "4416",
      "title": "4416",
      "difficulty": 0,
      "pass_rate": 0,
      "ac_count": 0,
      "url": "https://183.250.108.194:500/OnlineJudge/problem_show.php?id=4416"
    },
    {
      "id": "4422",
      "title": "4422",
      "difficulty": 0,
      "pass_rate": 0,
      "ac_count": 0,
      "url": "https://183.250.108.194:500/OnlineJudge/problem_show.php?id=4422"
    },
    {
      "id": "4423",
      "title": "4423",
      "difficulty": 0,
      "pass_rate": 0,
      "ac_count": 0,
      "url": "https://183.250.108.194:500/OnlineJudge/problem_show.php?id=4423"
    },
    {
      "id": "4424",
      "title": "4424",
      "difficulty": 0,
      "pass_rate": 0,
      "ac_count": 0,
      "url": "https://183.250.108.194:500/OnlineJudge/problem_show.php?id=4424"
    },
    {
      "id": "4425",
      "title": "4425",
      "difficulty": 0,
      "pass_rate": 0,
      "ac_count": 0,
      "url": "https://183.250.108.194:500/OnlineJudge/problem_show.php?id=4425"
    },
    {
      "id": "4426",
      "title": "4426",
      "difficulty": 0,
      "pass_rate": 0,
      "ac_count": 0,
      "url": "https://183.250.108.194:500/OnlineJudge/problem_show.php?id=4426"
    },
    {
      "id": "4450",
      "title": "4450",
      "difficulty": 0,
      "pass_rate": 0,
      "ac_count": 0,
      "url": "https://183.250.108.194:500/OnlineJudge/problem_show.php?id=4450"
    },
    {
      "id": "4451",
      "title": "4451",
      "difficulty": 0,
      "pass_rate": 0,
      "ac_count": 0,
      "url": "https://183.250.108.194:500/OnlineJudge/problem_show.php?id=4451"
    },
    {
      "id": "4452",
      "title": "4452",
      "difficulty": 0,
      "pass_rate": 0,
      "ac_count": 0,
      "url": "https://183.250.108.194:500/OnlineJudge/problem_show.php?id=4452"
    },
    {
      "id": "4453",
      "title": "4453",
      "difficulty": 0,
      "pass_rate": 0,
      "ac_count": 0,
      "url": "https://183.250.108.194:500/OnlineJudge/problem_show.php?id=4453"
    },
    {
      "id": "4454",
      "title": "4454",
      "difficulty": 0,
      "pass_rate": 0,
      "ac_count": 0,
      "url": "https://183.250.108.194:500/OnlineJudge/problem_show.php?id=4454"
    },
    {
      "id": "4475",
      "title": "4475",
      "difficulty": 0,
      "pass_rate": 0,
      "ac_count": 0,
      "url": "https://183.250.108.194:500/OnlineJudge/problem_show.php?id=4475"
    },
    {
      "id": "4476",
      "title": "4476",
      "difficulty": 0,
      "pass_rate": 0,
      "ac_count": 0,
      "url": "https://183.250.108.194:500/OnlineJudge/problem_show.php?id=4476"
    },
    {
      "id": "4477",
      "title": "4477",
      "difficulty": 0,
      "pass_rate": 0,
      "ac_count": 0,
      "url": "https://183.250.108.194:500/OnlineJudge/problem_show.php?id=4477"
    },
    {
      "id": "4478",
      "title": "4478",
      "difficulty": 0,
      "pass_rate": 0,
      "ac_count": 0,
      "url": "https://183.250.108.194:500/OnlineJudge/problem_show.php?id=4478"
    },
    {
      "id": "4480",
      "title": "4480",
      "difficulty": 0,
      "pass_rate": 0,
      "ac_count": 0,
      "url": "https://183.250.108.194:500/OnlineJudge/problem_show.php?id=4480"
    },
    {
      "id": "4492",
      "title": "4492",
      "difficulty": 0,
      "pass_rate": 0,
      "ac_count": 0,
      "url": "https://183.250.108.194:500/OnlineJudge/problem_show.php?id=4492"
    },
    {
      "id": "4493",
      "title": "4493",
      "difficulty": 0,
      "pass_rate": 0,
      "ac_count": 0,
      "url": "https://183.250.108.194:500/OnlineJudge/problem_show.php?id=4493"
    },
    {
      "id": "4494",
      "title": "4494",
      "difficulty": 0,
      "pass_rate": 0,
      "ac_count": 0,
      "url": "https://183.250.108.194:500/OnlineJudge/problem_show.php?id=4494"
    },
    {
      "id": "4502",
      "title": "4502",
      "difficulty": 0,
      "pass_rate": 0,
      "ac_count": 0,
      "url": "https://183.250.108.194:500/OnlineJudge/problem_show.php?id=4502"
    },
    {
      "id": "4505",
      "title": "4505",
      "difficulty": 0,
      "pass_rate": 0,
      "ac_count": 0,
      "url": "https://183.250.108.194:500/OnlineJudge/problem_show.php?id=4505"
    },
    {
      "id": "4506",
      "title": "4506",
      "difficulty": 0,
      "pass_rate": 0,
      "ac_count": 0,
      "url": "https://183.250.108.194:500/OnlineJudge/problem_show.php?id=4506"
    },
    {
      "id": "4507",
      "title": "4507",
      "difficulty": 0,
      "pass_rate": 0,
      "ac_count": 0,
      "url": "https://183.250.108.194:500/OnlineJudge/problem_show.php?id=4507"
    },
    {
      "id": "4511",
      "title": "4511",
      "difficulty": 0,
      "pass_rate": 0,
      "ac_count": 0,
      "url": "https://183.250.108.194:500/OnlineJudge/problem_show.php?id=4511"
    },
    {
      "id": "4512",
      "title": "4512",
      "difficulty": 0,
      "pass_rate": 0,
      "ac_count": 0,
      "url": "https://183.250.108.194:500/OnlineJudge/problem_show.php?id=4512"
    },
    {
      "id": "4513",
      "title": "4513",
      "difficulty": 0,
      "pass_rate": 0,
      "ac_count": 0,
      "url": "https://183.250.108.194:500/OnlineJudge/problem_show.php?id=4513"
    },
    {
      "id": "4514",
      "title": "4514",
      "difficulty": 0,
      "pass_rate": 0,
      "ac_count": 0,
      "url": "https://183.250.108.194:500/OnlineJudge/problem_show.php?id=4514"
    },
    {
      "id": "4515",
      "title": "4515",
      "difficulty": 0,
      "pass_rate": 0,
      "ac_count": 0,
      "url": "https://183.250.108.194:500/OnlineJudge/problem_show.php?id=4515"
    },
    {
      "id": "4516",
      "title": "4516",
      "difficulty": 0,
      "pass_rate": 0,
      "ac_count": 0,
      "url": "https://183.250.108.194:500/OnlineJudge/problem_show.php?id=4516"
    },
    {
      "id": "4517",
      "title": "4517",
      "difficulty": 0,
      "pass_rate": 0,
      "ac_count": 0,
      "url": "https://183.250.108.194:500/OnlineJudge/problem_show.php?id=4517"
    },
    {
      "id": "4518",
      "title": "4518",
      "difficulty": 0,
      "pass_rate": 0,
      "ac_count": 0,
      "url": "https://183.250.108.194:500/OnlineJudge/problem_show.php?id=4518"
    },
    {
      "id": "4519",
      "title": "4519",
      "difficulty": 0,
      "pass_rate": 0,
      "ac_count": 0,
      "url": "https://183.250.108.194:500/OnlineJudge/problem_show.php?id=4519"
    },
    {
      "id": "4520",
      "title": "4520",
      "difficulty": 0,
      "pass_rate": 0,
      "ac_count": 0,
      "url": "https://183.250.108.194:500/OnlineJudge/problem_show.php?id=4520"
    },
    {
      "id": "4521",
      "title": "4521",
      "difficulty": 0,
      "pass_rate": 0,
      "ac_count": 0,
      "url": "https://183.250.108.194:500/OnlineJudge/problem_show.php?id=4521"
    },
    {
      "id": "4522",
      "title": "4522",
      "difficulty": 0,
      "pass_rate": 0,
      "ac_count": 0,
      "url": "https://183.250.108.194:500/OnlineJudge/problem_show.php?id=4522"
    },
    {
      "id": "4523",
      "title": "4523",
      "difficulty": 0,
      "pass_rate": 0,
      "ac_count": 0,
      "url": "https://183.250.108.194:500/OnlineJudge/problem_show.php?id=4523"
    },
    {
      "id": "4542",
      "title": "4542",
      "difficulty": 0,
      "pass_rate": 0,
      "ac_count": 0,
      "url": "https://183.250.108.194:500/OnlineJudge/problem_show.php?id=4542"
    },
    {
      "id": "4558",
      "title": "4558",
      "difficulty": 0,
      "pass_rate": 0,
      "ac_count": 0,
      "url": "https://183.250.108.194:500/OnlineJudge/problem_show.php?id=4558"
    },
    {
      "id": "4559",
      "title": "4559",
      "difficulty": 0,
      "pass_rate": 0,
      "ac_count": 0,
      "url": "https://183.250.108.194:500/OnlineJudge/problem_show.php?id=4559"
    },
    {
      "id": "4560",
      "title": "4560",
      "difficulty": 0,
      "pass_rate": 0,
      "ac_count": 0,
      "url": "https://183.250.108.194:500/OnlineJudge/problem_show.php?id=4560"
    },
    {
      "id": "4571",
      "title": "4571",
      "difficulty": 0,
      "pass_rate": 0,
      "ac_count": 0,
      "url": "https://183.250.108.194:500/OnlineJudge/problem_show.php?id=4571"
    },
    {
      "id": "4572",
      "title": "4572",
      "difficulty": 0,
      "pass_rate": 0,
      "ac_count": 0,
      "url": "https://183.250.108.194:500/OnlineJudge/problem_show.php?id=4572"
    },
    {
      "id": "4578",
      "title": "4578",
      "difficulty": 0,
      "pass_rate": 0,
      "ac_count": 0,
      "url": "https://183.250.108.194:500/OnlineJudge/problem_show.php?id=4578"
    },
    {
      "id": "4624",
      "title": "4624",
      "difficulty": 0,
      "pass_rate": 0,
      "ac_count": 0,
      "url": "https://183.250.108.194:500/OnlineJudge/problem_show.php?id=4624"
    },
    {
      "id": "4629",
      "title": "4629",
      "difficulty": 0,
      "pass_rate": 0,
      "ac_count": 0,
      "url": "https://183.250.108.194:500/OnlineJudge/problem_show.php?id=4629"
    },
    {
      "id": "4630",
      "title": "4630",
      "difficulty": 0,
      "pass_rate": 0,
      "ac_count": 0,
      "url": "https://183.250.108.194:500/OnlineJudge/problem_show.php?id=4630"
    },
    {
      "id": "4645",
      "title": "4645",
      "difficulty": 0,
      "pass_rate": 0,
      "ac_count": 0,
      "url": "https://183.250.108.194:500/OnlineJudge/problem_show.php?id=4645"
    },
    {
      "id": "4647",
      "title": "4647",
      "difficulty": 0,
      "pass_rate": 0,
      "ac_count": 0,
      "url": "https://183.250.108.194:500/OnlineJudge/problem_show.php?id=4647"
    },
    {
      "id": "4650",
      "title": "4650",
      "difficulty": 0,
      "pass_rate": 0,
      "ac_count": 0,
      "url": "https://183.250.108.194:500/OnlineJudge/problem_show.php?id=4650"
    },
    {
      "id": "4651",
      "title": "4651",
      "difficulty": 0,
      "pass_rate": 0,
      "ac_count": 0,
      "url": "https://183.250.108.194:500/OnlineJudge/problem_show.php?id=4651"
    },
    {
      "id": "4654",
      "title": "4654",
      "difficulty": 0,
      "pass_rate": 0,
      "ac_count": 0,
      "url": "https://183.250.108.194:500/OnlineJudge/problem_show.php?id=4654"
    },
    {
      "id": "4655",
      "title": "4655",
      "difficulty": 0,
      "pass_rate": 0,
      "ac_count": 0,
      "url": "https://183.250.108.194:500/OnlineJudge/problem_show.php?id=4655"
    },
    {
      "id": "4656",
      "title": "4656",
      "difficulty": 0,
      "pass_rate": 0,
      "ac_count": 0,
      "url": "https://183.250.108.194:500/OnlineJudge/problem_show.php?id=4656"
    },
    {
      "id": "4658",
      "title": "4658",
      "difficulty": 0,
      "pass_rate": 0,
      "ac_count": 0,
      "url": "https://183.250.108.194:500/OnlineJudge/problem_show.php?id=4658"
    },
    {
      "id": "4661",
      "title": "4661",
      "difficulty": 0,
      "pass_rate": 0,
      "ac_count": 0,
      "url": "https://183.250.108.194:500/OnlineJudge/problem_show.php?id=4661"
    },
    {
      "id": "4662",
      "title": "4662",
      "difficulty": 0,
      "pass_rate": 0,
      "ac_count": 0,
      "url": "https://183.250.108.194:500/OnlineJudge/problem_show.php?id=4662"
    },
    {
      "id": "4663",
      "title": "4663",
      "difficulty": 0,
      "pass_rate": 0,
      "ac_count": 0,
      "url": "https://183.250.108.194:500/OnlineJudge/problem_show.php?id=4663"
    },
    {
      "id": "4667",
      "title": "4667",
      "difficulty": 0,
      "pass_rate": 0,
      "ac_count": 0,
      "url": "https://183.250.108.194:500/OnlineJudge/problem_show.php?id=4667"
    },
    {
      "id": "4669",
      "title": "4669",
      "difficulty": 0,
      "pass_rate": 0,
      "ac_count": 0,
      "url": "https://183.250.108.194:500/OnlineJudge/problem_show.php?id=4669"
    },
    {
      "id": "4674",
      "title": "4674",
      "difficulty": 0,
      "pass_rate": 0,
      "ac_count": 0,
      "url": "https://183.250.108.194:500/OnlineJudge/problem_show.php?id=4674"
    },
    {
      "id": "4676",
      "title": "4676",
      "difficulty": 0,
      "pass_rate": 0,
      "ac_count": 0,
      "url": "https://183.250.108.194:500/OnlineJudge/problem_show.php?id=4676"
    },
    {
      "id": "4679",
      "title": "4679",
      "difficulty": 0,
      "pass_rate": 0,
      "ac_count": 0,
      "url": "https://183.250.108.194:500/OnlineJudge/problem_show.php?id=4679"
    },
    {
      "id": "4680",
      "title": "4680",
      "difficulty": 0,
      "pass_rate": 0,
      "ac_count": 0,
      "url": "https://183.250.108.194:500/OnlineJudge/problem_show.php?id=4680"
    },
    {
      "id": "4681",
      "title": "4681",
      "difficulty": 0,
      "pass_rate": 0,
      "ac_count": 0,
      "url": "https://183.250.108.194:500/OnlineJudge/problem_show.php?id=4681"
    },
    {
      "id": "4690",
      "title": "4690",
      "difficulty": 0,
      "pass_rate": 0,
      "ac_count": 0,
      "url": "https://183.250.108.194:500/OnlineJudge/problem_show.php?id=4690"
    },
    {
      "id": "4691",
      "title": "4691",
      "difficulty": 0,
      "pass_rate": 0,
      "ac_count": 0,
      "url": "https://183.250.108.194:500/OnlineJudge/problem_show.php?id=4691"
    },
    {
      "id": "4692",
      "title": "4692",
      "difficulty": 0,
      "pass_rate": 0,
      "ac_count": 0,
      "url": "https://183.250.108.194:500/OnlineJudge/problem_show.php?id=4692"
    },
    {
      "id": "4693",
      "title": "4693",
      "difficulty": 0,
      "pass_rate": 0,
      "ac_count": 0,
      "url": "https://183.250.108.194:500/OnlineJudge/problem_show.php?id=4693"
    },
    {
      "id": "4694",
      "title": "4694",
      "difficulty": 0,
      "pass_rate": 0,
      "ac_count": 0,
      "url": "https://183.250.108.194:500/OnlineJudge/problem_show.php?id=4694"
    },
    {
      "id": "4695",
      "title": "4695",
      "difficulty": 0,
      "pass_rate": 0,
      "ac_count": 0,
      "url": "https://183.250.108.194:500/OnlineJudge/problem_show.php?id=4695"
    },
    {
      "id": "4709",
      "title": "4709",
      "difficulty": 0,
      "pass_rate": 0,
      "ac_count": 0,
      "url": "https://183.250.108.194:500/OnlineJudge/problem_show.php?id=4709"
    },
    {
      "id": "4710",
      "title": "4710",
      "difficulty": 0,
      "pass_rate": 0,
      "ac_count": 0,
      "url": "https://183.250.108.194:500/OnlineJudge/problem_show.php?id=4710"
    },
    {
      "id": "4711",
      "title": "4711",
      "difficulty": 0,
      "pass_rate": 0,
      "ac_count": 0,
      "url": "https://183.250.108.194:500/OnlineJudge/problem_show.php?id=4711"
    },
    {
      "id": "4712",
      "title": "4712",
      "difficulty": 0,
      "pass_rate": 0,
      "ac_count": 0,
      "url": "https://183.250.108.194:500/OnlineJudge/problem_show.php?id=4712"
    },
    {
      "id": "4713",
      "title": "4713",
      "difficulty": 0,
      "pass_rate": 0,
      "ac_count": 0,
      "url": "https://183.250.108.194:500/OnlineJudge/problem_show.php?id=4713"
    },
    {
      "id": "4714",
      "title": "4714",
      "difficulty": 0,
      "pass_rate": 0,
      "ac_count": 0,
      "url": "https://183.250.108.194:500/OnlineJudge/problem_show.php?id=4714"
    },
    {
      "id": "4715",
      "title": "4715",
      "difficulty": 0,
      "pass_rate": 0,
      "ac_count": 0,
      "url": "https://183.250.108.194:500/OnlineJudge/problem_show.php?id=4715"
    },
    {
      "id": "4716",
      "title": "4716",
      "difficulty": 0,
      "pass_rate": 0,
      "ac_count": 0,
      "url": "https://183.250.108.194:500/OnlineJudge/problem_show.php?id=4716"
    },
    {
      "id": "4717",
      "title": "4717",
      "difficulty": 0,
      "pass_rate": 0,
      "ac_count": 0,
      "url": "https://183.250.108.194:500/OnlineJudge/problem_show.php?id=4717"
    },
    {
      "id": "4727",
      "title": "4727",
      "difficulty": 0,
      "pass_rate": 0,
      "ac_count": 0,
      "url": "https://183.250.108.194:500/OnlineJudge/problem_show.php?id=4727"
    },
    {
      "id": "4728",
      "title": "4728",
      "difficulty": 0,
      "pass_rate": 0,
      "ac_count": 0,
      "url": "https://183.250.108.194:500/OnlineJudge/problem_show.php?id=4728"
    },
    {
      "id": "4729",
      "title": "4729",
      "difficulty": 0,
      "pass_rate": 0,
      "ac_count": 0,
      "url": "https://183.250.108.194:500/OnlineJudge/problem_show.php?id=4729"
    },
    {
      "id": "4730",
      "title": "4730",
      "difficulty": 0,
      "pass_rate": 0,
      "ac_count": 0,
      "url": "https://183.250.108.194:500/OnlineJudge/problem_show.php?id=4730"
    },
    {
      "id": "4731",
      "title": "4731",
      "difficulty": 0,
      "pass_rate": 0,
      "ac_count": 0,
      "url": "https://183.250.108.194:500/OnlineJudge/problem_show.php?id=4731"
    },
    {
      "id": "4735",
      "title": "4735",
      "difficulty": 0,
      "pass_rate": 0,
      "ac_count": 0,
      "url": "https://183.250.108.194:500/OnlineJudge/problem_show.php?id=4735"
    },
    {
      "id": "4738",
      "title": "4738",
      "difficulty": 0,
      "pass_rate": 0,
      "ac_count": 0,
      "url": "https://183.250.108.194:500/OnlineJudge/problem_show.php?id=4738"
    },
    {
      "id": "4739",
      "title": "4739",
      "difficulty": 0,
      "pass_rate": 0,
      "ac_count": 0,
      "url": "https://183.250.108.194:500/OnlineJudge/problem_show.php?id=4739"
    },
    {
      "id": "4740",
      "title": "4740",
      "difficulty": 0,
      "pass_rate": 0,
      "ac_count": 0,
      "url": "https://183.250.108.194:500/OnlineJudge/problem_show.php?id=4740"
    },
    {
      "id": "4741",
      "title": "4741",
      "difficulty": 0,
      "pass_rate": 0,
      "ac_count": 0,
      "url": "https://183.250.108.194:500/OnlineJudge/problem_show.php?id=4741"
    },
    {
      "id": "4745",
      "title": "4745",
      "difficulty": 0,
      "pass_rate": 0,
      "ac_count": 0,
      "url": "https://183.250.108.194:500/OnlineJudge/problem_show.php?id=4745"
    },
    {
      "id": "4746",
      "title": "4746",
      "difficulty": 0,
      "pass_rate": 0,
      "ac_count": 0,
      "url": "https://183.250.108.194:500/OnlineJudge/problem_show.php?id=4746"
    },
    {
      "id": "4747",
      "title": "4747",
      "difficulty": 0,
      "pass_rate": 0,
      "ac_count": 0,
      "url": "https://183.250.108.194:500/OnlineJudge/problem_show.php?id=4747"
    },
    {
      "id": "4754",
      "title": "4754",
      "difficulty": 0,
      "pass_rate": 0,
      "ac_count": 0,
      "url": "https://183.250.108.194:500/OnlineJudge/problem_show.php?id=4754"
    },
    {
      "id": "4762",
      "title": "4762",
      "difficulty": 0,
      "pass_rate": 0,
      "ac_count": 0,
      "url": "https://183.250.108.194:500/OnlineJudge/problem_show.php?id=4762"
    },
    {
      "id": "4787",
      "title": "4787",
      "difficulty": 0,
      "pass_rate": 0,
      "ac_count": 0,
      "url": "https://183.250.108.194:500/OnlineJudge/problem_show.php?id=4787"
    },
    {
      "id": "4788",
      "title": "4788",
      "difficulty": 0,
      "pass_rate": 0,
      "ac_count": 0,
      "url": "https://183.250.108.194:500/OnlineJudge/problem_show.php?id=4788"
    },
    {
      "id": "4789",
      "title": "4789",
      "difficulty": 0,
      "pass_rate": 0,
      "ac_count": 0,
      "url": "https://183.250.108.194:500/OnlineJudge/problem_show.php?id=4789"
    },
    {
      "id": "4792",
      "title": "4792",
      "difficulty": 0,
      "pass_rate": 0,
      "ac_count": 0,
      "url": "https://183.250.108.194:500/OnlineJudge/problem_show.php?id=4792"
    },
    {
      "id": "4797",
      "title": "4797",
      "difficulty": 0,
      "pass_rate": 0,
      "ac_count": 0,
      "url": "https://183.250.108.194:500/OnlineJudge/problem_show.php?id=4797"
    },
    {
      "id": "4798",
      "title": "4798",
      "difficulty": 0,
      "pass_rate": 0,
      "ac_count": 0,
      "url": "https://183.250.108.194:500/OnlineJudge/problem_show.php?id=4798"
    },
    {
      "id": "4799",
      "title": "4799",
      "difficulty": 0,
      "pass_rate": 0,
      "ac_count": 0,
      "url": "https://183.250.108.194:500/OnlineJudge/problem_show.php?id=4799"
    },
    {
      "id": "4800",
      "title": "4800",
      "difficulty": 0,
      "pass_rate": 0,
      "ac_count": 0,
      "url": "https://183.250.108.194:500/OnlineJudge/problem_show.php?id=4800"
    },
    {
      "id": "4801",
      "title": "4801",
      "difficulty": 0,
      "pass_rate": 0,
      "ac_count": 0,
      "url": "https://183.250.108.194:500/OnlineJudge/problem_show.php?id=4801"
    },
    {
      "id": "4802",
      "title": "4802",
      "difficulty": 0,
      "pass_rate": 0,
      "ac_count": 0,
      "url": "https://183.250.108.194:500/OnlineJudge/problem_show.php?id=4802"
    },
    {
      "id": "4803",
      "title": "4803",
      "difficulty": 0,
      "pass_rate": 0,
      "ac_count": 0,
      "url": "https://183.250.108.194:500/OnlineJudge/problem_show.php?id=4803"
    },
    {
      "id": "4804",
      "title": "4804",
      "difficulty": 0,
      "pass_rate": 0,
      "ac_count": 0,
      "url": "https://183.250.108.194:500/OnlineJudge/problem_show.php?id=4804"
    },
    {
      "id": "4805",
      "title": "4805",
      "difficulty": 0,
      "pass_rate": 0,
      "ac_count": 0,
      "url": "https://183.250.108.194:500/OnlineJudge/problem_show.php?id=4805"
    },
    {
      "id": "4806",
      "title": "4806",
      "difficulty": 0,
      "pass_rate": 0,
      "ac_count": 0,
      "url": "https://183.250.108.194:500/OnlineJudge/problem_show.php?id=4806"
    },
    {
      "id": "4807",
      "title": "4807",
      "difficulty": 0,
      "pass_rate": 0,
      "ac_count": 0,
      "url": "https://183.250.108.194:500/OnlineJudge/problem_show.php?id=4807"
    },
    {
      "id": "4808",
      "title": "4808",
      "difficulty": 0,
      "pass_rate": 0,
      "ac_count": 0,
      "url": "https://183.250.108.194:500/OnlineJudge/problem_show.php?id=4808"
    },
    {
      "id": "4817",
      "title": "4817",
      "difficulty": 0,
      "pass_rate": 0,
      "ac_count": 0,
      "url": "https://183.250.108.194:500/OnlineJudge/problem_show.php?id=4817"
    },
    {
      "id": "4823",
      "title": "4823",
      "difficulty": 0,
      "pass_rate": 0,
      "ac_count": 0,
      "url": "https://183.250.108.194:500/OnlineJudge/problem_show.php?id=4823"
    },
    {
      "id": "4824",
      "title": "4824",
      "difficulty": 0,
      "pass_rate": 0,
      "ac_count": 0,
      "url": "https://183.250.108.194:500/OnlineJudge/problem_show.php?id=4824"
    },
    {
      "id": "4830",
      "title": "4830",
      "difficulty": 0,
      "pass_rate": 0,
      "ac_count": 0,
      "url": "https://183.250.108.194:500/OnlineJudge/problem_show.php?id=4830"
    },
    {
      "id": "4831",
      "title": "4831",
      "difficulty": 0,
      "pass_rate": 0,
      "ac_count": 0,
      "url": "https://183.250.108.194:500/OnlineJudge/problem_show.php?id=4831"
    },
    {
      "id": "4832",
      "title": "4832",
      "difficulty": 0,
      "pass_rate": 0,
      "ac_count": 0,
      "url": "https://183.250.108.194:500/OnlineJudge/problem_show.php?id=4832"
    },
    {
      "id": "4842",
      "title": "4842",
      "difficulty": 0,
      "pass_rate": 0,
      "ac_count": 0,
      "url": "https://183.250.108.194:500/OnlineJudge/problem_show.php?id=4842"
    },
    {
      "id": "4843",
      "title": "4843",
      "difficulty": 0,
      "pass_rate": 0,
      "ac_count": 0,
      "url": "https://183.250.108.194:500/OnlineJudge/problem_show.php?id=4843"
    },
    {
      "id": "4844",
      "title": "4844",
      "difficulty": 0,
      "pass_rate": 0,
      "ac_count": 0,
      "url": "https://183.250.108.194:500/OnlineJudge/problem_show.php?id=4844"
    },
    {
      "id": "4851",
      "title": "4851",
      "difficulty": 0,
      "pass_rate": 0,
      "ac_count": 0,
      "url": "https://183.250.108.194:500/OnlineJudge/problem_show.php?id=4851"
    },
    {
      "id": "4852",
      "title": "4852",
      "difficulty": 0,
      "pass_rate": 0,
      "ac_count": 0,
      "url": "https://183.250.108.194:500/OnlineJudge/problem_show.php?id=4852"
    },
    {
      "id": "4853",
      "title": "4853",
      "difficulty": 0,
      "pass_rate": 0,
      "ac_count": 0,
      "url": "https://183.250.108.194:500/OnlineJudge/problem_show.php?id=4853"
    },
    {
      "id": "4869",
      "title": "4869",
      "difficulty": 0,
      "pass_rate": 0,
      "ac_count": 0,
      "url": "https://183.250.108.194:500/OnlineJudge/problem_show.php?id=4869"
    },
    {
      "id": "4870",
      "title": "4870",
      "difficulty": 0,
      "pass_rate": 0,
      "ac_count": 0,
      "url": "https://183.250.108.194:500/OnlineJudge/problem_show.php?id=4870"
    },
    {
      "id": "4871",
      "title": "4871",
      "difficulty": 0,
      "pass_rate": 0,
      "ac_count": 0,
      "url": "https://183.250.108.194:500/OnlineJudge/problem_show.php?id=4871"
    },
    {
      "id": "4875",
      "title": "4875",
      "difficulty": 0,
      "pass_rate": 0,
      "ac_count": 0,
      "url": "https://183.250.108.194:500/OnlineJudge/problem_show.php?id=4875"
    },
    {
      "id": "4876",
      "title": "4876",
      "difficulty": 0,
      "pass_rate": 0,
      "ac_count": 0,
      "url": "https://183.250.108.194:500/OnlineJudge/problem_show.php?id=4876"
    },
    {
      "id": "4877",
      "title": "4877",
      "difficulty": 0,
      "pass_rate": 0,
      "ac_count": 0,
      "url": "https://183.250.108.194:500/OnlineJudge/problem_show.php?id=4877"
    },
    {
      "id": "4881",
      "title": "4881",
      "difficulty": 0,
      "pass_rate": 0,
      "ac_count": 0,
      "url": "https://183.250.108.194:500/OnlineJudge/problem_show.php?id=4881"
    },
    {
      "id": "4882",
      "title": "4882",
      "difficulty": 0,
      "pass_rate": 0,
      "ac_count": 0,
      "url": "https://183.250.108.194:500/OnlineJudge/problem_show.php?id=4882"
    },
    {
      "id": "4883",
      "title": "4883",
      "difficulty": 0,
      "pass_rate": 0,
      "ac_count": 0,
      "url": "https://183.250.108.194:500/OnlineJudge/problem_show.php?id=4883"
    },
    {
      "id": "4884",
      "title": "4884",
      "difficulty": 0,
      "pass_rate": 0,
      "ac_count": 0,
      "url": "https://183.250.108.194:500/OnlineJudge/problem_show.php?id=4884"
    },
    {
      "id": "4885",
      "title": "4885",
      "difficulty": 0,
      "pass_rate": 0,
      "ac_count": 0,
      "url": "https://183.250.108.194:500/OnlineJudge/problem_show.php?id=4885"
    },
    {
      "id": "4886",
      "title": "4886",
      "difficulty": 0,
      "pass_rate": 0,
      "ac_count": 0,
      "url": "https://183.250.108.194:500/OnlineJudge/problem_show.php?id=4886"
    },
    {
      "id": "4887",
      "title": "4887",
      "difficulty": 0,
      "pass_rate": 0,
      "ac_count": 0,
      "url": "https://183.250.108.194:500/OnlineJudge/problem_show.php?id=4887"
    },
    {
      "id": "4888",
      "title": "4888",
      "difficulty": 0,
      "pass_rate": 0,
      "ac_count": 0,
      "url": "https://183.250.108.194:500/OnlineJudge/problem_show.php?id=4888"
    },
    {
      "id": "4890",
      "title": "4890",
      "difficulty": 0,
      "pass_rate": 0,
      "ac_count": 0,
      "url": "https://183.250.108.194:500/OnlineJudge/problem_show.php?id=4890"
    },
    {
      "id": "4891",
      "title": "4891",
      "difficulty": 0,
      "pass_rate": 0,
      "ac_count": 0,
      "url": "https://183.250.108.194:500/OnlineJudge/problem_show.php?id=4891"
    },
    {
      "id": "4892",
      "title": "4892",
      "difficulty": 0,
      "pass_rate": 0,
      "ac_count": 0,
      "url": "https://183.250.108.194:500/OnlineJudge/problem_show.php?id=4892"
    },
    {
      "id": "4893",
      "title": "4893",
      "difficulty": 0,
      "pass_rate": 0,
      "ac_count": 0,
      "url": "https://183.250.108.194:500/OnlineJudge/problem_show.php?id=4893"
    },
    {
      "id": "4894",
      "title": "4894",
      "difficulty": 0,
      "pass_rate": 0,
      "ac_count": 0,
      "url": "https://183.250.108.194:500/OnlineJudge/problem_show.php?id=4894"
    },
    {
      "id": "4896",
      "title": "4896",
      "difficulty": 0,
      "pass_rate": 0,
      "ac_count": 0,
      "url": "https://183.250.108.194:500/OnlineJudge/problem_show.php?id=4896"
    },
    {
      "id": "4897",
      "title": "4897",
      "difficulty": 0,
      "pass_rate": 0,
      "ac_count": 0,
      "url": "https://183.250.108.194:500/OnlineJudge/problem_show.php?id=4897"
    },
    {
      "id": "4898",
      "title": "4898",
      "difficulty": 0,
      "pass_rate": 0,
      "ac_count": 0,
      "url": "https://183.250.108.194:500/OnlineJudge/problem_show.php?id=4898"
    },
    {
      "id": "4899",
      "title": "4899",
      "difficulty": 0,
      "pass_rate": 0,
      "ac_count": 0,
      "url": "https://183.250.108.194:500/OnlineJudge/problem_show.php?id=4899"
    },
    {
      "id": "4900",
      "title": "4900",
      "difficulty": 0,
      "pass_rate": 0,
      "ac_count": 0,
      "url": "https://183.250.108.194:500/OnlineJudge/problem_show.php?id=4900"
    },
    {
      "id": "4901",
      "title": "4901",
      "difficulty": 0,
      "pass_rate": 0,
      "ac_count": 0,
      "url": "https://183.250.108.194:500/OnlineJudge/problem_show.php?id=4901"
    },
    {
      "id": "4902",
      "title": "4902",
      "difficulty": 0,
      "pass_rate": 0,
      "ac_count": 0,
      "url": "https://183.250.108.194:500/OnlineJudge/problem_show.php?id=4902"
    },
    {
      "id": "4903",
      "title": "4903",
      "difficulty": 0,
      "pass_rate": 0,
      "ac_count": 0,
      "url": "https://183.250.108.194:500/OnlineJudge/problem_show.php?id=4903"
    },
    {
      "id": "4904",
      "title": "4904",
      "difficulty": 0,
      "pass_rate": 0,
      "ac_count": 0,
      "url": "https://183.250.108.194:500/OnlineJudge/problem_show.php?id=4904"
    },
    {
      "id": "4905",
      "title": "4905",
      "difficulty": 0,
      "pass_rate": 0,
      "ac_count": 0,
      "url": "https://183.250.108.194:500/OnlineJudge/problem_show.php?id=4905"
    },
    {
      "id": "4906",
      "title": "4906",
      "difficulty": 0,
      "pass_rate": 0,
      "ac_count": 0,
      "url": "https://183.250.108.194:500/OnlineJudge/problem_show.php?id=4906"
    },
    {
      "id": "4912",
      "title": "4912",
      "difficulty": 0,
      "pass_rate": 0,
      "ac_count": 0,
      "url": "https://183.250.108.194:500/OnlineJudge/problem_show.php?id=4912"
    },
    {
      "id": "4913",
      "title": "4913",
      "difficulty": 0,
      "pass_rate": 0,
      "ac_count": 0,
      "url": "https://183.250.108.194:500/OnlineJudge/problem_show.php?id=4913"
    },
    {
      "id": "4915",
      "title": "4915",
      "difficulty": 0,
      "pass_rate": 0,
      "ac_count": 0,
      "url": "https://183.250.108.194:500/OnlineJudge/problem_show.php?id=4915"
    },
    {
      "id": "4916",
      "title": "4916",
      "difficulty": 0,
      "pass_rate": 0,
      "ac_count": 0,
      "url": "https://183.250.108.194:500/OnlineJudge/problem_show.php?id=4916"
    },
    {
      "id": "4922",
      "title": "4922",
      "difficulty": 0,
      "pass_rate": 0,
      "ac_count": 0,
      "url": "https://183.250.108.194:500/OnlineJudge/problem_show.php?id=4922"
    },
    {
      "id": "4926",
      "title": "4926",
      "difficulty": 0,
      "pass_rate": 0,
      "ac_count": 0,
      "url": "https://183.250.108.194:500/OnlineJudge/problem_show.php?id=4926"
    },
    {
      "id": "4928",
      "title": "4928",
      "difficulty": 0,
      "pass_rate": 0,
      "ac_count": 0,
      "url": "https://183.250.108.194:500/OnlineJudge/problem_show.php?id=4928"
    },
    {
      "id": "4936",
      "title": "4936",
      "difficulty": 0,
      "pass_rate": 0,
      "ac_count": 0,
      "url": "https://183.250.108.194:500/OnlineJudge/problem_show.php?id=4936"
    },
    {
      "id": "4937",
      "title": "4937",
      "difficulty": 0,
      "pass_rate": 0,
      "ac_count": 0,
      "url": "https://183.250.108.194:500/OnlineJudge/problem_show.php?id=4937"
    },
    {
      "id": "4938",
      "title": "4938",
      "difficulty": 0,
      "pass_rate": 0,
      "ac_count": 0,
      "url": "https://183.250.108.194:500/OnlineJudge/problem_show.php?id=4938"
    },
    {
      "id": "4950",
      "title": "4950",
      "difficulty": 0,
      "pass_rate": 0,
      "ac_count": 0,
      "url": "https://183.250.108.194:500/OnlineJudge/problem_show.php?id=4950"
    },
    {
      "id": "4951",
      "title": "4951",
      "difficulty": 0,
      "pass_rate": 0,
      "ac_count": 0,
      "url": "https://183.250.108.194:500/OnlineJudge/problem_show.php?id=4951"
    },
    {
      "id": "4952",
      "title": "4952",
      "difficulty": 0,
      "pass_rate": 0,
      "ac_count": 0,
      "url": "https://183.250.108.194:500/OnlineJudge/problem_show.php?id=4952"
    },
    {
      "id": "4956",
      "title": "4956",
      "difficulty": 0,
      "pass_rate": 0,
      "ac_count": 0,
      "url": "https://183.250.108.194:500/OnlineJudge/problem_show.php?id=4956"
    },
    {
      "id": "4957",
      "title": "4957",
      "difficulty": 0,
      "pass_rate": 0,
      "ac_count": 0,
      "url": "https://183.250.108.194:500/OnlineJudge/problem_show.php?id=4957"
    },
    {
      "id": "4958",
      "title": "4958",
      "difficulty": 0,
      "pass_rate": 0,
      "ac_count": 0,
      "url": "https://183.250.108.194:500/OnlineJudge/problem_show.php?id=4958"
    },
    {
      "id": "4959",
      "title": "4959",
      "difficulty": 0,
      "pass_rate": 0,
      "ac_count": 0,
      "url": "https://183.250.108.194:500/OnlineJudge/problem_show.php?id=4959"
    },
    {
      "id": "4961",
      "title": "4961",
      "difficulty": 0,
      "pass_rate": 0,
      "ac_count": 0,
      "url": "https://183.250.108.194:500/OnlineJudge/problem_show.php?id=4961"
    },
    {
      "id": "4987",
      "title": "4987",
      "difficulty": 0,
      "pass_rate": 0,
      "ac_count": 0,
      "url": "https://183.250.108.194:500/OnlineJudge/problem_show.php?id=4987"
    },
    {
      "id": "4988",
      "title": "4988",
      "difficulty": 0,
      "pass_rate": 0,
      "ac_count": 0,
      "url": "https://183.250.108.194:500/OnlineJudge/problem_show.php?id=4988"
    },
    {
      "id": "4989",
      "title": "4989",
      "difficulty": 0,
      "pass_rate": 0,
      "ac_count": 0,
      "url": "https://183.250.108.194:500/OnlineJudge/problem_show.php?id=4989"
    },
    {
      "id": "4993",
      "title": "4993",
      "difficulty": 0,
      "pass_rate": 0,
      "ac_count": 0,
      "url": "https://183.250.108.194:500/OnlineJudge/problem_show.php?id=4993"
    },
    {
      "id": "4994",
      "title": "4994",
      "difficulty": 0,
      "pass_rate": 0,
      "ac_count": 0,
      "url": "https://183.250.108.194:500/OnlineJudge/problem_show.php?id=4994"
    },
    {
      "id": "4996",
      "title": "4996",
      "difficulty": 0,
      "pass_rate": 0,
      "ac_count": 0,
      "url": "https://183.250.108.194:500/OnlineJudge/problem_show.php?id=4996"
    },
    {
      "id": "4998",
      "title": "4998",
      "difficulty": 0,
      "pass_rate": 0,
      "ac_count": 0,
      "url": "https://183.250.108.194:500/OnlineJudge/problem_show.php?id=4998"
    },
    {
      "id": "4999",
      "title": "4999",
      "difficulty": 0,
      "pass_rate": 0,
      "ac_count": 0,
      "url": "https://183.250.108.194:500/OnlineJudge/problem_show.php?id=4999"
    },
    {
      "id": "5011",
      "title": "5011",
      "difficulty": 0,
      "pass_rate": 0,
      "ac_count": 0,
      "url": "https://183.250.108.194:500/OnlineJudge/problem_show.php?id=5011"
    },
    {
      "id": "5012",
      "title": "5012",
      "difficulty": 0,
      "pass_rate": 0,
      "ac_count": 0,
      "url": "https://183.250.108.194:500/OnlineJudge/problem_show.php?id=5012"
    },
    {
      "id": "5013",
      "title": "5013",
      "difficulty": 0,
      "pass_rate": 0,
      "ac_count": 0,
      "url": "https://183.250.108.194:500/OnlineJudge/problem_show.php?id=5013"
    },
    {
      "id": "5014",
      "title": "5014",
      "difficulty": 0,
      "pass_rate": 0,
      "ac_count": 0,
      "url": "https://183.250.108.194:500/OnlineJudge/problem_show.php?id=5014"
    },
    {
      "id": "5015",
      "title": "5015",
      "difficulty": 0,
      "pass_rate": 0,
      "ac_count": 0,
      "url": "https://183.250.108.194:500/OnlineJudge/problem_show.php?id=5015"
    },
    {
      "id": "5016",
      "title": "5016",
      "difficulty": 0,
      "pass_rate": 0,
      "ac_count": 0,
      "url": "https://183.250.108.194:500/OnlineJudge/problem_show.php?id=5016"
    },
    {
      "id": "5017",
      "title": "5017",
      "difficulty": 0,
      "pass_rate": 0,
      "ac_count": 0,
      "url": "https://183.250.108.194:500/OnlineJudge/problem_show.php?id=5017"
    },
    {
      "id": "5018",
      "title": "5018",
      "difficulty": 0,
      "pass_rate": 0,
      "ac_count": 0,
      "url": "https://183.250.108.194:500/OnlineJudge/problem_show.php?id=5018"
    },
    {
      "id": "5019",
      "title": "5019",
      "difficulty": 0,
      "pass_rate": 0,
      "ac_count": 0,
      "url": "https://183.250.108.194:500/OnlineJudge/problem_show.php?id=5019"
    },
    {
      "id": "5020",
      "title": "5020",
      "difficulty": 0,
      "pass_rate": 0,
      "ac_count": 0,
      "url": "https://183.250.108.194:500/OnlineJudge/problem_show.php?id=5020"
    },
    {
      "id": "5021",
      "title": "5021",
      "difficulty": 0,
      "pass_rate": 0,
      "ac_count": 0,
      "url": "https://183.250.108.194:500/OnlineJudge/problem_show.php?id=5021"
    },
    {
      "id": "5022",
      "title": "5022",
      "difficulty": 0,
      "pass_rate": 0,
      "ac_count": 0,
      "url": "https://183.250.108.194:500/OnlineJudge/problem_show.php?id=5022"
    },
    {
      "id": "5023",
      "title": "5023",
      "difficulty": 0,
      "pass_rate": 0,
      "ac_count": 0,
      "url": "https://183.250.108.194:500/OnlineJudge/problem_show.php?id=5023"
    },
    {
      "id": "5024",
      "title": "5024",
      "difficulty": 0,
      "pass_rate": 0,
      "ac_count": 0,
      "url": "https://183.250.108.194:500/OnlineJudge/problem_show.php?id=5024"
    },
    {
      "id": "5025",
      "title": "5025",
      "difficulty": 0,
      "pass_rate": 0,
      "ac_count": 0,
      "url": "https://183.250.108.194:500/OnlineJudge/problem_show.php?id=5025"
    },
    {
      "id": "5026",
      "title": "5026",
      "difficulty": 0,
      "pass_rate": 0,
      "ac_count": 0,
      "url": "https://183.250.108.194:500/OnlineJudge/problem_show.php?id=5026"
    },
    {
      "id": "5027",
      "title": "5027",
      "difficulty": 0,
      "pass_rate": 0,
      "ac_count": 0,
      "url": "https://183.250.108.194:500/OnlineJudge/problem_show.php?id=5027"
    },
    {
      "id": "5028",
      "title": "5028",
      "difficulty": 0,
      "pass_rate": 0,
      "ac_count": 0,
      "url": "https://183.250.108.194:500/OnlineJudge/problem_show.php?id=5028"
    },
    {
      "id": "5029",
      "title": "5029",
      "difficulty": 0,
      "pass_rate": 0,
      "ac_count": 0,
      "url": "https://183.250.108.194:500/OnlineJudge/problem_show.php?id=5029"
    },
    {
      "id": "5030",
      "title": "5030",
      "difficulty": 0,
      "pass_rate": 0,
      "ac_count": 0,
      "url": "https://183.250.108.194:500/OnlineJudge/problem_show.php?id=5030"
    },
    {
      "id": "5031",
      "title": "5031",
      "difficulty": 0,
      "pass_rate": 0,
      "ac_count": 0,
      "url": "https://183.250.108.194:500/OnlineJudge/problem_show.php?id=5031"
    },
    {
      "id": "5032",
      "title": "5032",
      "difficulty": 0,
      "pass_rate": 0,
      "ac_count": 0,
      "url": "https://183.250.108.194:500/OnlineJudge/problem_show.php?id=5032"
    },
    {
      "id": "5033",
      "title": "5033",
      "difficulty": 0,
      "pass_rate": 0,
      "ac_count": 0,
      "url": "https://183.250.108.194:500/OnlineJudge/problem_show.php?id=5033"
    },
    {
      "id": "5055",
      "title": "5055",
      "difficulty": 0,
      "pass_rate": 0,
      "ac_count": 0,
      "url": "https://183.250.108.194:500/OnlineJudge/problem_show.php?id=5055"
    },
    {
      "id": "5056",
      "title": "5056",
      "difficulty": 0,
      "pass_rate": 0,
      "ac_count": 0,
      "url": "https://183.250.108.194:500/OnlineJudge/problem_show.php?id=5056"
    },
    {
      "id": "5057",
      "title": "5057",
      "difficulty": 0,
      "pass_rate": 0,
      "ac_count": 0,
      "url": "https://183.250.108.194:500/OnlineJudge/problem_show.php?id=5057"
    },
    {
      "id": "5060",
      "title": "5060",
      "difficulty": 0,
      "pass_rate": 0,
      "ac_count": 0,
      "url": "https://183.250.108.194:500/OnlineJudge/problem_show.php?id=5060"
    },
    {
      "id": "5062",
      "title": "5062",
      "difficulty": 0,
      "pass_rate": 0,
      "ac_count": 0,
      "url": "https://183.250.108.194:500/OnlineJudge/problem_show.php?id=5062"
    },
    {
      "id": "5065",
      "title": "5065",
      "difficulty": 0,
      "pass_rate": 0,
      "ac_count": 0,
      "url": "https://183.250.108.194:500/OnlineJudge/problem_show.php?id=5065"
    },
    {
      "id": "5066",
      "title": "5066",
      "difficulty": 0,
      "pass_rate": 0,
      "ac_count": 0,
      "url": "https://183.250.108.194:500/OnlineJudge/problem_show.php?id=5066"
    },
    {
      "id": "5067",
      "title": "5067",
      "difficulty": 0,
      "pass_rate": 0,
      "ac_count": 0,
      "url": "https://183.250.108.194:500/OnlineJudge/problem_show.php?id=5067"
    },
    {
      "id": "5073",
      "title": "5073",
      "difficulty": 0,
      "pass_rate": 0,
      "ac_count": 0,
      "url": "https://183.250.108.194:500/OnlineJudge/problem_show.php?id=5073"
    },
    {
      "id": "5074",
      "title": "5074",
      "difficulty": 0,
      "pass_rate": 0,
      "ac_count": 0,
      "url": "https://183.250.108.194:500/OnlineJudge/problem_show.php?id=5074"
    },
    {
      "id": "5075",
      "title": "5075",
      "difficulty": 0,
      "pass_rate": 0,
      "ac_count": 0,
      "url": "https://183.250.108.194:500/OnlineJudge/problem_show.php?id=5075"
    },
    {
      "id": "5076",
      "title": "5076",
      "difficulty": 0,
      "pass_rate": 0,
      "ac_count": 0,
      "url": "https://183.250.108.194:500/OnlineJudge/problem_show.php?id=5076"
    },
    {
      "id": "5081",
      "title": "5081",
      "difficulty": 0,
      "pass_rate": 0,
      "ac_count": 0,
      "url": "https://183.250.108.194:500/OnlineJudge/problem_show.php?id=5081"
    },
    {
      "id": "5082",
      "title": "5082",
      "difficulty": 0,
      "pass_rate": 0,
      "ac_count": 0,
      "url": "https://183.250.108.194:500/OnlineJudge/problem_show.php?id=5082"
    },
    {
      "id": "5083",
      "title": "5083",
      "difficulty": 0,
      "pass_rate": 0,
      "ac_count": 0,
      "url": "https://183.250.108.194:500/OnlineJudge/problem_show.php?id=5083"
    },
    {
      "id": "5084",
      "title": "5084",
      "difficulty": 0,
      "pass_rate": 0,
      "ac_count": 0,
      "url": "https://183.250.108.194:500/OnlineJudge/problem_show.php?id=5084"
    },
    {
      "id": "5085",
      "title": "5085",
      "difficulty": 0,
      "pass_rate": 0,
      "ac_count": 0,
      "url": "https://183.250.108.194:500/OnlineJudge/problem_show.php?id=5085"
    },
    {
      "id": "5086",
      "title": "5086",
      "difficulty": 0,
      "pass_rate": 0,
      "ac_count": 0,
      "url": "https://183.250.108.194:500/OnlineJudge/problem_show.php?id=5086"
    },
    {
      "id": "5087",
      "title": "5087",
      "difficulty": 0,
      "pass_rate": 0,
      "ac_count": 0,
      "url": "https://183.250.108.194:500/OnlineJudge/problem_show.php?id=5087"
    },
    {
      "id": "5090",
      "title": "5090",
      "difficulty": 0,
      "pass_rate": 0,
      "ac_count": 0,
      "url": "https://183.250.108.194:500/OnlineJudge/problem_show.php?id=5090"
    },
    {
      "id": "5091",
      "title": "5091",
      "difficulty": 0,
      "pass_rate": 0,
      "ac_count": 0,
      "url": "https://183.250.108.194:500/OnlineJudge/problem_show.php?id=5091"
    },
    {
      "id": "5105",
      "title": "5105",
      "difficulty": 0,
      "pass_rate": 0,
      "ac_count": 0,
      "url": "https://183.250.108.194:500/OnlineJudge/problem_show.php?id=5105"
    },
    {
      "id": "5106",
      "title": "5106",
      "difficulty": 0,
      "pass_rate": 0,
      "ac_count": 0,
      "url": "https://183.250.108.194:500/OnlineJudge/problem_show.php?id=5106"
    },
    {
      "id": "5107",
      "title": "5107",
      "difficulty": 0,
      "pass_rate": 0,
      "ac_count": 0,
      "url": "https://183.250.108.194:500/OnlineJudge/problem_show.php?id=5107"
    },
    {
      "id": "5108",
      "title": "5108",
      "difficulty": 0,
      "pass_rate": 0,
      "ac_count": 0,
      "url": "https://183.250.108.194:500/OnlineJudge/problem_show.php?id=5108"
    },
    {
      "id": "5110",
      "title": "5110",
      "difficulty": 0,
      "pass_rate": 0,
      "ac_count": 0,
      "url": "https://183.250.108.194:500/OnlineJudge/problem_show.php?id=5110"
    },
    {
      "id": "5111",
      "title": "5111",
      "difficulty": 0,
      "pass_rate": 0,
      "ac_count": 0,
      "url": "https://183.250.108.194:500/OnlineJudge/problem_show.php?id=5111"
    },
    {
      "id": "5112",
      "title": "5112",
      "difficulty": 0,
      "pass_rate": 0,
      "ac_count": 0,
      "url": "https://183.250.108.194:500/OnlineJudge/problem_show.php?id=5112"
    },
    {
      "id": "5113",
      "title": "5113",
      "difficulty": 0,
      "pass_rate": 0,
      "ac_count": 0,
      "url": "https://183.250.108.194:500/OnlineJudge/problem_show.php?id=5113"
    },
    {
      "id": "5117",
      "title": "5117",
      "difficulty": 0,
      "pass_rate": 0,
      "ac_count": 0,
      "url": "https://183.250.108.194:500/OnlineJudge/problem_show.php?id=5117"
    },
    {
      "id": "5118",
      "title": "5118",
      "difficulty": 0,
      "pass_rate": 0,
      "ac_count": 0,
      "url": "https://183.250.108.194:500/OnlineJudge/problem_show.php?id=5118"
    },
    {
      "id": "5119",
      "title": "5119",
      "difficulty": 0,
      "pass_rate": 0,
      "ac_count": 0,
      "url": "https://183.250.108.194:500/OnlineJudge/problem_show.php?id=5119"
    },
    {
      "id": "5120",
      "title": "5120",
      "difficulty": 0,
      "pass_rate": 0,
      "ac_count": 0,
      "url": "https://183.250.108.194:500/OnlineJudge/problem_show.php?id=5120"
    },
    {
      "id": "5129",
      "title": "5129",
      "difficulty": 0,
      "pass_rate": 0,
      "ac_count": 0,
      "url": "https://183.250.108.194:500/OnlineJudge/problem_show.php?id=5129"
    },
    {
      "id": "5130",
      "title": "5130",
      "difficulty": 0,
      "pass_rate": 0,
      "ac_count": 0,
      "url": "https://183.250.108.194:500/OnlineJudge/problem_show.php?id=5130"
    },
    {
      "id": "5131",
      "title": "5131",
      "difficulty": 0,
      "pass_rate": 0,
      "ac_count": 0,
      "url": "https://183.250.108.194:500/OnlineJudge/problem_show.php?id=5131"
    },
    {
      "id": "5137",
      "title": "5137",
      "difficulty": 0,
      "pass_rate": 0,
      "ac_count": 0,
      "url": "https://183.250.108.194:500/OnlineJudge/problem_show.php?id=5137"
    },
    {
      "id": "5144",
      "title": "5144",
      "difficulty": 0,
      "pass_rate": 0,
      "ac_count": 0,
      "url": "https://183.250.108.194:500/OnlineJudge/problem_show.php?id=5144"
    },
    {
      "id": "5145",
      "title": "5145",
      "difficulty": 0,
      "pass_rate": 0,
      "ac_count": 0,
      "url": "https://183.250.108.194:500/OnlineJudge/problem_show.php?id=5145"
    },
    {
      "id": "5146",
      "title": "5146",
      "difficulty": 0,
      "pass_rate": 0,
      "ac_count": 0,
      "url": "https://183.250.108.194:500/OnlineJudge/problem_show.php?id=5146"
    },
    {
      "id": "5149",
      "title": "5149",
      "difficulty": 0,
      "pass_rate": 0,
      "ac_count": 0,
      "url": "https://183.250.108.194:500/OnlineJudge/problem_show.php?id=5149"
    },
    {
      "id": "5150",
      "title": "5150",
      "difficulty": 0,
      "pass_rate": 0,
      "ac_count": 0,
      "url": "https://183.250.108.194:500/OnlineJudge/problem_show.php?id=5150"
    },
    {
      "id": "5151",
      "title": "5151",
      "difficulty": 0,
      "pass_rate": 0,
      "ac_count": 0,
      "url": "https://183.250.108.194:500/OnlineJudge/problem_show.php?id=5151"
    },
    {
      "id": "5152",
      "title": "5152",
      "difficulty": 0,
      "pass_rate": 0,
      "ac_count": 0,
      "url": "https://183.250.108.194:500/OnlineJudge/problem_show.php?id=5152"
    },
    {
      "id": "5154",
      "title": "5154",
      "difficulty": 0,
      "pass_rate": 0,
      "ac_count": 0,
      "url": "https://183.250.108.194:500/OnlineJudge/problem_show.php?id=5154"
    },
    {
      "id": "5155",
      "title": "5155",
      "difficulty": 0,
      "pass_rate": 0,
      "ac_count": 0,
      "url": "https://183.250.108.194:500/OnlineJudge/problem_show.php?id=5155"
    },
    {
      "id": "5156",
      "title": "5156",
      "difficulty": 0,
      "pass_rate": 0,
      "ac_count": 0,
      "url": "https://183.250.108.194:500/OnlineJudge/problem_show.php?id=5156"
    },
    {
      "id": "5164",
      "title": "5164",
      "difficulty": 0,
      "pass_rate": 0,
      "ac_count": 0,
      "url": "https://183.250.108.194:500/OnlineJudge/problem_show.php?id=5164"
    },
    {
      "id": "5176",
      "title": "5176",
      "difficulty": 0,
      "pass_rate": 0,
      "ac_count": 0,
      "url": "https://183.250.108.194:500/OnlineJudge/problem_show.php?id=5176"
    },
    {
      "id": "5179",
      "title": "5179",
      "difficulty": 0,
      "pass_rate": 0,
      "ac_count": 0,
      "url": "https://183.250.108.194:500/OnlineJudge/problem_show.php?id=5179"
    },
    {
      "id": "5182",
      "title": "5182",
      "difficulty": 0,
      "pass_rate": 0,
      "ac_count": 0,
      "url": "https://183.250.108.194:500/OnlineJudge/problem_show.php?id=5182"
    },
    {
      "id": "5183",
      "title": "5183",
      "difficulty": 0,
      "pass_rate": 0,
      "ac_count": 0,
      "url": "https://183.250.108.194:500/OnlineJudge/problem_show.php?id=5183"
    },
    {
      "id": "5184",
      "title": "5184",
      "difficulty": 0,
      "pass_rate": 0,
      "ac_count": 0,
      "url": "https://183.250.108.194:500/OnlineJudge/problem_show.php?id=5184"
    },
    {
      "id": "5187",
      "title": "5187",
      "difficulty": 0,
      "pass_rate": 0,
      "ac_count": 0,
      "url": "https://183.250.108.194:500/OnlineJudge/problem_show.php?id=5187"
    },
    {
      "id": "5190",
      "title": "5190",
      "difficulty": 0,
      "pass_rate": 0,
      "ac_count": 0,
      "url": "https://183.250.108.194:500/OnlineJudge/problem_show.php?id=5190"
    },
    {
      "id": "5197",
      "title": "5197",
      "difficulty": 0,
      "pass_rate": 0,
      "ac_count": 0,
      "url": "https://183.250.108.194:500/OnlineJudge/problem_show.php?id=5197"
    },
    {
      "id": "5198",
      "title": "5198",
      "difficulty": 0,
      "pass_rate": 0,
      "ac_count": 0,
      "url": "https://183.250.108.194:500/OnlineJudge/problem_show.php?id=5198"
    },
    {
      "id": "5199",
      "title": "5199",
      "difficulty": 0,
      "pass_rate": 0,
      "ac_count": 0,
      "url": "https://183.250.108.194:500/OnlineJudge/problem_show.php?id=5199"
    },
    {
      "id": "5202",
      "title": "5202",
      "difficulty": 0,
      "pass_rate": 0,
      "ac_count": 0,
      "url": "https://183.250.108.194:500/OnlineJudge/problem_show.php?id=5202"
    },
    {
      "id": "5203",
      "title": "5203",
      "difficulty": 0,
      "pass_rate": 0,
      "ac_count": 0,
      "url": "https://183.250.108.194:500/OnlineJudge/problem_show.php?id=5203"
    },
    {
      "id": "5204",
      "title": "5204",
      "difficulty": 0,
      "pass_rate": 0,
      "ac_count": 0,
      "url": "https://183.250.108.194:500/OnlineJudge/problem_show.php?id=5204"
    },
    {
      "id": "5205",
      "title": "5205",
      "difficulty": 0,
      "pass_rate": 0,
      "ac_count": 0,
      "url": "https://183.250.108.194:500/OnlineJudge/problem_show.php?id=5205"
    },
    {
      "id": "5207",
      "title": "5207",
      "difficulty": 0,
      "pass_rate": 0,
      "ac_count": 0,
      "url": "https://183.250.108.194:500/OnlineJudge/problem_show.php?id=5207"
    },
    {
      "id": "5208",
      "title": "5208",
      "difficulty": 0,
      "pass_rate": 0,
      "ac_count": 0,
      "url": "https://183.250.108.194:500/OnlineJudge/problem_show.php?id=5208"
    },
    {
      "id": "5209",
      "title": "5209",
      "difficulty": 0,
      "pass_rate": 0,
      "ac_count": 0,
      "url": "https://183.250.108.194:500/OnlineJudge/problem_show.php?id=5209"
    },
    {
      "id": "5210",
      "title": "5210",
      "difficulty": 0,
      "pass_rate": 0,
      "ac_count": 0,
      "url": "https://183.250.108.194:500/OnlineJudge/problem_show.php?id=5210"
    },
    {
      "id": "5211",
      "title": "5211",
      "difficulty": 0,
      "pass_rate": 0,
      "ac_count": 0,
      "url": "https://183.250.108.194:500/OnlineJudge/problem_show.php?id=5211"
    },
    {
      "id": "5212",
      "title": "5212",
      "difficulty": 0,
      "pass_rate": 0,
      "ac_count": 0,
      "url": "https://183.250.108.194:500/OnlineJudge/problem_show.php?id=5212"
    },
    {
      "id": "5213",
      "title": "5213",
      "difficulty": 0,
      "pass_rate": 0,
      "ac_count": 0,
      "url": "https://183.250.108.194:500/OnlineJudge/problem_show.php?id=5213"
    },
    {
      "id": "5214",
      "title": "5214",
      "difficulty": 0,
      "pass_rate": 0,
      "ac_count": 0,
      "url": "https://183.250.108.194:500/OnlineJudge/problem_show.php?id=5214"
    },
    {
      "id": "5215",
      "title": "5215",
      "difficulty": 0,
      "pass_rate": 0,
      "ac_count": 0,
      "url": "https://183.250.108.194:500/OnlineJudge/problem_show.php?id=5215"
    },
    {
      "id": "5216",
      "title": "5216",
      "difficulty": 0,
      "pass_rate": 0,
      "ac_count": 0,
      "url": "https://183.250.108.194:500/OnlineJudge/problem_show.php?id=5216"
    },
    {
      "id": "5220",
      "title": "5220",
      "difficulty": 0,
      "pass_rate": 0,
      "ac_count": 0,
      "url": "https://183.250.108.194:500/OnlineJudge/problem_show.php?id=5220"
    },
    {
      "id": "5222",
      "title": "5222",
      "difficulty": 0,
      "pass_rate": 0,
      "ac_count": 0,
      "url": "https://183.250.108.194:500/OnlineJudge/problem_show.php?id=5222"
    },
    {
      "id": "5227",
      "title": "5227",
      "difficulty": 0,
      "pass_rate": 0,
      "ac_count": 0,
      "url": "https://183.250.108.194:500/OnlineJudge/problem_show.php?id=5227"
    },
    {
      "id": "5232",
      "title": "5232",
      "difficulty": 0,
      "pass_rate": 0,
      "ac_count": 0,
      "url": "https://183.250.108.194:500/OnlineJudge/problem_show.php?id=5232"
    },
    {
      "id": "5234",
      "title": "5234",
      "difficulty": 0,
      "pass_rate": 0,
      "ac_count": 0,
      "url": "https://183.250.108.194:500/OnlineJudge/problem_show.php?id=5234"
    },
    {
      "id": "5235",
      "title": "5235",
      "difficulty": 0,
      "pass_rate": 0,
      "ac_count": 0,
      "url": "https://183.250.108.194:500/OnlineJudge/problem_show.php?id=5235"
    },
    {
      "id": "5236",
      "title": "5236",
      "difficulty": 0,
      "pass_rate": 0,
      "ac_count": 0,
      "url": "https://183.250.108.194:500/OnlineJudge/problem_show.php?id=5236"
    },
    {
      "id": "5237",
      "title": "5237",
      "difficulty": 0,
      "pass_rate": 0,
      "ac_count": 0,
      "url": "https://183.250.108.194:500/OnlineJudge/problem_show.php?id=5237"
    },
    {
      "id": "5243",
      "title": "5243",
      "difficulty": 0,
      "pass_rate": 0,
      "ac_count": 0,
      "url": "https://183.250.108.194:500/OnlineJudge/problem_show.php?id=5243"
    },
    {
      "id": "5248",
      "title": "5248",
      "difficulty": 0,
      "pass_rate": 0,
      "ac_count": 0,
      "url": "https://183.250.108.194:500/OnlineJudge/problem_show.php?id=5248"
    },
    {
      "id": "5251",
      "title": "5251",
      "difficulty": 0,
      "pass_rate": 0,
      "ac_count": 0,
      "url": "https://183.250.108.194:500/OnlineJudge/problem_show.php?id=5251"
    },
    {
      "id": "5252",
      "title": "5252",
      "difficulty": 0,
      "pass_rate": 0,
      "ac_count": 0,
      "url": "https://183.250.108.194:500/OnlineJudge/problem_show.php?id=5252"
    },
    {
      "id": "5253",
      "title": "5253",
      "difficulty": 0,
      "pass_rate": 0,
      "ac_count": 0,
      "url": "https://183.250.108.194:500/OnlineJudge/problem_show.php?id=5253"
    },
    {
      "id": "5254",
      "title": "5254",
      "difficulty": 0,
      "pass_rate": 0,
      "ac_count": 0,
      "url": "https://183.250.108.194:500/OnlineJudge/problem_show.php?id=5254"
    },
    {
      "id": "5255",
      "title": "5255",
      "difficulty": 0,
      "pass_rate": 0,
      "ac_count": 0,
      "url": "https://183.250.108.194:500/OnlineJudge/problem_show.php?id=5255"
    },
    {
      "id": "5256",
      "title": "5256",
      "difficulty": 0,
      "pass_rate": 0,
      "ac_count": 0,
      "url": "https://183.250.108.194:500/OnlineJudge/problem_show.php?id=5256"
    },
    {
      "id": "5257",
      "title": "5257",
      "difficulty": 0,
      "pass_rate": 0,
      "ac_count": 0,
      "url": "https://183.250.108.194:500/OnlineJudge/problem_show.php?id=5257"
    },
    {
      "id": "5258",
      "title": "5258",
      "difficulty": 0,
      "pass_rate": 0,
      "ac_count": 0,
      "url": "https://183.250.108.194:500/OnlineJudge/problem_show.php?id=5258"
    },
    {
      "id": "5259",
      "title": "5259",
      "difficulty": 0,
      "pass_rate": 0,
      "ac_count": 0,
      "url": "https://183.250.108.194:500/OnlineJudge/problem_show.php?id=5259"
    },
    {
      "id": "5260",
      "title": "5260",
      "difficulty": 0,
      "pass_rate": 0,
      "ac_count": 0,
      "url": "https://183.250.108.194:500/OnlineJudge/problem_show.php?id=5260"
    },
    {
      "id": "5261",
      "title": "5261",
      "difficulty": 0,
      "pass_rate": 0,
      "ac_count": 0,
      "url": "https://183.250.108.194:500/OnlineJudge/problem_show.php?id=5261"
    },
    {
      "id": "5267",
      "title": "5267",
      "difficulty": 0,
      "pass_rate": 0,
      "ac_count": 0,
      "url": "https://183.250.108.194:500/OnlineJudge/problem_show.php?id=5267"
    },
    {
      "id": "5268",
      "title": "5268",
      "difficulty": 0,
      "pass_rate": 0,
      "ac_count": 0,
      "url": "https://183.250.108.194:500/OnlineJudge/problem_show.php?id=5268"
    },
    {
      "id": "5269",
      "title": "5269",
      "difficulty": 0,
      "pass_rate": 0,
      "ac_count": 0,
      "url": "https://183.250.108.194:500/OnlineJudge/problem_show.php?id=5269"
    },
    {
      "id": "5271",
      "title": "5271",
      "difficulty": 0,
      "pass_rate": 0,
      "ac_count": 0,
      "url": "https://183.250.108.194:500/OnlineJudge/problem_show.php?id=5271"
    },
    {
      "id": "5272",
      "title": "5272",
      "difficulty": 0,
      "pass_rate": 0,
      "ac_count": 0,
      "url": "https://183.250.108.194:500/OnlineJudge/problem_show.php?id=5272"
    },
    {
      "id": "5273",
      "title": "5273",
      "difficulty": 0,
      "pass_rate": 0,
      "ac_count": 0,
      "url": "https://183.250.108.194:500/OnlineJudge/problem_show.php?id=5273"
    },
    {
      "id": "5274",
      "title": "5274",
      "difficulty": 0,
      "pass_rate": 0,
      "ac_count": 0,
      "url": "https://183.250.108.194:500/OnlineJudge/problem_show.php?id=5274"
    },
    {
      "id": "5275",
      "title": "5275",
      "difficulty": 0,
      "pass_rate": 0,
      "ac_count": 0,
      "url": "https://183.250.108.194:500/OnlineJudge/problem_show.php?id=5275"
    },
    {
      "id": "5276",
      "title": "5276",
      "difficulty": 0,
      "pass_rate": 0,
      "ac_count": 0,
      "url": "https://183.250.108.194:500/OnlineJudge/problem_show.php?id=5276"
    },
    {
      "id": "5284",
      "title": "5284",
      "difficulty": 0,
      "pass_rate": 0,
      "ac_count": 0,
      "url": "https://183.250.108.194:500/OnlineJudge/problem_show.php?id=5284"
    },
    {
      "id": "5285",
      "title": "5285",
      "difficulty": 0,
      "pass_rate": 0,
      "ac_count": 0,
      "url": "https://183.250.108.194:500/OnlineJudge/problem_show.php?id=5285"
    },
    {
      "id": "5286",
      "title": "5286",
      "difficulty": 0,
      "pass_rate": 0,
      "ac_count": 0,
      "url": "https://183.250.108.194:500/OnlineJudge/problem_show.php?id=5286"
    },
    {
      "id": "5287",
      "title": "5287",
      "difficulty": 0,
      "pass_rate": 0,
      "ac_count": 0,
      "url": "https://183.250.108.194:500/OnlineJudge/problem_show.php?id=5287"
    },
    {
      "id": "5288",
      "title": "5288",
      "difficulty": 0,
      "pass_rate": 0,
      "ac_count": 0,
      "url": "https://183.250.108.194:500/OnlineJudge/problem_show.php?id=5288"
    },
    {
      "id": "5289",
      "title": "5289",
      "difficulty": 0,
      "pass_rate": 0,
      "ac_count": 0,
      "url": "https://183.250.108.194:500/OnlineJudge/problem_show.php?id=5289"
    },
    {
      "id": "5290",
      "title": "5290",
      "difficulty": 0,
      "pass_rate": 0,
      "ac_count": 0,
      "url": "https://183.250.108.194:500/OnlineJudge/problem_show.php?id=5290"
    },
    {
      "id": "5291",
      "title": "5291",
      "difficulty": 0,
      "pass_rate": 0,
      "ac_count": 0,
      "url": "https://183.250.108.194:500/OnlineJudge/problem_show.php?id=5291"
    },
    {
      "id": "5295",
      "title": "5295",
      "difficulty": 0,
      "pass_rate": 0,
      "ac_count": 0,
      "url": "https://183.250.108.194:500/OnlineJudge/problem_show.php?id=5295"
    },
    {
      "id": "5296",
      "title": "5296",
      "difficulty": 0,
      "pass_rate": 0,
      "ac_count": 0,
      "url": "https://183.250.108.194:500/OnlineJudge/problem_show.php?id=5296"
    },
    {
      "id": "5297",
      "title": "5297",
      "difficulty": 0,
      "pass_rate": 0,
      "ac_count": 0,
      "url": "https://183.250.108.194:500/OnlineJudge/problem_show.php?id=5297"
    },
    {
      "id": "5298",
      "title": "5298",
      "difficulty": 0,
      "pass_rate": 0,
      "ac_count": 0,
      "url": "https://183.250.108.194:500/OnlineJudge/problem_show.php?id=5298"
    },
    {
      "id": "5299",
      "title": "5299",
      "difficulty": 0,
      "pass_rate": 0,
      "ac_count": 0,
      "url": "https://183.250.108.194:500/OnlineJudge/problem_show.php?id=5299"
    },
    {
      "id": "5300",
      "title": "5300",
      "difficulty": 0,
      "pass_rate": 0,
      "ac_count": 0,
      "url": "https://183.250.108.194:500/OnlineJudge/problem_show.php?id=5300"
    },
    {
      "id": "5304",
      "title": "5304",
      "difficulty": 0,
      "pass_rate": 0,
      "ac_count": 0,
      "url": "https://183.250.108.194:500/OnlineJudge/problem_show.php?id=5304"
    },
    {
      "id": "5305",
      "title": "5305",
      "difficulty": 0,
      "pass_rate": 0,
      "ac_count": 0,
      "url": "https://183.250.108.194:500/OnlineJudge/problem_show.php?id=5305"
    },
    {
      "id": "5306",
      "title": "5306",
      "difficulty": 0,
      "pass_rate": 0,
      "ac_count": 0,
      "url": "https://183.250.108.194:500/OnlineJudge/problem_show.php?id=5306"
    },
    {
      "id": "5310",
      "title": "5310",
      "difficulty": 0,
      "pass_rate": 0,
      "ac_count": 0,
      "url": "https://183.250.108.194:500/OnlineJudge/problem_show.php?id=5310"
    },
    {
      "id": "5311",
      "title": "5311",
      "difficulty": 0,
      "pass_rate": 0,
      "ac_count": 0,
      "url": "https://183.250.108.194:500/OnlineJudge/problem_show.php?id=5311"
    },
    {
      "id": "5312",
      "title": "5312",
      "difficulty": 0,
      "pass_rate": 0,
      "ac_count": 0,
      "url": "https://183.250.108.194:500/OnlineJudge/problem_show.php?id=5312"
    },
    {
      "id": "5316",
      "title": "5316",
      "difficulty": 0,
      "pass_rate": 0,
      "ac_count": 0,
      "url": "https://183.250.108.194:500/OnlineJudge/problem_show.php?id=5316"
    },
    {
      "id": "5317",
      "title": "5317",
      "difficulty": 0,
      "pass_rate": 0,
      "ac_count": 0,
      "url": "https://183.250.108.194:500/OnlineJudge/problem_show.php?id=5317"
    },
    {
      "id": "5318",
      "title": "5318",
      "difficulty": 0,
      "pass_rate": 0,
      "ac_count": 0,
      "url": "https://183.250.108.194:500/OnlineJudge/problem_show.php?id=5318"
    },
    {
      "id": "5319",
      "title": "5319",
      "difficulty": 0,
      "pass_rate": 0,
      "ac_count": 0,
      "url": "https://183.250.108.194:500/OnlineJudge/problem_show.php?id=5319"
    },
    {
      "id": "5320",
      "title": "5320",
      "difficulty": 0,
      "pass_rate": 0,
      "ac_count": 0,
      "url": "https://183.250.108.194:500/OnlineJudge/problem_show.php?id=5320"
    },
    {
      "id": "5321",
      "title": "5321",
      "difficulty": 0,
      "pass_rate": 0,
      "ac_count": 0,
      "url": "https://183.250.108.194:500/OnlineJudge/problem_show.php?id=5321"
    },
    {
      "id": "5322",
      "title": "5322",
      "difficulty": 0,
      "pass_rate": 0,
      "ac_count": 0,
      "url": "https://183.250.108.194:500/OnlineJudge/problem_show.php?id=5322"
    },
    {
      "id": "5323",
      "title": "5323",
      "difficulty": 0,
      "pass_rate": 0,
      "ac_count": 0,
      "url": "https://183.250.108.194:500/OnlineJudge/problem_show.php?id=5323"
    },
    {
      "id": "5324",
      "title": "5324",
      "difficulty": 0,
      "pass_rate": 0,
      "ac_count": 0,
      "url": "https://183.250.108.194:500/OnlineJudge/problem_show.php?id=5324"
    },
    {
      "id": "5325",
      "title": "5325",
      "difficulty": 0,
      "pass_rate": 0,
      "ac_count": 0,
      "url": "https://183.250.108.194:500/OnlineJudge/problem_show.php?id=5325"
    },
    {
      "id": "5327",
      "title": "5327",
      "difficulty": 0,
      "pass_rate": 0,
      "ac_count": 0,
      "url": "https://183.250.108.194:500/OnlineJudge/problem_show.php?id=5327"
    },
    {
      "id": "5328",
      "title": "5328",
      "difficulty": 0,
      "pass_rate": 0,
      "ac_count": 0,
      "url": "https://183.250.108.194:500/OnlineJudge/problem_show.php?id=5328"
    },
    {
      "id": "5329",
      "title": "5329",
      "difficulty": 0,
      "pass_rate": 0,
      "ac_count": 0,
      "url": "https://183.250.108.194:500/OnlineJudge/problem_show.php?id=5329"
    },
    {
      "id": "5330",
      "title": "5330",
      "difficulty": 0,
      "pass_rate": 0,
      "ac_count": 0,
      "url": "https://183.250.108.194:500/OnlineJudge/problem_show.php?id=5330"
    },
    {
      "id": "5331",
      "title": "5331",
      "difficulty": 0,
      "pass_rate": 0,
      "ac_count": 0,
      "url": "https://183.250.108.194:500/OnlineJudge/problem_show.php?id=5331"
    },
    {
      "id": "5352",
      "title": "5352",
      "difficulty": 0,
      "pass_rate": 0,
      "ac_count": 0,
      "url": "https://183.250.108.194:500/OnlineJudge/problem_show.php?id=5352"
    },
    {
      "id": "5355",
      "title": "5355",
      "difficulty": 0,
      "pass_rate": 0,
      "ac_count": 0,
      "url": "https://183.250.108.194:500/OnlineJudge/problem_show.php?id=5355"
    },
    {
      "id": "5362",
      "title": "5362",
      "difficulty": 0,
      "pass_rate": 0,
      "ac_count": 0,
      "url": "https://183.250.108.194:500/OnlineJudge/problem_show.php?id=5362"
    },
    {
      "id": "5363",
      "title": "5363",
      "difficulty": 0,
      "pass_rate": 0,
      "ac_count": 0,
      "url": "https://183.250.108.194:500/OnlineJudge/problem_show.php?id=5363"
    },
    {
      "id": "5364",
      "title": "5364",
      "difficulty": 0,
      "pass_rate": 0,
      "ac_count": 0,
      "url": "https://183.250.108.194:500/OnlineJudge/problem_show.php?id=5364"
    },
    {
      "id": "5365",
      "title": "5365",
      "difficulty": 0,
      "pass_rate": 0,
      "ac_count": 0,
      "url": "https://183.250.108.194:500/OnlineJudge/problem_show.php?id=5365"
    },
    {
      "id": "5367",
      "title": "5367",
      "difficulty": 0,
      "pass_rate": 0,
      "ac_count": 0,
      "url": "https://183.250.108.194:500/OnlineJudge/problem_show.php?id=5367"
    },
    {
      "id": "5370",
      "title": "5370",
      "difficulty": 0,
      "pass_rate": 0,
      "ac_count": 0,
      "url": "https://183.250.108.194:500/OnlineJudge/problem_show.php?id=5370"
    },
    {
      "id": "5371",
      "title": "5371",
      "difficulty": 0,
      "pass_rate": 0,
      "ac_count": 0,
      "url": "https://183.250.108.194:500/OnlineJudge/problem_show.php?id=5371"
    },
    {
      "id": "5374",
      "title": "5374",
      "difficulty": 0,
      "pass_rate": 0,
      "ac_count": 0,
      "url": "https://183.250.108.194:500/OnlineJudge/problem_show.php?id=5374"
    },
    {
      "id": "5375",
      "title": "5375",
      "difficulty": 0,
      "pass_rate": 0,
      "ac_count": 0,
      "url": "https://183.250.108.194:500/OnlineJudge/problem_show.php?id=5375"
    },
    {
      "id": "5382",
      "title": "5382",
      "difficulty": 0,
      "pass_rate": 0,
      "ac_count": 0,
      "url": "https://183.250.108.194:500/OnlineJudge/problem_show.php?id=5382"
    },
    {
      "id": "5383",
      "title": "5383",
      "difficulty": 0,
      "pass_rate": 0,
      "ac_count": 0,
      "url": "https://183.250.108.194:500/OnlineJudge/problem_show.php?id=5383"
    },
    {
      "id": "5384",
      "title": "5384",
      "difficulty": 0,
      "pass_rate": 0,
      "ac_count": 0,
      "url": "https://183.250.108.194:500/OnlineJudge/problem_show.php?id=5384"
    },
    {
      "id": "5385",
      "title": "5385",
      "difficulty": 0,
      "pass_rate": 0,
      "ac_count": 0,
      "url": "https://183.250.108.194:500/OnlineJudge/problem_show.php?id=5385"
    },
    {
      "id": "5386",
      "title": "5386",
      "difficulty": 0,
      "pass_rate": 0,
      "ac_count": 0,
      "url": "https://183.250.108.194:500/OnlineJudge/problem_show.php?id=5386"
    },
    {
      "id": "5388",
      "title": "5388",
      "difficulty": 0,
      "pass_rate": 0,
      "ac_count": 0,
      "url": "https://183.250.108.194:500/OnlineJudge/problem_show.php?id=5388"
    },
    {
      "id": "5389",
      "title": "5389",
      "difficulty": 0,
      "pass_rate": 0,
      "ac_count": 0,
      "url": "https://183.250.108.194:500/OnlineJudge/problem_show.php?id=5389"
    },
    {
      "id": "5390",
      "title": "5390",
      "difficulty": 0,
      "pass_rate": 0,
      "ac_count": 0,
      "url": "https://183.250.108.194:500/OnlineJudge/problem_show.php?id=5390"
    },
    {
      "id": "5391",
      "title": "5391",
      "difficulty": 0,
      "pass_rate": 0,
      "ac_count": 0,
      "url": "https://183.250.108.194:500/OnlineJudge/problem_show.php?id=5391"
    },
    {
      "id": "5392",
      "title": "5392",
      "difficulty": 0,
      "pass_rate": 0,
      "ac_count": 0,
      "url": "https://183.250.108.194:500/OnlineJudge/problem_show.php?id=5392"
    },
    {
      "id": "5393",
      "title": "5393",
      "difficulty": 0,
      "pass_rate": 0,
      "ac_count": 0,
      "url": "https://183.250.108.194:500/OnlineJudge/problem_show.php?id=5393"
    },
    {
      "id": "5394",
      "title": "5394",
      "difficulty": 0,
      "pass_rate": 0,
      "ac_count": 0,
      "url": "https://183.250.108.194:500/OnlineJudge/problem_show.php?id=5394"
    },
    {
      "id": "5395",
      "title": "5395",
      "difficulty": 0,
      "pass_rate": 0,
      "ac_count": 0,
      "url": "https://183.250.108.194:500/OnlineJudge/problem_show.php?id=5395"
    },
    {
      "id": "5399",
      "title": "5399",
      "difficulty": 0,
      "pass_rate": 0,
      "ac_count": 0,
      "url": "https://183.250.108.194:500/OnlineJudge/problem_show.php?id=5399"
    },
    {
      "id": "5402",
      "title": "5402",
      "difficulty": 0,
      "pass_rate": 0,
      "ac_count": 0,
      "url": "https://183.250.108.194:500/OnlineJudge/problem_show.php?id=5402"
    },
    {
      "id": "5403",
      "title": "5403",
      "difficulty": 0,
      "pass_rate": 0,
      "ac_count": 0,
      "url": "https://183.250.108.194:500/OnlineJudge/problem_show.php?id=5403"
    },
    {
      "id": "5418",
      "title": "5418",
      "difficulty": 0,
      "pass_rate": 0,
      "ac_count": 0,
      "url": "https://183.250.108.194:500/OnlineJudge/problem_show.php?id=5418"
    },
    {
      "id": "5419",
      "title": "5419",
      "difficulty": 0,
      "pass_rate": 0,
      "ac_count": 0,
      "url": "https://183.250.108.194:500/OnlineJudge/problem_show.php?id=5419"
    },
    {
      "id": "5420",
      "title": "5420",
      "difficulty": 0,
      "pass_rate": 0,
      "ac_count": 0,
      "url": "https://183.250.108.194:500/OnlineJudge/problem_show.php?id=5420"
    },
    {
      "id": "5421",
      "title": "5421",
      "difficulty": 0,
      "pass_rate": 0,
      "ac_count": 0,
      "url": "https://183.250.108.194:500/OnlineJudge/problem_show.php?id=5421"
    },
    {
      "id": "5422",
      "title": "5422",
      "difficulty": 0,
      "pass_rate": 0,
      "ac_count": 0,
      "url": "https://183.250.108.194:500/OnlineJudge/problem_show.php?id=5422"
    },
    {
      "id": "5429",
      "title": "5429",
      "difficulty": 0,
      "pass_rate": 0,
      "ac_count": 0,
      "url": "https://183.250.108.194:500/OnlineJudge/problem_show.php?id=5429"
    },
    {
      "id": "5430",
      "title": "5430",
      "difficulty": 0,
      "pass_rate": 0,
      "ac_count": 0,
      "url": "https://183.250.108.194:500/OnlineJudge/problem_show.php?id=5430"
    },
    {
      "id": "5431",
      "title": "5431",
      "difficulty": 0,
      "pass_rate": 0,
      "ac_count": 0,
      "url": "https://183.250.108.194:500/OnlineJudge/problem_show.php?id=5431"
    },
    {
      "id": "5434",
      "title": "5434",
      "difficulty": 0,
      "pass_rate": 0,
      "ac_count": 0,
      "url": "https://183.250.108.194:500/OnlineJudge/problem_show.php?id=5434"
    },
    {
      "id": "5436",
      "title": "5436",
      "difficulty": 0,
      "pass_rate": 0,
      "ac_count": 0,
      "url": "https://183.250.108.194:500/OnlineJudge/problem_show.php?id=5436"
    },
    {
      "id": "5437",
      "title": "5437",
      "difficulty": 0,
      "pass_rate": 0,
      "ac_count": 0,
      "url": "https://183.250.108.194:500/OnlineJudge/problem_show.php?id=5437"
    },
    {
      "id": "5465",
      "title": "5465",
      "difficulty": 0,
      "pass_rate": 0,
      "ac_count": 0,
      "url": "https://183.250.108.194:500/OnlineJudge/problem_show.php?id=5465"
    },
    {
      "id": "5466",
      "title": "5466",
      "difficulty": 0,
      "pass_rate": 0,
      "ac_count": 0,
      "url": "https://183.250.108.194:500/OnlineJudge/problem_show.php?id=5466"
    },
    {
      "id": "5469",
      "title": "5469",
      "difficulty": 0,
      "pass_rate": 0,
      "ac_count": 0,
      "url": "https://183.250.108.194:500/OnlineJudge/problem_show.php?id=5469"
    },
    {
      "id": "5470",
      "title": "5470",
      "difficulty": 0,
      "pass_rate": 0,
      "ac_count": 0,
      "url": "https://183.250.108.194:500/OnlineJudge/problem_show.php?id=5470"
    },
    {
      "id": "5471",
      "title": "5471",
      "difficulty": 0,
      "pass_rate": 0,
      "ac_count": 0,
      "url": "https://183.250.108.194:500/OnlineJudge/problem_show.php?id=5471"
    },
    {
      "id": "5476",
      "title": "5476",
      "difficulty": 0,
      "pass_rate": 0,
      "ac_count": 0,
      "url": "https://183.250.108.194:500/OnlineJudge/problem_show.php?id=5476"
    },
    {
      "id": "5480",
      "title": "5480",
      "difficulty": 0,
      "pass_rate": 0,
      "ac_count": 0,
      "url": "https://183.250.108.194:500/OnlineJudge/problem_show.php?id=5480"
    },
    {
      "id": "5481",
      "title": "5481",
      "difficulty": 0,
      "pass_rate": 0,
      "ac_count": 0,
      "url": "https://183.250.108.194:500/OnlineJudge/problem_show.php?id=5481"
    },
    {
      "id": "5484",
      "title": "5484",
      "difficulty": 0,
      "pass_rate": 0,
      "ac_count": 0,
      "url": "https://183.250.108.194:500/OnlineJudge/problem_show.php?id=5484"
    },
    {
      "id": "5485",
      "title": "5485",
      "difficulty": 0,
      "pass_rate": 0,
      "ac_count": 0,
      "url": "https://183.250.108.194:500/OnlineJudge/problem_show.php?id=5485"
    },
    {
      "id": "5504",
      "title": "5504",
      "difficulty": 0,
      "pass_rate": 0,
      "ac_count": 0,
      "url": "https://183.250.108.194:500/OnlineJudge/problem_show.php?id=5504"
    },
    {
      "id": "5505",
      "title": "5505",
      "difficulty": 0,
      "pass_rate": 0,
      "ac_count": 0,
      "url": "https://183.250.108.194:500/OnlineJudge/problem_show.php?id=5505"
    },
    {
      "id": "5506",
      "title": "5506",
      "difficulty": 0,
      "pass_rate": 0,
      "ac_count": 0,
      "url": "https://183.250.108.194:500/OnlineJudge/problem_show.php?id=5506"
    },
    {
      "id": "5512",
      "title": "5512",
      "difficulty": 0,
      "pass_rate": 0,
      "ac_count": 0,
      "url": "https://183.250.108.194:500/OnlineJudge/problem_show.php?id=5512"
    },
    {
      "id": "5521",
      "title": "5521",
      "difficulty": 0,
      "pass_rate": 0,
      "ac_count": 0,
      "url": "https://183.250.108.194:500/OnlineJudge/problem_show.php?id=5521"
    },
    {
      "id": "5522",
      "title": "5522",
      "difficulty": 0,
      "pass_rate": 0,
      "ac_count": 0,
      "url": "https://183.250.108.194:500/OnlineJudge/problem_show.php?id=5522"
    },
    {
      "id": "5523",
      "title": "5523",
      "difficulty": 0,
      "pass_rate": 0,
      "ac_count": 0,
      "url": "https://183.250.108.194:500/OnlineJudge/problem_show.php?id=5523"
    },
    {
      "id": "5530",
      "title": "5530",
      "difficulty": 0,
      "pass_rate": 0,
      "ac_count": 0,
      "url": "https://183.250.108.194:500/OnlineJudge/problem_show.php?id=5530"
    },
    {
      "id": "5531",
      "title": "5531",
      "difficulty": 0,
      "pass_rate": 0,
      "ac_count": 0,
      "url": "https://183.250.108.194:500/OnlineJudge/problem_show.php?id=5531"
    },
    {
      "id": "5535",
      "title": "5535",
      "difficulty": 0,
      "pass_rate": 0,
      "ac_count": 0,
      "url": "https://183.250.108.194:500/OnlineJudge/problem_show.php?id=5535"
    },
    {
      "id": "5536",
      "title": "5536",
      "difficulty": 0,
      "pass_rate": 0,
      "ac_count": 0,
      "url": "https://183.250.108.194:500/OnlineJudge/problem_show.php?id=5536"
    },
    {
      "id": "5537",
      "title": "5537",
      "difficulty": 0,
      "pass_rate": 0,
      "ac_count": 0,
      "url": "https://183.250.108.194:500/OnlineJudge/problem_show.php?id=5537"
    },
    {
      "id": "5541",
      "title": "5541",
      "difficulty": 0,
      "pass_rate": 0,
      "ac_count": 0,
      "url": "https://183.250.108.194:500/OnlineJudge/problem_show.php?id=5541"
    },
    {
      "id": "5542",
      "title": "5542",
      "difficulty": 0,
      "pass_rate": 0,
      "ac_count": 0,
      "url": "https://183.250.108.194:500/OnlineJudge/problem_show.php?id=5542"
    },
    {
      "id": "5543",
      "title": "5543",
      "difficulty": 0,
      "pass_rate": 0,
      "ac_count": 0,
      "url": "https://183.250.108.194:500/OnlineJudge/problem_show.php?id=5543"
    },
    {
      "id": "5586",
      "title": "5586",
      "difficulty": 0,
      "pass_rate": 0,
      "ac_count": 0,
      "url": "https://183.250.108.194:500/OnlineJudge/problem_show.php?id=5586"
    },
    {
      "id": "5587",
      "title": "5587",
      "difficulty": 0,
      "pass_rate": 0,
      "ac_count": 0,
      "url": "https://183.250.108.194:500/OnlineJudge/problem_show.php?id=5587"
    },
    {
      "id": "5594",
      "title": "5594",
      "difficulty": 0,
      "pass_rate": 0,
      "ac_count": 0,
      "url": "https://183.250.108.194:500/OnlineJudge/problem_show.php?id=5594"
    },
    {
      "id": "5605",
      "title": "5605",
      "difficulty": 0,
      "pass_rate": 0,
      "ac_count": 0,
      "url": "https://183.250.108.194:500/OnlineJudge/problem_show.php?id=5605"
    },
    {
      "id": "5606",
      "title": "5606",
      "difficulty": 0,
      "pass_rate": 0,
      "ac_count": 0,
      "url": "https://183.250.108.194:500/OnlineJudge/problem_show.php?id=5606"
    },
    {
      "id": "5607",
      "title": "5607",
      "difficulty": 0,
      "pass_rate": 0,
      "ac_count": 0,
      "url": "https://183.250.108.194:500/OnlineJudge/problem_show.php?id=5607"
    },
    {
      "id": "5608",
      "title": "5608",
      "difficulty": 0,
      "pass_rate": 0,
      "ac_count": 0,
      "url": "https://183.250.108.194:500/OnlineJudge/problem_show.php?id=5608"
    },
    {
      "id": "5609",
      "title": "5609",
      "difficulty": 0,
      "pass_rate": 0,
      "ac_count": 0,
      "url": "https://183.250.108.194:500/OnlineJudge/problem_show.php?id=5609"
    },
    {
      "id": "5610",
      "title": "5610",
      "difficulty": 0,
      "pass_rate": 0,
      "ac_count": 0,
      "url": "https://183.250.108.194:500/OnlineJudge/problem_show.php?id=5610"
    },
    {
      "id": "5612",
      "title": "5612",
      "difficulty": 0,
      "pass_rate": 0,
      "ac_count": 0,
      "url": "https://183.250.108.194:500/OnlineJudge/problem_show.php?id=5612"
    },
    {
      "id": "5619",
      "title": "5619",
      "difficulty": 0,
      "pass_rate": 0,
      "ac_count": 0,
      "url": "https://183.250.108.194:500/OnlineJudge/problem_show.php?id=5619"
    },
    {
      "id": "5620",
      "title": "5620",
      "difficulty": 0,
      "pass_rate": 0,
      "ac_count": 0,
      "url": "https://183.250.108.194:500/OnlineJudge/problem_show.php?id=5620"
    },
    {
      "id": "5621",
      "title": "5621",
      "difficulty": 0,
      "pass_rate": 0,
      "ac_count": 0,
      "url": "https://183.250.108.194:500/OnlineJudge/problem_show.php?id=5621"
    },
    {
      "id": "5622",
      "title": "5622",
      "difficulty": 0,
      "pass_rate": 0,
      "ac_count": 0,
      "url": "https://183.250.108.194:500/OnlineJudge/problem_show.php?id=5622"
    },
    {
      "id": "5623",
      "title": "5623",
      "difficulty": 0,
      "pass_rate": 0,
      "ac_count": 0,
      "url": "https://183.250.108.194:500/OnlineJudge/problem_show.php?id=5623"
    },
    {
      "id": "5624",
      "title": "5624",
      "difficulty": 0,
      "pass_rate": 0,
      "ac_count": 0,
      "url": "https://183.250.108.194:500/OnlineJudge/problem_show.php?id=5624"
    },
    {
      "id": "5625",
      "title": "5625",
      "difficulty": 0,
      "pass_rate": 0,
      "ac_count": 0,
      "url": "https://183.250.108.194:500/OnlineJudge/problem_show.php?id=5625"
    },
    {
      "id": "5626",
      "title": "5626",
      "difficulty": 0,
      "pass_rate": 0,
      "ac_count": 0,
      "url": "https://183.250.108.194:500/OnlineJudge/problem_show.php?id=5626"
    },
    {
      "id": "5627",
      "title": "5627",
      "difficulty": 0,
      "pass_rate": 0,
      "ac_count": 0,
      "url": "https://183.250.108.194:500/OnlineJudge/problem_show.php?id=5627"
    },
    {
      "id": "5628",
      "title": "5628",
      "difficulty": 0,
      "pass_rate": 0,
      "ac_count": 0,
      "url": "https://183.250.108.194:500/OnlineJudge/problem_show.php?id=5628"
    },
    {
      "id": "5629",
      "title": "5629",
      "difficulty": 0,
      "pass_rate": 0,
      "ac_count": 0,
      "url": "https://183.250.108.194:500/OnlineJudge/problem_show.php?id=5629"
    },
    {
      "id": "5630",
      "title": "5630",
      "difficulty": 0,
      "pass_rate": 0,
      "ac_count": 0,
      "url": "https://183.250.108.194:500/OnlineJudge/problem_show.php?id=5630"
    },
    {
      "id": "5631",
      "title": "5631",
      "difficulty": 0,
      "pass_rate": 0,
      "ac_count": 0,
      "url": "https://183.250.108.194:500/OnlineJudge/problem_show.php?id=5631"
    },
    {
      "id": "5632",
      "title": "5632",
      "difficulty": 0,
      "pass_rate": 0,
      "ac_count": 0,
      "url": "https://183.250.108.194:500/OnlineJudge/problem_show.php?id=5632"
    },
    {
      "id": "5635",
      "title": "5635",
      "difficulty": 0,
      "pass_rate": 0,
      "ac_count": 0,
      "url": "https://183.250.108.194:500/OnlineJudge/problem_show.php?id=5635"
    },
    {
      "id": "5636",
      "title": "5636",
      "difficulty": 0,
      "pass_rate": 0,
      "ac_count": 0,
      "url": "https://183.250.108.194:500/OnlineJudge/problem_show.php?id=5636"
    },
    {
      "id": "5637",
      "title": "5637",
      "difficulty": 0,
      "pass_rate": 0,
      "ac_count": 0,
      "url": "https://183.250.108.194:500/OnlineJudge/problem_show.php?id=5637"
    },
    {
      "id": "5646",
      "title": "5646",
      "difficulty": 0,
      "pass_rate": 0,
      "ac_count": 0,
      "url": "https://183.250.108.194:500/OnlineJudge/problem_show.php?id=5646"
    },
    {
      "id": "5647",
      "title": "5647",
      "difficulty": 0,
      "pass_rate": 0,
      "ac_count": 0,
      "url": "https://183.250.108.194:500/OnlineJudge/problem_show.php?id=5647"
    },
    {
      "id": "5648",
      "title": "5648",
      "difficulty": 0,
      "pass_rate": 0,
      "ac_count": 0,
      "url": "https://183.250.108.194:500/OnlineJudge/problem_show.php?id=5648"
    },
    {
      "id": "5652",
      "title": "5652",
      "difficulty": 0,
      "pass_rate": 0,
      "ac_count": 0,
      "url": "https://183.250.108.194:500/OnlineJudge/problem_show.php?id=5652"
    },
    {
      "id": "5653",
      "title": "5653",
      "difficulty": 0,
      "pass_rate": 0,
      "ac_count": 0,
      "url": "https://183.250.108.194:500/OnlineJudge/problem_show.php?id=5653"
    },
    {
      "id": "5654",
      "title": "5654",
      "difficulty": 0,
      "pass_rate": 0,
      "ac_count": 0,
      "url": "https://183.250.108.194:500/OnlineJudge/problem_show.php?id=5654"
    },
    {
      "id": "5655",
      "title": "5655",
      "difficulty": 0,
      "pass_rate": 0,
      "ac_count": 0,
      "url": "https://183.250.108.194:500/OnlineJudge/problem_show.php?id=5655"
    },
    {
      "id": "5656",
      "title": "5656",
      "difficulty": 0,
      "pass_rate": 0,
      "ac_count": 0,
      "url": "https://183.250.108.194:500/OnlineJudge/problem_show.php?id=5656"
    },
    {
      "id": "5657",
      "title": "5657",
      "difficulty": 0,
      "pass_rate": 0,
      "ac_count": 0,
      "url": "https://183.250.108.194:500/OnlineJudge/problem_show.php?id=5657"
    },
    {
      "id": "5659",
      "title": "5659",
      "difficulty": 0,
      "pass_rate": 0,
      "ac_count": 0,
      "url": "https://183.250.108.194:500/OnlineJudge/problem_show.php?id=5659"
    },
    {
      "id": "5660",
      "title": "5660",
      "difficulty": 0,
      "pass_rate": 0,
      "ac_count": 0,
      "url": "https://183.250.108.194:500/OnlineJudge/problem_show.php?id=5660"
    },
    {
      "id": "5661",
      "title": "5661",
      "difficulty": 0,
      "pass_rate": 0,
      "ac_count": 0,
      "url": "https://183.250.108.194:500/OnlineJudge/problem_show.php?id=5661"
    },
    {
      "id": "5662",
      "title": "5662",
      "difficulty": 0,
      "pass_rate": 0,
      "ac_count": 0,
      "url": "https://183.250.108.194:500/OnlineJudge/problem_show.php?id=5662"
    },
    {
      "id": "5664",
      "title": "5664",
      "difficulty": 0,
      "pass_rate": 0,
      "ac_count": 0,
      "url": "https://183.250.108.194:500/OnlineJudge/problem_show.php?id=5664"
    },
    {
      "id": "5666",
      "title": "5666",
      "difficulty": 0,
      "pass_rate": 0,
      "ac_count": 0,
      "url": "https://183.250.108.194:500/OnlineJudge/problem_show.php?id=5666"
    },
    {
      "id": "5669",
      "title": "5669",
      "difficulty": 0,
      "pass_rate": 0,
      "ac_count": 0,
      "url": "https://183.250.108.194:500/OnlineJudge/problem_show.php?id=5669"
    },
    {
      "id": "5678",
      "title": "5678",
      "difficulty": 0,
      "pass_rate": 0,
      "ac_count": 0,
      "url": "https://183.250.108.194:500/OnlineJudge/problem_show.php?id=5678"
    },
    {
      "id": "5679",
      "title": "5679",
      "difficulty": 0,
      "pass_rate": 0,
      "ac_count": 0,
      "url": "https://183.250.108.194:500/OnlineJudge/problem_show.php?id=5679"
    },
    {
      "id": "5680",
      "title": "5680",
      "difficulty": 0,
      "pass_rate": 0,
      "ac_count": 0,
      "url": "https://183.250.108.194:500/OnlineJudge/problem_show.php?id=5680"
    },
    {
      "id": "5684",
      "title": "5684",
      "difficulty": 0,
      "pass_rate": 0,
      "ac_count": 0,
      "url": "https://183.250.108.194:500/OnlineJudge/problem_show.php?id=5684"
    },
    {
      "id": "5693",
      "title": "5693",
      "difficulty": 0,
      "pass_rate": 0,
      "ac_count": 0,
      "url": "https://183.250.108.194:500/OnlineJudge/problem_show.php?id=5693"
    },
    {
      "id": "5701",
      "title": "5701",
      "difficulty": 0,
      "pass_rate": 0,
      "ac_count": 0,
      "url": "https://183.250.108.194:500/OnlineJudge/problem_show.php?id=5701"
    },
    {
      "id": "5709",
      "title": "5709",
      "difficulty": 0,
      "pass_rate": 0,
      "ac_count": 0,
      "url": "https://183.250.108.194:500/OnlineJudge/problem_show.php?id=5709"
    },
    {
      "id": "5734",
      "title": "5734",
      "difficulty": 0,
      "pass_rate": 0,
      "ac_count": 0,
      "url": "https://183.250.108.194:500/OnlineJudge/problem_show.php?id=5734"
    },
    {
      "id": "5735",
      "title": "5735",
      "difficulty": 0,
      "pass_rate": 0,
      "ac_count": 0,
      "url": "https://183.250.108.194:500/OnlineJudge/problem_show.php?id=5735"
    },
    {
      "id": "5736",
      "title": "5736",
      "difficulty": 0,
      "pass_rate": 0,
      "ac_count": 0,
      "url": "https://183.250.108.194:500/OnlineJudge/problem_show.php?id=5736"
    },
    {
      "id": "5737",
      "title": "5737",
      "difficulty": 0,
      "pass_rate": 0,
      "ac_count": 0,
      "url": "https://183.250.108.194:500/OnlineJudge/problem_show.php?id=5737"
    },
    {
      "id": "5763",
      "title": "5763",
      "difficulty": 0,
      "pass_rate": 0,
      "ac_count": 0,
      "url": "https://183.250.108.194:500/OnlineJudge/problem_show.php?id=5763"
    },
    {
      "id": "5764",
      "title": "5764",
      "difficulty": 0,
      "pass_rate": 0,
      "ac_count": 0,
      "url": "https://183.250.108.194:500/OnlineJudge/problem_show.php?id=5764"
    },
    {
      "id": "5766",
      "title": "5766",
      "difficulty": 0,
      "pass_rate": 0,
      "ac_count": 0,
      "url": "https://183.250.108.194:500/OnlineJudge/problem_show.php?id=5766"
    },
    {
      "id": "5767",
      "title": "5767",
      "difficulty": 0,
      "pass_rate": 0,
      "ac_count": 0,
      "url": "https://183.250.108.194:500/OnlineJudge/problem_show.php?id=5767"
    },
    {
      "id": "5790",
      "title": "5790",
      "difficulty": 0,
      "pass_rate": 0,
      "ac_count": 0,
      "url": "https://183.250.108.194:500/OnlineJudge/problem_show.php?id=5790"
    },
    {
      "id": "5795",
      "title": "5795",
      "difficulty": 0,
      "pass_rate": 0,
      "ac_count": 0,
      "url": "https://183.250.108.194:500/OnlineJudge/problem_show.php?id=5795"
    },
    {
      "id": "5806",
      "title": "5806",
      "difficulty": 0,
      "pass_rate": 0,
      "ac_count": 0,
      "url": "https://183.250.108.194:500/OnlineJudge/problem_show.php?id=5806"
    },
    {
      "id": "5817",
      "title": "5817",
      "difficulty": 0,
      "pass_rate": 0,
      "ac_count": 0,
      "url": "https://183.250.108.194:500/OnlineJudge/problem_show.php?id=5817"
    },
    {
      "id": "5849",
      "title": "5849",
      "difficulty": 0,
      "pass_rate": 0,
      "ac_count": 0,
      "url": "https://183.250.108.194:500/OnlineJudge/problem_show.php?id=5849"
    },
    {
      "id": "5850",
      "title": "5850",
      "difficulty": 0,
      "pass_rate": 0,
      "ac_count": 0,
      "url": "https://183.250.108.194:500/OnlineJudge/problem_show.php?id=5850"
    },
    {
      "id": "5856",
      "title": "5856",
      "difficulty": 0,
      "pass_rate": 0,
      "ac_count": 0,
      "url": "https://183.250.108.194:500/OnlineJudge/problem_show.php?id=5856"
    },
    {
      "id": "5861",
      "title": "5861",
      "difficulty": 0,
      "pass_rate": 0,
      "ac_count": 0,
      "url": "https://183.250.108.194:500/OnlineJudge/problem_show.php?id=5861"
    },
    {
      "id": "5862",
      "title": "5862",
      "difficulty": 0,
      "pass_rate": 0,
      "ac_count": 0,
      "url": "https://183.250.108.194:500/OnlineJudge/problem_show.php?id=5862"
    },
    {
      "id": "5877",
      "title": "5877",
      "difficulty": 0,
      "pass_rate": 0,
      "ac_count": 0,
      "url": "https://183.250.108.194:500/OnlineJudge/problem_show.php?id=5877"
    },
    {
      "id": "5879",
      "title": "5879",
      "difficulty": 0,
      "pass_rate": 0,
      "ac_count": 0,
      "url": "https://183.250.108.194:500/OnlineJudge/problem_show.php?id=5879"
    },
    {
      "id": "5886",
      "title": "5886",
      "difficulty": 0,
      "pass_rate": 0,
      "ac_count": 0,
      "url": "https://183.250.108.194:500/OnlineJudge/problem_show.php?id=5886"
    },
    {
      "id": "5891",
      "title": "5891",
      "difficulty": 0,
      "pass_rate": 0,
      "ac_count": 0,
      "url": "https://183.250.108.194:500/OnlineJudge/problem_show.php?id=5891"
    },
    {
      "id": "5895",
      "title": "5895",
      "difficulty": 0,
      "pass_rate": 0,
      "ac_count": 0,
      "url": "https://183.250.108.194:500/OnlineJudge/problem_show.php?id=5895"
    },
    {
      "id": "5903",
      "title": "5903",
      "difficulty": 0,
      "pass_rate": 0,
      "ac_count": 0,
      "url": "https://183.250.108.194:500/OnlineJudge/problem_show.php?id=5903"
    },
    {
      "id": "5904",
      "title": "5904",
      "difficulty": 0,
      "pass_rate": 0,
      "ac_count": 0,
      "url": "https://183.250.108.194:500/OnlineJudge/problem_show.php?id=5904"
    },
    {
      "id": "5905",
      "title": "5905",
      "difficulty": 0,
      "pass_rate": 0,
      "ac_count": 0,
      "url": "https://183.250.108.194:500/OnlineJudge/problem_show.php?id=5905"
    },
    {
      "id": "5906",
      "title": "5906",
      "difficulty": 0,
      "pass_rate": 0,
      "ac_count": 0,
      "url": "https://183.250.108.194:500/OnlineJudge/problem_show.php?id=5906"
    },
    {
      "id": "5907",
      "title": "5907",
      "difficulty": 0,
      "pass_rate": 0,
      "ac_count": 0,
      "url": "https://183.250.108.194:500/OnlineJudge/problem_show.php?id=5907"
    },
    {
      "id": "5908",
      "title": "5908",
      "difficulty": 0,
      "pass_rate": 0,
      "ac_count": 0,
      "url": "https://183.250.108.194:500/OnlineJudge/problem_show.php?id=5908"
    },
    {
      "id": "5910",
      "title": "5910",
      "difficulty": 0,
      "pass_rate": 0,
      "ac_count": 0,
      "url": "https://183.250.108.194:500/OnlineJudge/problem_show.php?id=5910"
    },
    {
      "id": "5911",
      "title": "5911",
      "difficulty": 0,
      "pass_rate": 0,
      "ac_count": 0,
      "url": "https://183.250.108.194:500/OnlineJudge/problem_show.php?id=5911"
    },
    {
      "id": "5912",
      "title": "5912",
      "difficulty": 0,
      "pass_rate": 0,
      "ac_count": 0,
      "url": "https://183.250.108.194:500/OnlineJudge/problem_show.php?id=5912"
    },
    {
      "id": "5913",
      "title": "5913",
      "difficulty": 0,
      "pass_rate": 0,
      "ac_count": 0,
      "url": "https://183.250.108.194:500/OnlineJudge/problem_show.php?id=5913"
    },
    {
      "id": "5914",
      "title": "5914",
      "difficulty": 0,
      "pass_rate": 0,
      "ac_count": 0,
      "url": "https://183.250.108.194:500/OnlineJudge/problem_show.php?id=5914"
    },
    {
      "id": "5915",
      "title": "5915",
      "difficulty": 0,
      "pass_rate": 0,
      "ac_count": 0,
      "url": "https://183.250.108.194:500/OnlineJudge/problem_show.php?id=5915"
    },
    {
      "id": "5916",
      "title": "5916",
      "difficulty": 0,
      "pass_rate": 0,
      "ac_count": 0,
      "url": "https://183.250.108.194:500/OnlineJudge/problem_show.php?id=5916"
    },
    {
      "id": "5918",
      "title": "5918",
      "difficulty": 0,
      "pass_rate": 0,
      "ac_count": 0,
      "url": "https://183.250.108.194:500/OnlineJudge/problem_show.php?id=5918"
    },
    {
      "id": "5920",
      "title": "5920",
      "difficulty": 0,
      "pass_rate": 0,
      "ac_count": 0,
      "url": "https://183.250.108.194:500/OnlineJudge/problem_show.php?id=5920"
    },
    {
      "id": "5921",
      "title": "5921",
      "difficulty": 0,
      "pass_rate": 0,
      "ac_count": 0,
      "url": "https://183.250.108.194:500/OnlineJudge/problem_show.php?id=5921"
    },
    {
      "id": "5929",
      "title": "5929",
      "difficulty": 0,
      "pass_rate": 0,
      "ac_count": 0,
      "url": "https://183.250.108.194:500/OnlineJudge/problem_show.php?id=5929"
    },
    {
      "id": "5930",
      "title": "5930",
      "difficulty": 0,
      "pass_rate": 0,
      "ac_count": 0,
      "url": "https://183.250.108.194:500/OnlineJudge/problem_show.php?id=5930"
    },
    {
      "id": "5931",
      "title": "5931",
      "difficulty": 0,
      "pass_rate": 0,
      "ac_count": 0,
      "url": "https://183.250.108.194:500/OnlineJudge/problem_show.php?id=5931"
    },
    {
      "id": "5932",
      "title": "5932",
      "difficulty": 0,
      "pass_rate": 0,
      "ac_count": 0,
      "url": "https://183.250.108.194:500/OnlineJudge/problem_show.php?id=5932"
    },
    {
      "id": "5939",
      "title": "5939",
      "difficulty": 0,
      "pass_rate": 0,
      "ac_count": 0,
      "url": "https://183.250.108.194:500/OnlineJudge/problem_show.php?id=5939"
    },
    {
      "id": "5950",
      "title": "5950",
      "difficulty": 0,
      "pass_rate": 0,
      "ac_count": 0,
      "url": "https://183.250.108.194:500/OnlineJudge/problem_show.php?id=5950"
    },
    {
      "id": "5951",
      "title": "5951",
      "difficulty": 0,
      "pass_rate": 0,
      "ac_count": 0,
      "url": "https://183.250.108.194:500/OnlineJudge/problem_show.php?id=5951"
    },
    {
      "id": "5952",
      "title": "5952",
      "difficulty": 0,
      "pass_rate": 0,
      "ac_count": 0,
      "url": "https://183.250.108.194:500/OnlineJudge/problem_show.php?id=5952"
    },
    {
      "id": "5953",
      "title": "5953",
      "difficulty": 0,
      "pass_rate": 0,
      "ac_count": 0,
      "url": "https://183.250.108.194:500/OnlineJudge/problem_show.php?id=5953"
    },
    {
      "id": "5956",
      "title": "5956",
      "difficulty": 0,
      "pass_rate": 0,
      "ac_count": 0,
      "url": "https://183.250.108.194:500/OnlineJudge/problem_show.php?id=5956"
    },
    {
      "id": "5957",
      "title": "5957",
      "difficulty": 0,
      "pass_rate": 0,
      "ac_count": 0,
      "url": "https://183.250.108.194:500/OnlineJudge/problem_show.php?id=5957"
    },
    {
      "id": "5958",
      "title": "5958",
      "difficulty": 0,
      "pass_rate": 0,
      "ac_count": 0,
      "url": "https://183.250.108.194:500/OnlineJudge/problem_show.php?id=5958"
    },
    {
      "id": "5959",
      "title": "5959",
      "difficulty": 0,
      "pass_rate": 0,
      "ac_count": 0,
      "url": "https://183.250.108.194:500/OnlineJudge/problem_show.php?id=5959"
    },
    {
      "id": "5960",
      "title": "5960",
      "difficulty": 0,
      "pass_rate": 0,
      "ac_count": 0,
      "url": "https://183.250.108.194:500/OnlineJudge/problem_show.php?id=5960"
    },
    {
      "id": "5961",
      "title": "5961",
      "difficulty": 0,
      "pass_rate": 0,
      "ac_count": 0,
      "url": "https://183.250.108.194:500/OnlineJudge/problem_show.php?id=5961"
    },
    {
      "id": "5962",
      "title": "5962",
      "difficulty": 0,
      "pass_rate": 0,
      "ac_count": 0,
      "url": "https://183.250.108.194:500/OnlineJudge/problem_show.php?id=5962"
    },
    {
      "id": "5964",
      "title": "5964",
      "difficulty": 0,
      "pass_rate": 0,
      "ac_count": 0,
      "url": "https://183.250.108.194:500/OnlineJudge/problem_show.php?id=5964"
    },
    {
      "id": "5981",
      "title": "5981",
      "difficulty": 0,
      "pass_rate": 0,
      "ac_count": 0,
      "url": "https://183.250.108.194:500/OnlineJudge/problem_show.php?id=5981"
    },
    {
      "id": "5982",
      "title": "5982",
      "difficulty": 0,
      "pass_rate": 0,
      "ac_count": 0,
      "url": "https://183.250.108.194:500/OnlineJudge/problem_show.php?id=5982"
    },
    {
      "id": "5983",
      "title": "5983",
      "difficulty": 0,
      "pass_rate": 0,
      "ac_count": 0,
      "url": "https://183.250.108.194:500/OnlineJudge/problem_show.php?id=5983"
    },
    {
      "id": "5996",
      "title": "5996",
      "difficulty": 0,
      "pass_rate": 0,
      "ac_count": 0,
      "url": "https://183.250.108.194:500/OnlineJudge/problem_show.php?id=5996"
    },
    {
      "id": "5997",
      "title": "5997",
      "difficulty": 0,
      "pass_rate": 0,
      "ac_count": 0,
      "url": "https://183.250.108.194:500/OnlineJudge/problem_show.php?id=5997"
    },
    {
      "id": "5998",
      "title": "5998",
      "difficulty": 0,
      "pass_rate": 0,
      "ac_count": 0,
      "url": "https://183.250.108.194:500/OnlineJudge/problem_show.php?id=5998"
    },
    {
      "id": "6001",
      "title": "6001",
      "difficulty": 0,
      "pass_rate": 0,
      "ac_count": 0,
      "url": "https://183.250.108.194:500/OnlineJudge/problem_show.php?id=6001"
    },
    {
      "id": "6002",
      "title": "6002",
      "difficulty": 0,
      "pass_rate": 0,
      "ac_count": 0,
      "url": "https://183.250.108.194:500/OnlineJudge/problem_show.php?id=6002"
    },
    {
      "id": "6004",
      "title": "6004",
      "difficulty": 0,
      "pass_rate": 0,
      "ac_count": 0,
      "url": "https://183.250.108.194:500/OnlineJudge/problem_show.php?id=6004"
    },
    {
      "id": "6005",
      "title": "6005",
      "difficulty": 0,
      "pass_rate": 0,
      "ac_count": 0,
      "url": "https://183.250.108.194:500/OnlineJudge/problem_show.php?id=6005"
    },
    {
      "id": "6007",
      "title": "6007",
      "difficulty": 0,
      "pass_rate": 0,
      "ac_count": 0,
      "url": "https://183.250.108.194:500/OnlineJudge/problem_show.php?id=6007"
    },
    {
      "id": "6008",
      "title": "6008",
      "difficulty": 0,
      "pass_rate": 0,
      "ac_count": 0,
      "url": "https://183.250.108.194:500/OnlineJudge/problem_show.php?id=6008"
    },
    {
      "id": "6009",
      "title": "6009",
      "difficulty": 0,
      "pass_rate": 0,
      "ac_count": 0,
      "url": "https://183.250.108.194:500/OnlineJudge/problem_show.php?id=6009"
    },
    {
      "id": "6010",
      "title": "6010",
      "difficulty": 0,
      "pass_rate": 0,
      "ac_count": 0,
      "url": "https://183.250.108.194:500/OnlineJudge/problem_show.php?id=6010"
    },
    {
      "id": "6011",
      "title": "6011",
      "difficulty": 0,
      "pass_rate": 0,
      "ac_count": 0,
      "url": "https://183.250.108.194:500/OnlineJudge/problem_show.php?id=6011"
    },
    {
      "id": "6012",
      "title": "6012",
      "difficulty": 0,
      "pass_rate": 0,
      "ac_count": 0,
      "url": "https://183.250.108.194:500/OnlineJudge/problem_show.php?id=6012"
    },
    {
      "id": "6014",
      "title": "6014",
      "difficulty": 0,
      "pass_rate": 0,
      "ac_count": 0,
      "url": "https://183.250.108.194:500/OnlineJudge/problem_show.php?id=6014"
    },
    {
      "id": "6015",
      "title": "6015",
      "difficulty": 0,
      "pass_rate": 0,
      "ac_count": 0,
      "url": "https://183.250.108.194:500/OnlineJudge/problem_show.php?id=6015"
    },
    {
      "id": "6016",
      "title": "6016",
      "difficulty": 0,
      "pass_rate": 0,
      "ac_count": 0,
      "url": "https://183.250.108.194:500/OnlineJudge/problem_show.php?id=6016"
    },
    {
      "id": "6017",
      "title": "6017",
      "difficulty": 0,
      "pass_rate": 0,
      "ac_count": 0,
      "url": "https://183.250.108.194:500/OnlineJudge/problem_show.php?id=6017"
    },
    {
      "id": "6018",
      "title": "6018",
      "difficulty": 0,
      "pass_rate": 0,
      "ac_count": 0,
      "url": "https://183.250.108.194:500/OnlineJudge/problem_show.php?id=6018"
    },
    {
      "id": "6019",
      "title": "6019",
      "difficulty": 0,
      "pass_rate": 0,
      "ac_count": 0,
      "url": "https://183.250.108.194:500/OnlineJudge/problem_show.php?id=6019"
    },
    {
      "id": "6021",
      "title": "6021",
      "difficulty": 0,
      "pass_rate": 0,
      "ac_count": 0,
      "url": "https://183.250.108.194:500/OnlineJudge/problem_show.php?id=6021"
    },
    {
      "id": "6023",
      "title": "6023",
      "difficulty": 0,
      "pass_rate": 0,
      "ac_count": 0,
      "url": "https://183.250.108.194:500/OnlineJudge/problem_show.php?id=6023"
    },
    {
      "id": "6024",
      "title": "6024",
      "difficulty": 0,
      "pass_rate": 0,
      "ac_count": 0,
      "url": "https://183.250.108.194:500/OnlineJudge/problem_show.php?id=6024"
    },
    {
      "id": "6025",
      "title": "6025",
      "difficulty": 0,
      "pass_rate": 0,
      "ac_count": 0,
      "url": "https://183.250.108.194:500/OnlineJudge/problem_show.php?id=6025"
    },
    {
      "id": "6026",
      "title": "6026",
      "difficulty": 0,
      "pass_rate": 0,
      "ac_count": 0,
      "url": "https://183.250.108.194:500/OnlineJudge/problem_show.php?id=6026"
    },
    {
      "id": "6040",
      "title": "6040",
      "difficulty": 0,
      "pass_rate": 0,
      "ac_count": 0,
      "url": "https://183.250.108.194:500/OnlineJudge/problem_show.php?id=6040"
    },
    {
      "id": "6041",
      "title": "6041",
      "difficulty": 0,
      "pass_rate": 0,
      "ac_count": 0,
      "url": "https://183.250.108.194:500/OnlineJudge/problem_show.php?id=6041"
    },
    {
      "id": "6042",
      "title": "6042",
      "difficulty": 0,
      "pass_rate": 0,
      "ac_count": 0,
      "url": "https://183.250.108.194:500/OnlineJudge/problem_show.php?id=6042"
    },
    {
      "id": "6043",
      "title": "6043",
      "difficulty": 0,
      "pass_rate": 0,
      "ac_count": 0,
      "url": "https://183.250.108.194:500/OnlineJudge/problem_show.php?id=6043"
    },
    {
      "id": "6044",
      "title": "6044",
      "difficulty": 0,
      "pass_rate": 0,
      "ac_count": 0,
      "url": "https://183.250.108.194:500/OnlineJudge/problem_show.php?id=6044"
    },
    {
      "id": "6045",
      "title": "6045",
      "difficulty": 0,
      "pass_rate": 0,
      "ac_count": 0,
      "url": "https://183.250.108.194:500/OnlineJudge/problem_show.php?id=6045"
    },
    {
      "id": "6046",
      "title": "6046",
      "difficulty": 0,
      "pass_rate": 0,
      "ac_count": 0,
      "url": "https://183.250.108.194:500/OnlineJudge/problem_show.php?id=6046"
    },
    {
      "id": "6047",
      "title": "6047",
      "difficulty": 0,
      "pass_rate": 0,
      "ac_count": 0,
      "url": "https://183.250.108.194:500/OnlineJudge/problem_show.php?id=6047"
    },
    {
      "id": "6048",
      "title": "6048",
      "difficulty": 0,
      "pass_rate": 0,
      "ac_count": 0,
      "url": "https://183.250.108.194:500/OnlineJudge/problem_show.php?id=6048"
    },
    {
      "id": "6051",
      "title": "6051",
      "difficulty": 0,
      "pass_rate": 0,
      "ac_count": 0,
      "url": "https://183.250.108.194:500/OnlineJudge/problem_show.php?id=6051"
    },
    {
      "id": "6052",
      "title": "6052",
      "difficulty": 0,
      "pass_rate": 0,
      "ac_count": 0,
      "url": "https://183.250.108.194:500/OnlineJudge/problem_show.php?id=6052"
    },
    {
      "id": "6053",
      "title": "6053",
      "difficulty": 0,
      "pass_rate": 0,
      "ac_count": 0,
      "url": "https://183.250.108.194:500/OnlineJudge/problem_show.php?id=6053"
    },
    {
      "id": "6054",
      "title": "6054",
      "difficulty": 0,
      "pass_rate": 0,
      "ac_count": 0,
      "url": "https://183.250.108.194:500/OnlineJudge/problem_show.php?id=6054"
    },
    {
      "id": "6055",
      "title": "6055",
      "difficulty": 0,
      "pass_rate": 0,
      "ac_count": 0,
      "url": "https://183.250.108.194:500/OnlineJudge/problem_show.php?id=6055"
    },
    {
      "id": "6056",
      "title": "6056",
      "difficulty": 0,
      "pass_rate": 0,
      "ac_count": 0,
      "url": "https://183.250.108.194:500/OnlineJudge/problem_show.php?id=6056"
    },
    {
      "id": "6057",
      "title": "6057",
      "difficulty": 0,
      "pass_rate": 0,
      "ac_count": 0,
      "url": "https://183.250.108.194:500/OnlineJudge/problem_show.php?id=6057"
    },
    {
      "id": "6058",
      "title": "6058",
      "difficulty": 0,
      "pass_rate": 0,
      "ac_count": 0,
      "url": "https://183.250.108.194:500/OnlineJudge/problem_show.php?id=6058"
    },
    {
      "id": "6059",
      "title": "6059",
      "difficulty": 0,
      "pass_rate": 0,
      "ac_count": 0,
      "url": "https://183.250.108.194:500/OnlineJudge/problem_show.php?id=6059"
    },
    {
      "id": "6060",
      "title": "6060",
      "difficulty": 0,
      "pass_rate": 0,
      "ac_count": 0,
      "url": "https://183.250.108.194:500/OnlineJudge/problem_show.php?id=6060"
    },
    {
      "id": "6061",
      "title": "6061",
      "difficulty": 0,
      "pass_rate": 0,
      "ac_count": 0,
      "url": "https://183.250.108.194:500/OnlineJudge/problem_show.php?id=6061"
    },
    {
      "id": "6063",
      "title": "6063",
      "difficulty": 0,
      "pass_rate": 0,
      "ac_count": 0,
      "url": "https://183.250.108.194:500/OnlineJudge/problem_show.php?id=6063"
    },
    {
      "id": "6064",
      "title": "6064",
      "difficulty": 0,
      "pass_rate": 0,
      "ac_count": 0,
      "url": "https://183.250.108.194:500/OnlineJudge/problem_show.php?id=6064"
    },
    {
      "id": "6065",
      "title": "6065",
      "difficulty": 0,
      "pass_rate": 0,
      "ac_count": 0,
      "url": "https://183.250.108.194:500/OnlineJudge/problem_show.php?id=6065"
    },
    {
      "id": "6066",
      "title": "6066",
      "difficulty": 0,
      "pass_rate": 0,
      "ac_count": 0,
      "url": "https://183.250.108.194:500/OnlineJudge/problem_show.php?id=6066"
    },
    {
      "id": "6067",
      "title": "6067",
      "difficulty": 0,
      "pass_rate": 0,
      "ac_count": 0,
      "url": "https://183.250.108.194:500/OnlineJudge/problem_show.php?id=6067"
    },
    {
      "id": "6068",
      "title": "6068",
      "difficulty": 0,
      "pass_rate": 0,
      "ac_count": 0,
      "url": "https://183.250.108.194:500/OnlineJudge/problem_show.php?id=6068"
    },
    {
      "id": "6069",
      "title": "6069",
      "difficulty": 0,
      "pass_rate": 0,
      "ac_count": 0,
      "url": "https://183.250.108.194:500/OnlineJudge/problem_show.php?id=6069"
    },
    {
      "id": "6070",
      "title": "6070",
      "difficulty": 0,
      "pass_rate": 0,
      "ac_count": 0,
      "url": "https://183.250.108.194:500/OnlineJudge/problem_show.php?id=6070"
    },
    {
      "id": "6071",
      "title": "6071",
      "difficulty": 0,
      "pass_rate": 0,
      "ac_count": 0,
      "url": "https://183.250.108.194:500/OnlineJudge/problem_show.php?id=6071"
    },
    {
      "id": "6072",
      "title": "6072",
      "difficulty": 0,
      "pass_rate": 0,
      "ac_count": 0,
      "url": "https://183.250.108.194:500/OnlineJudge/problem_show.php?id=6072"
    },
    {
      "id": "6098",
      "title": "6098",
      "difficulty": 0,
      "pass_rate": 0,
      "ac_count": 0,
      "url": "https://183.250.108.194:500/OnlineJudge/problem_show.php?id=6098"
    },
    {
      "id": "6108",
      "title": "6108",
      "difficulty": 0,
      "pass_rate": 0,
      "ac_count": 0,
      "url": "https://183.250.108.194:500/OnlineJudge/problem_show.php?id=6108"
    },
    {
      "id": "6115",
      "title": "6115",
      "difficulty": 0,
      "pass_rate": 0,
      "ac_count": 0,
      "url": "https://183.250.108.194:500/OnlineJudge/problem_show.php?id=6115"
    },
    {
      "id": "6116",
      "title": "6116",
      "difficulty": 0,
      "pass_rate": 0,
      "ac_count": 0,
      "url": "https://183.250.108.194:500/OnlineJudge/problem_show.php?id=6116"
    },
    {
      "id": "6117",
      "title": "6117",
      "difficulty": 0,
      "pass_rate": 0,
      "ac_count": 0,
      "url": "https://183.250.108.194:500/OnlineJudge/problem_show.php?id=6117"
    },
    {
      "id": "6118",
      "title": "6118",
      "difficulty": 0,
      "pass_rate": 0,
      "ac_count": 0,
      "url": "https://183.250.108.194:500/OnlineJudge/problem_show.php?id=6118"
    },
    {
      "id": "6119",
      "title": "6119",
      "difficulty": 0,
      "pass_rate": 0,
      "ac_count": 0,
      "url": "https://183.250.108.194:500/OnlineJudge/problem_show.php?id=6119"
    },
    {
      "id": "6120",
      "title": "6120",
      "difficulty": 0,
      "pass_rate": 0,
      "ac_count": 0,
      "url": "https://183.250.108.194:500/OnlineJudge/problem_show.php?id=6120"
    },
    {
      "id": "6121",
      "title": "6121",
      "difficulty": 0,
      "pass_rate": 0,
      "ac_count": 0,
      "url": "https://183.250.108.194:500/OnlineJudge/problem_show.php?id=6121"
    },
    {
      "id": "6127",
      "title": "6127",
      "difficulty": 0,
      "pass_rate": 0,
      "ac_count": 0,
      "url": "https://183.250.108.194:500/OnlineJudge/problem_show.php?id=6127"
    },
    {
      "id": "6128",
      "title": "6128",
      "difficulty": 0,
      "pass_rate": 0,
      "ac_count": 0,
      "url": "https://183.250.108.194:500/OnlineJudge/problem_show.php?id=6128"
    },
    {
      "id": "6129",
      "title": "6129",
      "difficulty": 0,
      "pass_rate": 0,
      "ac_count": 0,
      "url": "https://183.250.108.194:500/OnlineJudge/problem_show.php?id=6129"
    },
    {
      "id": "6137",
      "title": "6137",
      "difficulty": 0,
      "pass_rate": 0,
      "ac_count": 0,
      "url": "https://183.250.108.194:500/OnlineJudge/problem_show.php?id=6137"
    },
    {
      "id": "6138",
      "title": "6138",
      "difficulty": 0,
      "pass_rate": 0,
      "ac_count": 0,
      "url": "https://183.250.108.194:500/OnlineJudge/problem_show.php?id=6138"
    },
    {
      "id": "6139",
      "title": "6139",
      "difficulty": 0,
      "pass_rate": 0,
      "ac_count": 0,
      "url": "https://183.250.108.194:500/OnlineJudge/problem_show.php?id=6139"
    },
    {
      "id": "6140",
      "title": "6140",
      "difficulty": 0,
      "pass_rate": 0,
      "ac_count": 0,
      "url": "https://183.250.108.194:500/OnlineJudge/problem_show.php?id=6140"
    },
    {
      "id": "6141",
      "title": "6141",
      "difficulty": 0,
      "pass_rate": 0,
      "ac_count": 0,
      "url": "https://183.250.108.194:500/OnlineJudge/problem_show.php?id=6141"
    },
    {
      "id": "6142",
      "title": "6142",
      "difficulty": 0,
      "pass_rate": 0,
      "ac_count": 0,
      "url": "https://183.250.108.194:500/OnlineJudge/problem_show.php?id=6142"
    },
    {
      "id": "6143",
      "title": "6143",
      "difficulty": 0,
      "pass_rate": 0,
      "ac_count": 0,
      "url": "https://183.250.108.194:500/OnlineJudge/problem_show.php?id=6143"
    },
    {
      "id": "6144",
      "title": "6144",
      "difficulty": 0,
      "pass_rate": 0,
      "ac_count": 0,
      "url": "https://183.250.108.194:500/OnlineJudge/problem_show.php?id=6144"
    },
    {
      "id": "6145",
      "title": "6145",
      "difficulty": 0,
      "pass_rate": 0,
      "ac_count": 0,
      "url": "https://183.250.108.194:500/OnlineJudge/problem_show.php?id=6145"
    },
    {
      "id": "6146",
      "title": "6146",
      "difficulty": 0,
      "pass_rate": 0,
      "ac_count": 0,
      "url": "https://183.250.108.194:500/OnlineJudge/problem_show.php?id=6146"
    },
    {
      "id": "6147",
      "title": "6147",
      "difficulty": 0,
      "pass_rate": 0,
      "ac_count": 0,
      "url": "https://183.250.108.194:500/OnlineJudge/problem_show.php?id=6147"
    },
    {
      "id": "6148",
      "title": "6148",
      "difficulty": 0,
      "pass_rate": 0,
      "ac_count": 0,
      "url": "https://183.250.108.194:500/OnlineJudge/problem_show.php?id=6148"
    },
    {
      "id": "6149",
      "title": "6149",
      "difficulty": 0,
      "pass_rate": 0,
      "ac_count": 0,
      "url": "https://183.250.108.194:500/OnlineJudge/problem_show.php?id=6149"
    },
    {
      "id": "6150",
      "title": "6150",
      "difficulty": 0,
      "pass_rate": 0,
      "ac_count": 0,
      "url": "https://183.250.108.194:500/OnlineJudge/problem_show.php?id=6150"
    },
    {
      "id": "6151",
      "title": "6151",
      "difficulty": 0,
      "pass_rate": 0,
      "ac_count": 0,
      "url": "https://183.250.108.194:500/OnlineJudge/problem_show.php?id=6151"
    },
    {
      "id": "6152",
      "title": "6152",
      "difficulty": 0,
      "pass_rate": 0,
      "ac_count": 0,
      "url": "https://183.250.108.194:500/OnlineJudge/problem_show.php?id=6152"
    },
    {
      "id": "6153",
      "title": "6153",
      "difficulty": 0,
      "pass_rate": 0,
      "ac_count": 0,
      "url": "https://183.250.108.194:500/OnlineJudge/problem_show.php?id=6153"
    },
    {
      "id": "6154",
      "title": "6154",
      "difficulty": 0,
      "pass_rate": 0,
      "ac_count": 0,
      "url": "https://183.250.108.194:500/OnlineJudge/problem_show.php?id=6154"
    },
    {
      "id": "6155",
      "title": "6155",
      "difficulty": 0,
      "pass_rate": 0,
      "ac_count": 0,
      "url": "https://183.250.108.194:500/OnlineJudge/problem_show.php?id=6155"
    },
    {
      "id": "6156",
      "title": "6156",
      "difficulty": 0,
      "pass_rate": 0,
      "ac_count": 0,
      "url": "https://183.250.108.194:500/OnlineJudge/problem_show.php?id=6156"
    },
    {
      "id": "6157",
      "title": "6157",
      "difficulty": 0,
      "pass_rate": 0,
      "ac_count": 0,
      "url": "https://183.250.108.194:500/OnlineJudge/problem_show.php?id=6157"
    },
    {
      "id": "6158",
      "title": "6158",
      "difficulty": 0,
      "pass_rate": 0,
      "ac_count": 0,
      "url": "https://183.250.108.194:500/OnlineJudge/problem_show.php?id=6158"
    },
    {
      "id": "6159",
      "title": "6159",
      "difficulty": 0,
      "pass_rate": 0,
      "ac_count": 0,
      "url": "https://183.250.108.194:500/OnlineJudge/problem_show.php?id=6159"
    },
    {
      "id": "6160",
      "title": "6160",
      "difficulty": 0,
      "pass_rate": 0,
      "ac_count": 0,
      "url": "https://183.250.108.194:500/OnlineJudge/problem_show.php?id=6160"
    },
    {
      "id": "6161",
      "title": "6161",
      "difficulty": 0,
      "pass_rate": 0,
      "ac_count": 0,
      "url": "https://183.250.108.194:500/OnlineJudge/problem_show.php?id=6161"
    },
    {
      "id": "6162",
      "title": "6162",
      "difficulty": 0,
      "pass_rate": 0,
      "ac_count": 0,
      "url": "https://183.250.108.194:500/OnlineJudge/problem_show.php?id=6162"
    },
    {
      "id": "6163",
      "title": "6163",
      "difficulty": 0,
      "pass_rate": 0,
      "ac_count": 0,
      "url": "https://183.250.108.194:500/OnlineJudge/problem_show.php?id=6163"
    },
    {
      "id": "6164",
      "title": "6164",
      "difficulty": 0,
      "pass_rate": 0,
      "ac_count": 0,
      "url": "https://183.250.108.194:500/OnlineJudge/problem_show.php?id=6164"
    },
    {
      "id": "6165",
      "title": "6165",
      "difficulty": 0,
      "pass_rate": 0,
      "ac_count": 0,
      "url": "https://183.250.108.194:500/OnlineJudge/problem_show.php?id=6165"
    },
    {
      "id": "6166",
      "title": "6166",
      "difficulty": 0,
      "pass_rate": 0,
      "ac_count": 0,
      "url": "https://183.250.108.194:500/OnlineJudge/problem_show.php?id=6166"
    },
    {
      "id": "6167",
      "title": "6167",
      "difficulty": 0,
      "pass_rate": 0,
      "ac_count": 0,
      "url": "https://183.250.108.194:500/OnlineJudge/problem_show.php?id=6167"
    },
    {
      "id": "6168",
      "title": "6168",
      "difficulty": 0,
      "pass_rate": 0,
      "ac_count": 0,
      "url": "https://183.250.108.194:500/OnlineJudge/problem_show.php?id=6168"
    },
    {
      "id": "6169",
      "title": "6169",
      "difficulty": 0,
      "pass_rate": 0,
      "ac_count": 0,
      "url": "https://183.250.108.194:500/OnlineJudge/problem_show.php?id=6169"
    },
    {
      "id": "6170",
      "title": "6170",
      "difficulty": 0,
      "pass_rate": 0,
      "ac_count": 0,
      "url": "https://183.250.108.194:500/OnlineJudge/problem_show.php?id=6170"
    },
    {
      "id": "6171",
      "title": "6171",
      "difficulty": 0,
      "pass_rate": 0,
      "ac_count": 0,
      "url": "https://183.250.108.194:500/OnlineJudge/problem_show.php?id=6171"
    },
    {
      "id": "6172",
      "title": "6172",
      "difficulty": 0,
      "pass_rate": 0,
      "ac_count": 0,
      "url": "https://183.250.108.194:500/OnlineJudge/problem_show.php?id=6172"
    },
    {
      "id": "6173",
      "title": "6173",
      "difficulty": 0,
      "pass_rate": 0,
      "ac_count": 0,
      "url": "https://183.250.108.194:500/OnlineJudge/problem_show.php?id=6173"
    },
    {
      "id": "6174",
      "title": "6174",
      "difficulty": 0,
      "pass_rate": 0,
      "ac_count": 0,
      "url": "https://183.250.108.194:500/OnlineJudge/problem_show.php?id=6174"
    },
    {
      "id": "6187",
      "title": "6187",
      "difficulty": 0,
      "pass_rate": 0,
      "ac_count": 0,
      "url": "https://183.250.108.194:500/OnlineJudge/problem_show.php?id=6187"
    },
    {
      "id": "6188",
      "title": "6188",
      "difficulty": 0,
      "pass_rate": 0,
      "ac_count": 0,
      "url": "https://183.250.108.194:500/OnlineJudge/problem_show.php?id=6188"
    },
    {
      "id": "6189",
      "title": "6189",
      "difficulty": 0,
      "pass_rate": 0,
      "ac_count": 0,
      "url": "https://183.250.108.194:500/OnlineJudge/problem_show.php?id=6189"
    },
    {
      "id": "6190",
      "title": "6190",
      "difficulty": 0,
      "pass_rate": 0,
      "ac_count": 0,
      "url": "https://183.250.108.194:500/OnlineJudge/problem_show.php?id=6190"
    },
    {
      "id": "6191",
      "title": "6191",
      "difficulty": 0,
      "pass_rate": 0,
      "ac_count": 0,
      "url": "https://183.250.108.194:500/OnlineJudge/problem_show.php?id=6191"
    },
    {
      "id": "6192",
      "title": "6192",
      "difficulty": 0,
      "pass_rate": 0,
      "ac_count": 0,
      "url": "https://183.250.108.194:500/OnlineJudge/problem_show.php?id=6192"
    },
    {
      "id": "6193",
      "title": "6193",
      "difficulty": 0,
      "pass_rate": 0,
      "ac_count": 0,
      "url": "https://183.250.108.194:500/OnlineJudge/problem_show.php?id=6193"
    },
    {
      "id": "6194",
      "title": "6194",
      "difficulty": 0,
      "pass_rate": 0,
      "ac_count": 0,
      "url": "https://183.250.108.194:500/OnlineJudge/problem_show.php?id=6194"
    },
    {
      "id": "6195",
      "title": "6195",
      "difficulty": 0,
      "pass_rate": 0,
      "ac_count": 0,
      "url": "https://183.250.108.194:500/OnlineJudge/problem_show.php?id=6195"
    },
    {
      "id": "6197",
      "title": "6197",
      "difficulty": 0,
      "pass_rate": 0,
      "ac_count": 0,
      "url": "https://183.250.108.194:500/OnlineJudge/problem_show.php?id=6197"
    },
    {
      "id": "6198",
      "title": "6198",
      "difficulty": 0,
      "pass_rate": 0,
      "ac_count": 0,
      "url": "https://183.250.108.194:500/OnlineJudge/problem_show.php?id=6198"
    },
    {
      "id": "6199",
      "title": "6199",
      "difficulty": 0,
      "pass_rate": 0,
      "ac_count": 0,
      "url": "https://183.250.108.194:500/OnlineJudge/problem_show.php?id=6199"
    },
    {
      "id": "6200",
      "title": "6200",
      "difficulty": 0,
      "pass_rate": 0,
      "ac_count": 0,
      "url": "https://183.250.108.194:500/OnlineJudge/problem_show.php?id=6200"
    },
    {
      "id": "6201",
      "title": "6201",
      "difficulty": 0,
      "pass_rate": 0,
      "ac_count": 0,
      "url": "https://183.250.108.194:500/OnlineJudge/problem_show.php?id=6201"
    },
    {
      "id": "6202",
      "title": "6202",
      "difficulty": 0,
      "pass_rate": 0,
      "ac_count": 0,
      "url": "https://183.250.108.194:500/OnlineJudge/problem_show.php?id=6202"
    },
    {
      "id": "6204",
      "title": "6204",
      "difficulty": 0,
      "pass_rate": 0,
      "ac_count": 0,
      "url": "https://183.250.108.194:500/OnlineJudge/problem_show.php?id=6204"
    },
    {
      "id": "6206",
      "title": "6206",
      "difficulty": 0,
      "pass_rate": 0,
      "ac_count": 0,
      "url": "https://183.250.108.194:500/OnlineJudge/problem_show.php?id=6206"
    },
    {
      "id": "6207",
      "title": "6207",
      "difficulty": 0,
      "pass_rate": 0,
      "ac_count": 0,
      "url": "https://183.250.108.194:500/OnlineJudge/problem_show.php?id=6207"
    },
    {
      "id": "6208",
      "title": "6208",
      "difficulty": 0,
      "pass_rate": 0,
      "ac_count": 0,
      "url": "https://183.250.108.194:500/OnlineJudge/problem_show.php?id=6208"
    },
    {
      "id": "6209",
      "title": "6209",
      "difficulty": 0,
      "pass_rate": 0,
      "ac_count": 0,
      "url": "https://183.250.108.194:500/OnlineJudge/problem_show.php?id=6209"
    },
    {
      "id": "6211",
      "title": "6211",
      "difficulty": 0,
      "pass_rate": 0,
      "ac_count": 0,
      "url": "https://183.250.108.194:500/OnlineJudge/problem_show.php?id=6211"
    },
    {
      "id": "6216",
      "title": "6216",
      "difficulty": 0,
      "pass_rate": 0,
      "ac_count": 0,
      "url": "https://183.250.108.194:500/OnlineJudge/problem_show.php?id=6216"
    },
    {
      "id": "6217",
      "title": "6217",
      "difficulty": 0,
      "pass_rate": 0,
      "ac_count": 0,
      "url": "https://183.250.108.194:500/OnlineJudge/problem_show.php?id=6217"
    },
    {
      "id": "6218",
      "title": "6218",
      "difficulty": 0,
      "pass_rate": 0,
      "ac_count": 0,
      "url": "https://183.250.108.194:500/OnlineJudge/problem_show.php?id=6218"
    },
    {
      "id": "6219",
      "title": "6219",
      "difficulty": 0,
      "pass_rate": 0,
      "ac_count": 0,
      "url": "https://183.250.108.194:500/OnlineJudge/problem_show.php?id=6219"
    },
    {
      "id": "6220",
      "title": "6220",
      "difficulty": 0,
      "pass_rate": 0,
      "ac_count": 0,
      "url": "https://183.250.108.194:500/OnlineJudge/problem_show.php?id=6220"
    },
    {
      "id": "6221",
      "title": "6221",
      "difficulty": 0,
      "pass_rate": 0,
      "ac_count": 0,
      "url": "https://183.250.108.194:500/OnlineJudge/problem_show.php?id=6221"
    },
    {
      "id": "6222",
      "title": "6222",
      "difficulty": 0,
      "pass_rate": 0,
      "ac_count": 0,
      "url": "https://183.250.108.194:500/OnlineJudge/problem_show.php?id=6222"
    },
    {
      "id": "6224",
      "title": "6224",
      "difficulty": 0,
      "pass_rate": 0,
      "ac_count": 0,
      "url": "https://183.250.108.194:500/OnlineJudge/problem_show.php?id=6224"
    },
    {
      "id": "6225",
      "title": "6225",
      "difficulty": 0,
      "pass_rate": 0,
      "ac_count": 0,
      "url": "https://183.250.108.194:500/OnlineJudge/problem_show.php?id=6225"
    },
    {
      "id": "6226",
      "title": "6226",
      "difficulty": 0,
      "pass_rate": 0,
      "ac_count": 0,
      "url": "https://183.250.108.194:500/OnlineJudge/problem_show.php?id=6226"
    },
    {
      "id": "6227",
      "title": "6227",
      "difficulty": 0,
      "pass_rate": 0,
      "ac_count": 0,
      "url": "https://183.250.108.194:500/OnlineJudge/problem_show.php?id=6227"
    },
    {
      "id": "6228",
      "title": "6228",
      "difficulty": 0,
      "pass_rate": 0,
      "ac_count": 0,
      "url": "https://183.250.108.194:500/OnlineJudge/problem_show.php?id=6228"
    },
    {
      "id": "6229",
      "title": "6229",
      "difficulty": 0,
      "pass_rate": 0,
      "ac_count": 0,
      "url": "https://183.250.108.194:500/OnlineJudge/problem_show.php?id=6229"
    },
    {
      "id": "6230",
      "title": "6230",
      "difficulty": 0,
      "pass_rate": 0,
      "ac_count": 0,
      "url": "https://183.250.108.194:500/OnlineJudge/problem_show.php?id=6230"
    },
    {
      "id": "6231",
      "title": "6231",
      "difficulty": 0,
      "pass_rate": 0,
      "ac_count": 0,
      "url": "https://183.250.108.194:500/OnlineJudge/problem_show.php?id=6231"
    },
    {
      "id": "6235",
      "title": "6235",
      "difficulty": 0,
      "pass_rate": 0,
      "ac_count": 0,
      "url": "https://183.250.108.194:500/OnlineJudge/problem_show.php?id=6235"
    },
    {
      "id": "6236",
      "title": "6236",
      "difficulty": 0,
      "pass_rate": 0,
      "ac_count": 0,
      "url": "https://183.250.108.194:500/OnlineJudge/problem_show.php?id=6236"
    },
    {
      "id": "6237",
      "title": "6237",
      "difficulty": 0,
      "pass_rate": 0,
      "ac_count": 0,
      "url": "https://183.250.108.194:500/OnlineJudge/problem_show.php?id=6237"
    },
    {
      "id": "6244",
      "title": "6244",
      "difficulty": 0,
      "pass_rate": 0,
      "ac_count": 0,
      "url": "https://183.250.108.194:500/OnlineJudge/problem_show.php?id=6244"
    },
    {
      "id": "6248",
      "title": "6248",
      "difficulty": 0,
      "pass_rate": 0,
      "ac_count": 0,
      "url": "https://183.250.108.194:500/OnlineJudge/problem_show.php?id=6248"
    },
    {
      "id": "6249",
      "title": "6249",
      "difficulty": 0,
      "pass_rate": 0,
      "ac_count": 0,
      "url": "https://183.250.108.194:500/OnlineJudge/problem_show.php?id=6249"
    },
    {
      "id": "6251",
      "title": "6251",
      "difficulty": 0,
      "pass_rate": 0,
      "ac_count": 0,
      "url": "https://183.250.108.194:500/OnlineJudge/problem_show.php?id=6251"
    },
    {
      "id": "6252",
      "title": "6252",
      "difficulty": 0,
      "pass_rate": 0,
      "ac_count": 0,
      "url": "https://183.250.108.194:500/OnlineJudge/problem_show.php?id=6252"
    },
    {
      "id": "6253",
      "title": "6253",
      "difficulty": 0,
      "pass_rate": 0,
      "ac_count": 0,
      "url": "https://183.250.108.194:500/OnlineJudge/problem_show.php?id=6253"
    },
    {
      "id": "6254",
      "title": "6254",
      "difficulty": 0,
      "pass_rate": 0,
      "ac_count": 0,
      "url": "https://183.250.108.194:500/OnlineJudge/problem_show.php?id=6254"
    },
    {
      "id": "6255",
      "title": "6255",
      "difficulty": 0,
      "pass_rate": 0,
      "ac_count": 0,
      "url": "https://183.250.108.194:500/OnlineJudge/problem_show.php?id=6255"
    },
    {
      "id": "6256",
      "title": "6256",
      "difficulty": 0,
      "pass_rate": 0,
      "ac_count": 0,
      "url": "https://183.250.108.194:500/OnlineJudge/problem_show.php?id=6256"
    },
    {
      "id": "6258",
      "title": "6258",
      "difficulty": 0,
      "pass_rate": 0,
      "ac_count": 0,
      "url": "https://183.250.108.194:500/OnlineJudge/problem_show.php?id=6258"
    },
    {
      "id": "6261",
      "title": "6261",
      "difficulty": 0,
      "pass_rate": 0,
      "ac_count": 0,
      "url": "https://183.250.108.194:500/OnlineJudge/problem_show.php?id=6261"
    },
    {
      "id": "6262",
      "title": "6262",
      "difficulty": 0,
      "pass_rate": 0,
      "ac_count": 0,
      "url": "https://183.250.108.194:500/OnlineJudge/problem_show.php?id=6262"
    },
    {
      "id": "6263",
      "title": "6263",
      "difficulty": 0,
      "pass_rate": 0,
      "ac_count": 0,
      "url": "https://183.250.108.194:500/OnlineJudge/problem_show.php?id=6263"
    },
    {
      "id": "6268",
      "title": "6268",
      "difficulty": 0,
      "pass_rate": 0,
      "ac_count": 0,
      "url": "https://183.250.108.194:500/OnlineJudge/problem_show.php?id=6268"
    },
    {
      "id": "6269",
      "title": "6269",
      "difficulty": 0,
      "pass_rate": 0,
      "ac_count": 0,
      "url": "https://183.250.108.194:500/OnlineJudge/problem_show.php?id=6269"
    },
    {
      "id": "6270",
      "title": "6270",
      "difficulty": 0,
      "pass_rate": 0,
      "ac_count": 0,
      "url": "https://183.250.108.194:500/OnlineJudge/problem_show.php?id=6270"
    },
    {
      "id": "6271",
      "title": "6271",
      "difficulty": 0,
      "pass_rate": 0,
      "ac_count": 0,
      "url": "https://183.250.108.194:500/OnlineJudge/problem_show.php?id=6271"
    },
    {
      "id": "6272",
      "title": "6272",
      "difficulty": 0,
      "pass_rate": 0,
      "ac_count": 0,
      "url": "https://183.250.108.194:500/OnlineJudge/problem_show.php?id=6272"
    },
    {
      "id": "6273",
      "title": "6273",
      "difficulty": 0,
      "pass_rate": 0,
      "ac_count": 0,
      "url": "https://183.250.108.194:500/OnlineJudge/problem_show.php?id=6273"
    },
    {
      "id": "6274",
      "title": "6274",
      "difficulty": 0,
      "pass_rate": 0,
      "ac_count": 0,
      "url": "https://183.250.108.194:500/OnlineJudge/problem_show.php?id=6274"
    },
    {
      "id": "6276",
      "title": "6276",
      "difficulty": 0,
      "pass_rate": 0,
      "ac_count": 0,
      "url": "https://183.250.108.194:500/OnlineJudge/problem_show.php?id=6276"
    },
    {
      "id": "6277",
      "title": "6277",
      "difficulty": 0,
      "pass_rate": 0,
      "ac_count": 0,
      "url": "https://183.250.108.194:500/OnlineJudge/problem_show.php?id=6277"
    },
    {
      "id": "6289",
      "title": "6289",
      "difficulty": 0,
      "pass_rate": 0,
      "ac_count": 0,
      "url": "https://183.250.108.194:500/OnlineJudge/problem_show.php?id=6289"
    },
    {
      "id": "6290",
      "title": "6290",
      "difficulty": 0,
      "pass_rate": 0,
      "ac_count": 0,
      "url": "https://183.250.108.194:500/OnlineJudge/problem_show.php?id=6290"
    },
    {
      "id": "6292",
      "title": "6292",
      "difficulty": 0,
      "pass_rate": 0,
      "ac_count": 0,
      "url": "https://183.250.108.194:500/OnlineJudge/problem_show.php?id=6292"
    },
    {
      "id": "6305",
      "title": "6305",
      "difficulty": 0,
      "pass_rate": 0,
      "ac_count": 0,
      "url": "https://183.250.108.194:500/OnlineJudge/problem_show.php?id=6305"
    },
    {
      "id": "6306",
      "title": "6306",
      "difficulty": 0,
      "pass_rate": 0,
      "ac_count": 0,
      "url": "https://183.250.108.194:500/OnlineJudge/problem_show.php?id=6306"
    },
    {
      "id": "6307",
      "title": "6307",
      "difficulty": 0,
      "pass_rate": 0,
      "ac_count": 0,
      "url": "https://183.250.108.194:500/OnlineJudge/problem_show.php?id=6307"
    },
    {
      "id": "6308",
      "title": "6308",
      "difficulty": 0,
      "pass_rate": 0,
      "ac_count": 0,
      "url": "https://183.250.108.194:500/OnlineJudge/problem_show.php?id=6308"
    },
    {
      "id": "6310",
      "title": "6310",
      "difficulty": 0,
      "pass_rate": 0,
      "ac_count": 0,
      "url": "https://183.250.108.194:500/OnlineJudge/problem_show.php?id=6310"
    },
    {
      "id": "6314",
      "title": "6314",
      "difficulty": 0,
      "pass_rate": 0,
      "ac_count": 0,
      "url": "https://183.250.108.194:500/OnlineJudge/problem_show.php?id=6314"
    },
    {
      "id": "6315",
      "title": "6315",
      "difficulty": 0,
      "pass_rate": 0,
      "ac_count": 0,
      "url": "https://183.250.108.194:500/OnlineJudge/problem_show.php?id=6315"
    },
    {
      "id": "6316",
      "title": "6316",
      "difficulty": 0,
      "pass_rate": 0,
      "ac_count": 0,
      "url": "https://183.250.108.194:500/OnlineJudge/problem_show.php?id=6316"
    },
    {
      "id": "6317",
      "title": "6317",
      "difficulty": 0,
      "pass_rate": 0,
      "ac_count": 0,
      "url": "https://183.250.108.194:500/OnlineJudge/problem_show.php?id=6317"
    },
    {
      "id": "6318",
      "title": "6318",
      "difficulty": 0,
      "pass_rate": 0,
      "ac_count": 0,
      "url": "https://183.250.108.194:500/OnlineJudge/problem_show.php?id=6318"
    },
    {
      "id": "6319",
      "title": "6319",
      "difficulty": 0,
      "pass_rate": 0,
      "ac_count": 0,
      "url": "https://183.250.108.194:500/OnlineJudge/problem_show.php?id=6319"
    },
    {
      "id": "6320",
      "title": "6320",
      "difficulty": 0,
      "pass_rate": 0,
      "ac_count": 0,
      "url": "https://183.250.108.194:500/OnlineJudge/problem_show.php?id=6320"
    },
    {
      "id": "6321",
      "title": "6321",
      "difficulty": 0,
      "pass_rate": 0,
      "ac_count": 0,
      "url": "https://183.250.108.194:500/OnlineJudge/problem_show.php?id=6321"
    },
    {
      "id": "6322",
      "title": "6322",
      "difficulty": 0,
      "pass_rate": 0,
      "ac_count": 0,
      "url": "https://183.250.108.194:500/OnlineJudge/problem_show.php?id=6322"
    },
    {
      "id": "6323",
      "title": "6323",
      "difficulty": 0,
      "pass_rate": 0,
      "ac_count": 0,
      "url": "https://183.250.108.194:500/OnlineJudge/problem_show.php?id=6323"
    },
    {
      "id": "6324",
      "title": "6324",
      "difficulty": 0,
      "pass_rate": 0,
      "ac_count": 0,
      "url": "https://183.250.108.194:500/OnlineJudge/problem_show.php?id=6324"
    },
    {
      "id": "6325",
      "title": "6325",
      "difficulty": 0,
      "pass_rate": 0,
      "ac_count": 0,
      "url": "https://183.250.108.194:500/OnlineJudge/problem_show.php?id=6325"
    },
    {
      "id": "6326",
      "title": "6326",
      "difficulty": 0,
      "pass_rate": 0,
      "ac_count": 0,
      "url": "https://183.250.108.194:500/OnlineJudge/problem_show.php?id=6326"
    },
    {
      "id": "6327",
      "title": "6327",
      "difficulty": 0,
      "pass_rate": 0,
      "ac_count": 0,
      "url": "https://183.250.108.194:500/OnlineJudge/problem_show.php?id=6327"
    },
    {
      "id": "6328",
      "title": "6328",
      "difficulty": 0,
      "pass_rate": 0,
      "ac_count": 0,
      "url": "https://183.250.108.194:500/OnlineJudge/problem_show.php?id=6328"
    },
    {
      "id": "6329",
      "title": "6329",
      "difficulty": 0,
      "pass_rate": 0,
      "ac_count": 0,
      "url": "https://183.250.108.194:500/OnlineJudge/problem_show.php?id=6329"
    },
    {
      "id": "6330",
      "title": "6330",
      "difficulty": 0,
      "pass_rate": 0,
      "ac_count": 0,
      "url": "https://183.250.108.194:500/OnlineJudge/problem_show.php?id=6330"
    },
    {
      "id": "6331",
      "title": "6331",
      "difficulty": 0,
      "pass_rate": 0,
      "ac_count": 0,
      "url": "https://183.250.108.194:500/OnlineJudge/problem_show.php?id=6331"
    },
    {
      "id": "6332",
      "title": "6332",
      "difficulty": 0,
      "pass_rate": 0,
      "ac_count": 0,
      "url": "https://183.250.108.194:500/OnlineJudge/problem_show.php?id=6332"
    },
    {
      "id": "6333",
      "title": "6333",
      "difficulty": 0,
      "pass_rate": 0,
      "ac_count": 0,
      "url": "https://183.250.108.194:500/OnlineJudge/problem_show.php?id=6333"
    },
    {
      "id": "6334",
      "title": "6334",
      "difficulty": 0,
      "pass_rate": 0,
      "ac_count": 0,
      "url": "https://183.250.108.194:500/OnlineJudge/problem_show.php?id=6334"
    },
    {
      "id": "6335",
      "title": "6335",
      "difficulty": 0,
      "pass_rate": 0,
      "ac_count": 0,
      "url": "https://183.250.108.194:500/OnlineJudge/problem_show.php?id=6335"
    },
    {
      "id": "6336",
      "title": "6336",
      "difficulty": 0,
      "pass_rate": 0,
      "ac_count": 0,
      "url": "https://183.250.108.194:500/OnlineJudge/problem_show.php?id=6336"
    },
    {
      "id": "6337",
      "title": "6337",
      "difficulty": 0,
      "pass_rate": 0,
      "ac_count": 0,
      "url": "https://183.250.108.194:500/OnlineJudge/problem_show.php?id=6337"
    },
    {
      "id": "6338",
      "title": "6338",
      "difficulty": 0,
      "pass_rate": 0,
      "ac_count": 0,
      "url": "https://183.250.108.194:500/OnlineJudge/problem_show.php?id=6338"
    },
    {
      "id": "6339",
      "title": "6339",
      "difficulty": 0,
      "pass_rate": 0,
      "ac_count": 0,
      "url": "https://183.250.108.194:500/OnlineJudge/problem_show.php?id=6339"
    },
    {
      "id": "6340",
      "title": "6340",
      "difficulty": 0,
      "pass_rate": 0,
      "ac_count": 0,
      "url": "https://183.250.108.194:500/OnlineJudge/problem_show.php?id=6340"
    },
    {
      "id": "6341",
      "title": "6341",
      "difficulty": 0,
      "pass_rate": 0,
      "ac_count": 0,
      "url": "https://183.250.108.194:500/OnlineJudge/problem_show.php?id=6341"
    },
    {
      "id": "6342",
      "title": "6342",
      "difficulty": 0,
      "pass_rate": 0,
      "ac_count": 0,
      "url": "https://183.250.108.194:500/OnlineJudge/problem_show.php?id=6342"
    },
    {
      "id": "6343",
      "title": "6343",
      "difficulty": 0,
      "pass_rate": 0,
      "ac_count": 0,
      "url": "https://183.250.108.194:500/OnlineJudge/problem_show.php?id=6343"
    },
    {
      "id": "6344",
      "title": "6344",
      "difficulty": 0,
      "pass_rate": 0,
      "ac_count": 0,
      "url": "https://183.250.108.194:500/OnlineJudge/problem_show.php?id=6344"
    },
    {
      "id": "6345",
      "title": "6345",
      "difficulty": 0,
      "pass_rate": 0,
      "ac_count": 0,
      "url": "https://183.250.108.194:500/OnlineJudge/problem_show.php?id=6345"
    },
    {
      "id": "6346",
      "title": "6346",
      "difficulty": 0,
      "pass_rate": 0,
      "ac_count": 0,
      "url": "https://183.250.108.194:500/OnlineJudge/problem_show.php?id=6346"
    },
    {
      "id": "6347",
      "title": "6347",
      "difficulty": 0,
      "pass_rate": 0,
      "ac_count": 0,
      "url": "https://183.250.108.194:500/OnlineJudge/problem_show.php?id=6347"
    },
    {
      "id": "6348",
      "title": "6348",
      "difficulty": 0,
      "pass_rate": 0,
      "ac_count": 0,
      "url": "https://183.250.108.194:500/OnlineJudge/problem_show.php?id=6348"
    },
    {
      "id": "6349",
      "title": "6349",
      "difficulty": 0,
      "pass_rate": 0,
      "ac_count": 0,
      "url": "https://183.250.108.194:500/OnlineJudge/problem_show.php?id=6349"
    },
    {
      "id": "6350",
      "title": "6350",
      "difficulty": 0,
      "pass_rate": 0,
      "ac_count": 0,
      "url": "https://183.250.108.194:500/OnlineJudge/problem_show.php?id=6350"
    },
    {
      "id": "6351",
      "title": "6351",
      "difficulty": 0,
      "pass_rate": 0,
      "ac_count": 0,
      "url": "https://183.250.108.194:500/OnlineJudge/problem_show.php?id=6351"
    },
    {
      "id": "6352",
      "title": "6352",
      "difficulty": 0,
      "pass_rate": 0,
      "ac_count": 0,
      "url": "https://183.250.108.194:500/OnlineJudge/problem_show.php?id=6352"
    },
    {
      "id": "6353",
      "title": "6353",
      "difficulty": 0,
      "pass_rate": 0,
      "ac_count": 0,
      "url": "https://183.250.108.194:500/OnlineJudge/problem_show.php?id=6353"
    },
    {
      "id": "6354",
      "title": "6354",
      "difficulty": 0,
      "pass_rate": 0,
      "ac_count": 0,
      "url": "https://183.250.108.194:500/OnlineJudge/problem_show.php?id=6354"
    },
    {
      "id": "6355",
      "title": "6355",
      "difficulty": 0,
      "pass_rate": 0,
      "ac_count": 0,
      "url": "https://183.250.108.194:500/OnlineJudge/problem_show.php?id=6355"
    },
    {
      "id": "6375",
      "title": "6375",
      "difficulty": 0,
      "pass_rate": 0,
      "ac_count": 0,
      "url": "https://183.250.108.194:500/OnlineJudge/problem_show.php?id=6375"
    },
    {
      "id": "6376",
      "title": "6376",
      "difficulty": 0,
      "pass_rate": 0,
      "ac_count": 0,
      "url": "https://183.250.108.194:500/OnlineJudge/problem_show.php?id=6376"
    },
    {
      "id": "6377",
      "title": "6377",
      "difficulty": 0,
      "pass_rate": 0,
      "ac_count": 0,
      "url": "https://183.250.108.194:500/OnlineJudge/problem_show.php?id=6377"
    },
    {
      "id": "6379",
      "title": "6379",
      "difficulty": 0,
      "pass_rate": 0,
      "ac_count": 0,
      "url": "https://183.250.108.194:500/OnlineJudge/problem_show.php?id=6379"
    },
    {
      "id": "6380",
      "title": "6380",
      "difficulty": 0,
      "pass_rate": 0,
      "ac_count": 0,
      "url": "https://183.250.108.194:500/OnlineJudge/problem_show.php?id=6380"
    },
    {
      "id": "6381",
      "title": "6381",
      "difficulty": 0,
      "pass_rate": 0,
      "ac_count": 0,
      "url": "https://183.250.108.194:500/OnlineJudge/problem_show.php?id=6381"
    },
    {
      "id": "6382",
      "title": "6382",
      "difficulty": 0,
      "pass_rate": 0,
      "ac_count": 0,
      "url": "https://183.250.108.194:500/OnlineJudge/problem_show.php?id=6382"
    },
    {
      "id": "6383",
      "title": "6383",
      "difficulty": 0,
      "pass_rate": 0,
      "ac_count": 0,
      "url": "https://183.250.108.194:500/OnlineJudge/problem_show.php?id=6383"
    },
    {
      "id": "6384",
      "title": "6384",
      "difficulty": 0,
      "pass_rate": 0,
      "ac_count": 0,
      "url": "https://183.250.108.194:500/OnlineJudge/problem_show.php?id=6384"
    },
    {
      "id": "6389",
      "title": "6389",
      "difficulty": 0,
      "pass_rate": 0,
      "ac_count": 0,
      "url": "https://183.250.108.194:500/OnlineJudge/problem_show.php?id=6389"
    },
    {
      "id": "6390",
      "title": "6390",
      "difficulty": 0,
      "pass_rate": 0,
      "ac_count": 0,
      "url": "https://183.250.108.194:500/OnlineJudge/problem_show.php?id=6390"
    },
    {
      "id": "6392",
      "title": "6392",
      "difficulty": 0,
      "pass_rate": 0,
      "ac_count": 0,
      "url": "https://183.250.108.194:500/OnlineJudge/problem_show.php?id=6392"
    },
    {
      "id": "6393",
      "title": "6393",
      "difficulty": 0,
      "pass_rate": 0,
      "ac_count": 0,
      "url": "https://183.250.108.194:500/OnlineJudge/problem_show.php?id=6393"
    },
    {
      "id": "6395",
      "title": "6395",
      "difficulty": 0,
      "pass_rate": 0,
      "ac_count": 0,
      "url": "https://183.250.108.194:500/OnlineJudge/problem_show.php?id=6395"
    },
    {
      "id": "6396",
      "title": "6396",
      "difficulty": 0,
      "pass_rate": 0,
      "ac_count": 0,
      "url": "https://183.250.108.194:500/OnlineJudge/problem_show.php?id=6396"
    },
    {
      "id": "6398",
      "title": "6398",
      "difficulty": 0,
      "pass_rate": 0,
      "ac_count": 0,
      "url": "https://183.250.108.194:500/OnlineJudge/problem_show.php?id=6398"
    },
    {
      "id": "6399",
      "title": "6399",
      "difficulty": 0,
      "pass_rate": 0,
      "ac_count": 0,
      "url": "https://183.250.108.194:500/OnlineJudge/problem_show.php?id=6399"
    },
    {
      "id": "6406",
      "title": "6406",
      "difficulty": 0,
      "pass_rate": 0,
      "ac_count": 0,
      "url": "https://183.250.108.194:500/OnlineJudge/problem_show.php?id=6406"
    },
    {
      "id": "6407",
      "title": "6407",
      "difficulty": 0,
      "pass_rate": 0,
      "ac_count": 0,
      "url": "https://183.250.108.194:500/OnlineJudge/problem_show.php?id=6407"
    },
    {
      "id": "6408",
      "title": "6408",
      "difficulty": 0,
      "pass_rate": 0,
      "ac_count": 0,
      "url": "https://183.250.108.194:500/OnlineJudge/problem_show.php?id=6408"
    },
    {
      "id": "6409",
      "title": "6409",
      "difficulty": 0,
      "pass_rate": 0,
      "ac_count": 0,
      "url": "https://183.250.108.194:500/OnlineJudge/problem_show.php?id=6409"
    },
    {
      "id": "6422",
      "title": "6422",
      "difficulty": 0,
      "pass_rate": 0,
      "ac_count": 0,
      "url": "https://183.250.108.194:500/OnlineJudge/problem_show.php?id=6422"
    },
    {
      "id": "6423",
      "title": "6423",
      "difficulty": 0,
      "pass_rate": 0,
      "ac_count": 0,
      "url": "https://183.250.108.194:500/OnlineJudge/problem_show.php?id=6423"
    },
    {
      "id": "6432",
      "title": "6432",
      "difficulty": 0,
      "pass_rate": 0,
      "ac_count": 0,
      "url": "https://183.250.108.194:500/OnlineJudge/problem_show.php?id=6432"
    },
    {
      "id": "6433",
      "title": "6433",
      "difficulty": 0,
      "pass_rate": 0,
      "ac_count": 0,
      "url": "https://183.250.108.194:500/OnlineJudge/problem_show.php?id=6433"
    },
    {
      "id": "6434",
      "title": "6434",
      "difficulty": 0,
      "pass_rate": 0,
      "ac_count": 0,
      "url": "https://183.250.108.194:500/OnlineJudge/problem_show.php?id=6434"
    },
    {
      "id": "6435",
      "title": "6435",
      "difficulty": 0,
      "pass_rate": 0,
      "ac_count": 0,
      "url": "https://183.250.108.194:500/OnlineJudge/problem_show.php?id=6435"
    },
    {
      "id": "6436",
      "title": "6436",
      "difficulty": 0,
      "pass_rate": 0,
      "ac_count": 0,
      "url": "https://183.250.108.194:500/OnlineJudge/problem_show.php?id=6436"
    },
    {
      "id": "6437",
      "title": "6437",
      "difficulty": 0,
      "pass_rate": 0,
      "ac_count": 0,
      "url": "https://183.250.108.194:500/OnlineJudge/problem_show.php?id=6437"
    },
    {
      "id": "6438",
      "title": "6438",
      "difficulty": 0,
      "pass_rate": 0,
      "ac_count": 0,
      "url": "https://183.250.108.194:500/OnlineJudge/problem_show.php?id=6438"
    },
    {
      "id": "6439",
      "title": "6439",
      "difficulty": 0,
      "pass_rate": 0,
      "ac_count": 0,
      "url": "https://183.250.108.194:500/OnlineJudge/problem_show.php?id=6439"
    },
    {
      "id": "6440",
      "title": "6440",
      "difficulty": 0,
      "pass_rate": 0,
      "ac_count": 0,
      "url": "https://183.250.108.194:500/OnlineJudge/problem_show.php?id=6440"
    },
    {
      "id": "6441",
      "title": "6441",
      "difficulty": 0,
      "pass_rate": 0,
      "ac_count": 0,
      "url": "https://183.250.108.194:500/OnlineJudge/problem_show.php?id=6441"
    },
    {
      "id": "6442",
      "title": "6442",
      "difficulty": 0,
      "pass_rate": 0,
      "ac_count": 0,
      "url": "https://183.250.108.194:500/OnlineJudge/problem_show.php?id=6442"
    },
    {
      "id": "6443",
      "title": "6443",
      "difficulty": 0,
      "pass_rate": 0,
      "ac_count": 0,
      "url": "https://183.250.108.194:500/OnlineJudge/problem_show.php?id=6443"
    },
    {
      "id": "6444",
      "title": "6444",
      "difficulty": 0,
      "pass_rate": 0,
      "ac_count": 0,
      "url": "https://183.250.108.194:500/OnlineJudge/problem_show.php?id=6444"
    },
    {
      "id": "6445",
      "title": "6445",
      "difficulty": 0,
      "pass_rate": 0,
      "ac_count": 0,
      "url": "https://183.250.108.194:500/OnlineJudge/problem_show.php?id=6445"
    },
    {
      "id": "6446",
      "title": "6446",
      "difficulty": 0,
      "pass_rate": 0,
      "ac_count": 0,
      "url": "https://183.250.108.194:500/OnlineJudge/problem_show.php?id=6446"
    },
    {
      "id": "6447",
      "title": "6447",
      "difficulty": 0,
      "pass_rate": 0,
      "ac_count": 0,
      "url": "https://183.250.108.194:500/OnlineJudge/problem_show.php?id=6447"
    },
    {
      "id": "6448",
      "title": "6448",
      "difficulty": 0,
      "pass_rate": 0,
      "ac_count": 0,
      "url": "https://183.250.108.194:500/OnlineJudge/problem_show.php?id=6448"
    },
    {
      "id": "6449",
      "title": "6449",
      "difficulty": 0,
      "pass_rate": 0,
      "ac_count": 0,
      "url": "https://183.250.108.194:500/OnlineJudge/problem_show.php?id=6449"
    },
    {
      "id": "6450",
      "title": "6450",
      "difficulty": 0,
      "pass_rate": 0,
      "ac_count": 0,
      "url": "https://183.250.108.194:500/OnlineJudge/problem_show.php?id=6450"
    },
    {
      "id": "6451",
      "title": "6451",
      "difficulty": 0,
      "pass_rate": 0,
      "ac_count": 0,
      "url": "https://183.250.108.194:500/OnlineJudge/problem_show.php?id=6451"
    },
    {
      "id": "6452",
      "title": "6452",
      "difficulty": 0,
      "pass_rate": 0,
      "ac_count": 0,
      "url": "https://183.250.108.194:500/OnlineJudge/problem_show.php?id=6452"
    },
    {
      "id": "6453",
      "title": "6453",
      "difficulty": 0,
      "pass_rate": 0,
      "ac_count": 0,
      "url": "https://183.250.108.194:500/OnlineJudge/problem_show.php?id=6453"
    },
    {
      "id": "6454",
      "title": "6454",
      "difficulty": 0,
      "pass_rate": 0,
      "ac_count": 0,
      "url": "https://183.250.108.194:500/OnlineJudge/problem_show.php?id=6454"
    },
    {
      "id": "6455",
      "title": "6455",
      "difficulty": 0,
      "pass_rate": 0,
      "ac_count": 0,
      "url": "https://183.250.108.194:500/OnlineJudge/problem_show.php?id=6455"
    },
    {
      "id": "6456",
      "title": "6456",
      "difficulty": 0,
      "pass_rate": 0,
      "ac_count": 0,
      "url": "https://183.250.108.194:500/OnlineJudge/problem_show.php?id=6456"
    },
    {
      "id": "6457",
      "title": "6457",
      "difficulty": 0,
      "pass_rate": 0,
      "ac_count": 0,
      "url": "https://183.250.108.194:500/OnlineJudge/problem_show.php?id=6457"
    },
    {
      "id": "6458",
      "title": "6458",
      "difficulty": 0,
      "pass_rate": 0,
      "ac_count": 0,
      "url": "https://183.250.108.194:500/OnlineJudge/problem_show.php?id=6458"
    },
    {
      "id": "6459",
      "title": "6459",
      "difficulty": 0,
      "pass_rate": 0,
      "ac_count": 0,
      "url": "https://183.250.108.194:500/OnlineJudge/problem_show.php?id=6459"
    },
    {
      "id": "6460",
      "title": "6460",
      "difficulty": 0,
      "pass_rate": 0,
      "ac_count": 0,
      "url": "https://183.250.108.194:500/OnlineJudge/problem_show.php?id=6460"
    },
    {
      "id": "6461",
      "title": "6461",
      "difficulty": 0,
      "pass_rate": 0,
      "ac_count": 0,
      "url": "https://183.250.108.194:500/OnlineJudge/problem_show.php?id=6461"
    },
    {
      "id": "6462",
      "title": "6462",
      "difficulty": 0,
      "pass_rate": 0,
      "ac_count": 0,
      "url": "https://183.250.108.194:500/OnlineJudge/problem_show.php?id=6462"
    },
    {
      "id": "6463",
      "title": "6463",
      "difficulty": 0,
      "pass_rate": 0,
      "ac_count": 0,
      "url": "https://183.250.108.194:500/OnlineJudge/problem_show.php?id=6463"
    },
    {
      "id": "6464",
      "title": "6464",
      "difficulty": 0,
      "pass_rate": 0,
      "ac_count": 0,
      "url": "https://183.250.108.194:500/OnlineJudge/problem_show.php?id=6464"
    },
    {
      "id": "6473",
      "title": "6473",
      "difficulty": 0,
      "pass_rate": 0,
      "ac_count": 0,
      "url": "https://183.250.108.194:500/OnlineJudge/problem_show.php?id=6473"
    },
    {
      "id": "6476",
      "title": "6476",
      "difficulty": 0,
      "pass_rate": 0,
      "ac_count": 0,
      "url": "https://183.250.108.194:500/OnlineJudge/problem_show.php?id=6476"
    },
    {
      "id": "6481",
      "title": "6481",
      "difficulty": 0,
      "pass_rate": 0,
      "ac_count": 0,
      "url": "https://183.250.108.194:500/OnlineJudge/problem_show.php?id=6481"
    },
    {
      "id": "6482",
      "title": "6482",
      "difficulty": 0,
      "pass_rate": 0,
      "ac_count": 0,
      "url": "https://183.250.108.194:500/OnlineJudge/problem_show.php?id=6482"
    },
    {
      "id": "6483",
      "title": "6483",
      "difficulty": 0,
      "pass_rate": 0,
      "ac_count": 0,
      "url": "https://183.250.108.194:500/OnlineJudge/problem_show.php?id=6483"
    },
    {
      "id": "6484",
      "title": "6484",
      "difficulty": 0,
      "pass_rate": 0,
      "ac_count": 0,
      "url": "https://183.250.108.194:500/OnlineJudge/problem_show.php?id=6484"
    },
    {
      "id": "6487",
      "title": "6487",
      "difficulty": 0,
      "pass_rate": 0,
      "ac_count": 0,
      "url": "https://183.250.108.194:500/OnlineJudge/problem_show.php?id=6487"
    },
    {
      "id": "6488",
      "title": "6488",
      "difficulty": 0,
      "pass_rate": 0,
      "ac_count": 0,
      "url": "https://183.250.108.194:500/OnlineJudge/problem_show.php?id=6488"
    },
    {
      "id": "6489",
      "title": "6489",
      "difficulty": 0,
      "pass_rate": 0,
      "ac_count": 0,
      "url": "https://183.250.108.194:500/OnlineJudge/problem_show.php?id=6489"
    },
    {
      "id": "6490",
      "title": "6490",
      "difficulty": 0,
      "pass_rate": 0,
      "ac_count": 0,
      "url": "https://183.250.108.194:500/OnlineJudge/problem_show.php?id=6490"
    },
    {
      "id": "6491",
      "title": "6491",
      "difficulty": 0,
      "pass_rate": 0,
      "ac_count": 0,
      "url": "https://183.250.108.194:500/OnlineJudge/problem_show.php?id=6491"
    },
    {
      "id": "6492",
      "title": "6492",
      "difficulty": 0,
      "pass_rate": 0,
      "ac_count": 0,
      "url": "https://183.250.108.194:500/OnlineJudge/problem_show.php?id=6492"
    },
    {
      "id": "6493",
      "title": "6493",
      "difficulty": 0,
      "pass_rate": 0,
      "ac_count": 0,
      "url": "https://183.250.108.194:500/OnlineJudge/problem_show.php?id=6493"
    },
    {
      "id": "6494",
      "title": "6494",
      "difficulty": 0,
      "pass_rate": 0,
      "ac_count": 0,
      "url": "https://183.250.108.194:500/OnlineJudge/problem_show.php?id=6494"
    },
    {
      "id": "6495",
      "title": "6495",
      "difficulty": 0,
      "pass_rate": 0,
      "ac_count": 0,
      "url": "https://183.250.108.194:500/OnlineJudge/problem_show.php?id=6495"
    },
    {
      "id": "6496",
      "title": "6496",
      "difficulty": 0,
      "pass_rate": 0,
      "ac_count": 0,
      "url": "https://183.250.108.194:500/OnlineJudge/problem_show.php?id=6496"
    },
    {
      "id": "6510",
      "title": "6510",
      "difficulty": 0,
      "pass_rate": 0,
      "ac_count": 0,
      "url": "https://183.250.108.194:500/OnlineJudge/problem_show.php?id=6510"
    },
    {
      "id": "6513",
      "title": "6513",
      "difficulty": 0,
      "pass_rate": 0,
      "ac_count": 0,
      "url": "https://183.250.108.194:500/OnlineJudge/problem_show.php?id=6513"
    },
    {
      "id": "6514",
      "title": "6514",
      "difficulty": 0,
      "pass_rate": 0,
      "ac_count": 0,
      "url": "https://183.250.108.194:500/OnlineJudge/problem_show.php?id=6514"
    },
    {
      "id": "6516",
      "title": "6516",
      "difficulty": 0,
      "pass_rate": 0,
      "ac_count": 0,
      "url": "https://183.250.108.194:500/OnlineJudge/problem_show.php?id=6516"
    },
    {
      "id": "6517",
      "title": "6517",
      "difficulty": 0,
      "pass_rate": 0,
      "ac_count": 0,
      "url": "https://183.250.108.194:500/OnlineJudge/problem_show.php?id=6517"
    },
    {
      "id": "6519",
      "title": "6519",
      "difficulty": 0,
      "pass_rate": 0,
      "ac_count": 0,
      "url": "https://183.250.108.194:500/OnlineJudge/problem_show.php?id=6519"
    },
    {
      "id": "6520",
      "title": "6520",
      "difficulty": 0,
      "pass_rate": 0,
      "ac_count": 0,
      "url": "https://183.250.108.194:500/OnlineJudge/problem_show.php?id=6520"
    },
    {
      "id": "6522",
      "title": "6522",
      "difficulty": 0,
      "pass_rate": 0,
      "ac_count": 0,
      "url": "https://183.250.108.194:500/OnlineJudge/problem_show.php?id=6522"
    },
    {
      "id": "6523",
      "title": "6523",
      "difficulty": 0,
      "pass_rate": 0,
      "ac_count": 0,
      "url": "https://183.250.108.194:500/OnlineJudge/problem_show.php?id=6523"
    },
    {
      "id": "6527",
      "title": "6527",
      "difficulty": 0,
      "pass_rate": 0,
      "ac_count": 0,
      "url": "https://183.250.108.194:500/OnlineJudge/problem_show.php?id=6527"
    },
    {
      "id": "6528",
      "title": "6528",
      "difficulty": 0,
      "pass_rate": 0,
      "ac_count": 0,
      "url": "https://183.250.108.194:500/OnlineJudge/problem_show.php?id=6528"
    },
    {
      "id": "6530",
      "title": "6530",
      "difficulty": 0,
      "pass_rate": 0,
      "ac_count": 0,
      "url": "https://183.250.108.194:500/OnlineJudge/problem_show.php?id=6530"
    },
    {
      "id": "6535",
      "title": "6535",
      "difficulty": 0,
      "pass_rate": 0,
      "ac_count": 0,
      "url": "https://183.250.108.194:500/OnlineJudge/problem_show.php?id=6535"
    },
    {
      "id": "6536",
      "title": "6536",
      "difficulty": 0,
      "pass_rate": 0,
      "ac_count": 0,
      "url": "https://183.250.108.194:500/OnlineJudge/problem_show.php?id=6536"
    },
    {
      "id": "6537",
      "title": "6537",
      "difficulty": 0,
      "pass_rate": 0,
      "ac_count": 0,
      "url": "https://183.250.108.194:500/OnlineJudge/problem_show.php?id=6537"
    },
    {
      "id": "6538",
      "title": "6538",
      "difficulty": 0,
      "pass_rate": 0,
      "ac_count": 0,
      "url": "https://183.250.108.194:500/OnlineJudge/problem_show.php?id=6538"
    },
    {
      "id": "6539",
      "title": "6539",
      "difficulty": 0,
      "pass_rate": 0,
      "ac_count": 0,
      "url": "https://183.250.108.194:500/OnlineJudge/problem_show.php?id=6539"
    },
    {
      "id": "6540",
      "title": "6540",
      "difficulty": 0,
      "pass_rate": 0,
      "ac_count": 0,
      "url": "https://183.250.108.194:500/OnlineJudge/problem_show.php?id=6540"
    },
    {
      "id": "6541",
      "title": "6541",
      "difficulty": 0,
      "pass_rate": 0,
      "ac_count": 0,
      "url": "https://183.250.108.194:500/OnlineJudge/problem_show.php?id=6541"
    },
    {
      "id": "6542",
      "title": "6542",
      "difficulty": 0,
      "pass_rate": 0,
      "ac_count": 0,
      "url": "https://183.250.108.194:500/OnlineJudge/problem_show.php?id=6542"
    },
    {
      "id": "6543",
      "title": "6543",
      "difficulty": 0,
      "pass_rate": 0,
      "ac_count": 0,
      "url": "https://183.250.108.194:500/OnlineJudge/problem_show.php?id=6543"
    },
    {
      "id": "6544",
      "title": "6544",
      "difficulty": 0,
      "pass_rate": 0,
      "ac_count": 0,
      "url": "https://183.250.108.194:500/OnlineJudge/problem_show.php?id=6544"
    },
    {
      "id": "6545",
      "title": "6545",
      "difficulty": 0,
      "pass_rate": 0,
      "ac_count": 0,
      "url": "https://183.250.108.194:500/OnlineJudge/problem_show.php?id=6545"
    },
    {
      "id": "6546",
      "title": "6546",
      "difficulty": 0,
      "pass_rate": 0,
      "ac_count": 0,
      "url": "https://183.250.108.194:500/OnlineJudge/problem_show.php?id=6546"
    },
    {
      "id": "6547",
      "title": "6547",
      "difficulty": 0,
      "pass_rate": 0,
      "ac_count": 0,
      "url": "https://183.250.108.194:500/OnlineJudge/problem_show.php?id=6547"
    },
    {
      "id": "6548",
      "title": "6548",
      "difficulty": 0,
      "pass_rate": 0,
      "ac_count": 0,
      "url": "https://183.250.108.194:500/OnlineJudge/problem_show.php?id=6548"
    },
    {
      "id": "6549",
      "title": "6549",
      "difficulty": 0,
      "pass_rate": 0,
      "ac_count": 0,
      "url": "https://183.250.108.194:500/OnlineJudge/problem_show.php?id=6549"
    },
    {
      "id": "6550",
      "title": "6550",
      "difficulty": 0,
      "pass_rate": 0,
      "ac_count": 0,
      "url": "https://183.250.108.194:500/OnlineJudge/problem_show.php?id=6550"
    },
    {
      "id": "6551",
      "title": "6551",
      "difficulty": 0,
      "pass_rate": 0,
      "ac_count": 0,
      "url": "https://183.250.108.194:500/OnlineJudge/problem_show.php?id=6551"
    },
    {
      "id": "6552",
      "title": "6552",
      "difficulty": 0,
      "pass_rate": 0,
      "ac_count": 0,
      "url": "https://183.250.108.194:500/OnlineJudge/problem_show.php?id=6552"
    },
    {
      "id": "6553",
      "title": "6553",
      "difficulty": 0,
      "pass_rate": 0,
      "ac_count": 0,
      "url": "https://183.250.108.194:500/OnlineJudge/problem_show.php?id=6553"
    },
    {
      "id": "6554",
      "title": "6554",
      "difficulty": 0,
      "pass_rate": 0,
      "ac_count": 0,
      "url": "https://183.250.108.194:500/OnlineJudge/problem_show.php?id=6554"
    },
    {
      "id": "6555",
      "title": "6555",
      "difficulty": 0,
      "pass_rate": 0,
      "ac_count": 0,
      "url": "https://183.250.108.194:500/OnlineJudge/problem_show.php?id=6555"
    },
    {
      "id": "6556",
      "title": "6556",
      "difficulty": 0,
      "pass_rate": 0,
      "ac_count": 0,
      "url": "https://183.250.108.194:500/OnlineJudge/problem_show.php?id=6556"
    },
    {
      "id": "6557",
      "title": "6557",
      "difficulty": 0,
      "pass_rate": 0,
      "ac_count": 0,
      "url": "https://183.250.108.194:500/OnlineJudge/problem_show.php?id=6557"
    },
    {
      "id": "6558",
      "title": "6558",
      "difficulty": 0,
      "pass_rate": 0,
      "ac_count": 0,
      "url": "https://183.250.108.194:500/OnlineJudge/problem_show.php?id=6558"
    },
    {
      "id": "6559",
      "title": "6559",
      "difficulty": 0,
      "pass_rate": 0,
      "ac_count": 0,
      "url": "https://183.250.108.194:500/OnlineJudge/problem_show.php?id=6559"
    },
    {
      "id": "6560",
      "title": "6560",
      "difficulty": 0,
      "pass_rate": 0,
      "ac_count": 0,
      "url": "https://183.250.108.194:500/OnlineJudge/problem_show.php?id=6560"
    },
    {
      "id": "6565",
      "title": "6565",
      "difficulty": 0,
      "pass_rate": 0,
      "ac_count": 0,
      "url": "https://183.250.108.194:500/OnlineJudge/problem_show.php?id=6565"
    },
    {
      "id": "6566",
      "title": "6566",
      "difficulty": 0,
      "pass_rate": 0,
      "ac_count": 0,
      "url": "https://183.250.108.194:500/OnlineJudge/problem_show.php?id=6566"
    },
    {
      "id": "6567",
      "title": "6567",
      "difficulty": 0,
      "pass_rate": 0,
      "ac_count": 0,
      "url": "https://183.250.108.194:500/OnlineJudge/problem_show.php?id=6567"
    },
    {
      "id": "6569",
      "title": "6569",
      "difficulty": 0,
      "pass_rate": 0,
      "ac_count": 0,
      "url": "https://183.250.108.194:500/OnlineJudge/problem_show.php?id=6569"
    },
    {
      "id": "6570",
      "title": "6570",
      "difficulty": 0,
      "pass_rate": 0,
      "ac_count": 0,
      "url": "https://183.250.108.194:500/OnlineJudge/problem_show.php?id=6570"
    },
    {
      "id": "6571",
      "title": "6571",
      "difficulty": 0,
      "pass_rate": 0,
      "ac_count": 0,
      "url": "https://183.250.108.194:500/OnlineJudge/problem_show.php?id=6571"
    },
    {
      "id": "6572",
      "title": "6572",
      "difficulty": 0,
      "pass_rate": 0,
      "ac_count": 0,
      "url": "https://183.250.108.194:500/OnlineJudge/problem_show.php?id=6572"
    },
    {
      "id": "6573",
      "title": "6573",
      "difficulty": 0,
      "pass_rate": 0,
      "ac_count": 0,
      "url": "https://183.250.108.194:500/OnlineJudge/problem_show.php?id=6573"
    },
    {
      "id": "6574",
      "title": "6574",
      "difficulty": 0,
      "pass_rate": 0,
      "ac_count": 0,
      "url": "https://183.250.108.194:500/OnlineJudge/problem_show.php?id=6574"
    },
    {
      "id": "6575",
      "title": "6575",
      "difficulty": 0,
      "pass_rate": 0,
      "ac_count": 0,
      "url": "https://183.250.108.194:500/OnlineJudge/problem_show.php?id=6575"
    },
    {
      "id": "6576",
      "title": "6576",
      "difficulty": 0,
      "pass_rate": 0,
      "ac_count": 0,
      "url": "https://183.250.108.194:500/OnlineJudge/problem_show.php?id=6576"
    },
    {
      "id": "6577",
      "title": "6577",
      "difficulty": 0,
      "pass_rate": 0,
      "ac_count": 0,
      "url": "https://183.250.108.194:500/OnlineJudge/problem_show.php?id=6577"
    },
    {
      "id": "6578",
      "title": "6578",
      "difficulty": 0,
      "pass_rate": 0,
      "ac_count": 0,
      "url": "https://183.250.108.194:500/OnlineJudge/problem_show.php?id=6578"
    },
    {
      "id": "6579",
      "title": "6579",
      "difficulty": 0,
      "pass_rate": 0,
      "ac_count": 0,
      "url": "https://183.250.108.194:500/OnlineJudge/problem_show.php?id=6579"
    },
    {
      "id": "6580",
      "title": "6580",
      "difficulty": 0,
      "pass_rate": 0,
      "ac_count": 0,
      "url": "https://183.250.108.194:500/OnlineJudge/problem_show.php?id=6580"
    },
    {
      "id": "6582",
      "title": "6582",
      "difficulty": 0,
      "pass_rate": 0,
      "ac_count": 0,
      "url": "https://183.250.108.194:500/OnlineJudge/problem_show.php?id=6582"
    },
    {
      "id": "6583",
      "title": "6583",
      "difficulty": 0,
      "pass_rate": 0,
      "ac_count": 0,
      "url": "https://183.250.108.194:500/OnlineJudge/problem_show.php?id=6583"
    },
    {
      "id": "6584",
      "title": "6584",
      "difficulty": 0,
      "pass_rate": 0,
      "ac_count": 0,
      "url": "https://183.250.108.194:500/OnlineJudge/problem_show.php?id=6584"
    },
    {
      "id": "6585",
      "title": "6585",
      "difficulty": 0,
      "pass_rate": 0,
      "ac_count": 0,
      "url": "https://183.250.108.194:500/OnlineJudge/problem_show.php?id=6585"
    },
    {
      "id": "6586",
      "title": "6586",
      "difficulty": 0,
      "pass_rate": 0,
      "ac_count": 0,
      "url": "https://183.250.108.194:500/OnlineJudge/problem_show.php?id=6586"
    },
    {
      "id": "6587",
      "title": "6587",
      "difficulty": 0,
      "pass_rate": 0,
      "ac_count": 0,
      "url": "https://183.250.108.194:500/OnlineJudge/problem_show.php?id=6587"
    },
    {
      "id": "6588",
      "title": "6588",
      "difficulty": 0,
      "pass_rate": 0,
      "ac_count": 0,
      "url": "https://183.250.108.194:500/OnlineJudge/problem_show.php?id=6588"
    },
    {
      "id": "6589",
      "title": "6589",
      "difficulty": 0,
      "pass_rate": 0,
      "ac_count": 0,
      "url": "https://183.250.108.194:500/OnlineJudge/problem_show.php?id=6589"
    },
    {
      "id": "6590",
      "title": "6590",
      "difficulty": 0,
      "pass_rate": 0,
      "ac_count": 0,
      "url": "https://183.250.108.194:500/OnlineJudge/problem_show.php?id=6590"
    },
    {
      "id": "6591",
      "title": "6591",
      "difficulty": 0,
      "pass_rate": 0,
      "ac_count": 0,
      "url": "https://183.250.108.194:500/OnlineJudge/problem_show.php?id=6591"
    },
    {
      "id": "6592",
      "title": "6592",
      "difficulty": 0,
      "pass_rate": 0,
      "ac_count": 0,
      "url": "https://183.250.108.194:500/OnlineJudge/problem_show.php?id=6592"
    },
    {
      "id": "6595",
      "title": "6595",
      "difficulty": 0,
      "pass_rate": 0,
      "ac_count": 0,
      "url": "https://183.250.108.194:500/OnlineJudge/problem_show.php?id=6595"
    },
    {
      "id": "6597",
      "title": "6597",
      "difficulty": 0,
      "pass_rate": 0,
      "ac_count": 0,
      "url": "https://183.250.108.194:500/OnlineJudge/problem_show.php?id=6597"
    },
    {
      "id": "6598",
      "title": "6598",
      "difficulty": 0,
      "pass_rate": 0,
      "ac_count": 0,
      "url": "https://183.250.108.194:500/OnlineJudge/problem_show.php?id=6598"
    },
    {
      "id": "6599",
      "title": "6599",
      "difficulty": 0,
      "pass_rate": 0,
      "ac_count": 0,
      "url": "https://183.250.108.194:500/OnlineJudge/problem_show.php?id=6599"
    },
    {
      "id": "6600",
      "title": "6600",
      "difficulty": 0,
      "pass_rate": 0,
      "ac_count": 0,
      "url": "https://183.250.108.194:500/OnlineJudge/problem_show.php?id=6600"
    },
    {
      "id": "6601",
      "title": "6601",
      "difficulty": 0,
      "pass_rate": 0,
      "ac_count": 0,
      "url": "https://183.250.108.194:500/OnlineJudge/problem_show.php?id=6601"
    },
    {
      "id": "6603",
      "title": "6603",
      "difficulty": 0,
      "pass_rate": 0,
      "ac_count": 0,
      "url": "https://183.250.108.194:500/OnlineJudge/problem_show.php?id=6603"
    },
    {
      "id": "6604",
      "title": "6604",
      "difficulty": 0,
      "pass_rate": 0,
      "ac_count": 0,
      "url": "https://183.250.108.194:500/OnlineJudge/problem_show.php?id=6604"
    },
    {
      "id": "6605",
      "title": "6605",
      "difficulty": 0,
      "pass_rate": 0,
      "ac_count": 0,
      "url": "https://183.250.108.194:500/OnlineJudge/problem_show.php?id=6605"
    },
    {
      "id": "6612",
      "title": "6612",
      "difficulty": 0,
      "pass_rate": 0,
      "ac_count": 0,
      "url": "https://183.250.108.194:500/OnlineJudge/problem_show.php?id=6612"
    },
    {
      "id": "6613",
      "title": "6613",
      "difficulty": 0,
      "pass_rate": 0,
      "ac_count": 0,
      "url": "https://183.250.108.194:500/OnlineJudge/problem_show.php?id=6613"
    },
    {
      "id": "6614",
      "title": "6614",
      "difficulty": 0,
      "pass_rate": 0,
      "ac_count": 0,
      "url": "https://183.250.108.194:500/OnlineJudge/problem_show.php?id=6614"
    },
    {
      "id": "6615",
      "title": "6615",
      "difficulty": 0,
      "pass_rate": 0,
      "ac_count": 0,
      "url": "https://183.250.108.194:500/OnlineJudge/problem_show.php?id=6615"
    },
    {
      "id": "6616",
      "title": "6616",
      "difficulty": 0,
      "pass_rate": 0,
      "ac_count": 0,
      "url": "https://183.250.108.194:500/OnlineJudge/problem_show.php?id=6616"
    },
    {
      "id": "6617",
      "title": "6617",
      "difficulty": 0,
      "pass_rate": 0,
      "ac_count": 0,
      "url": "https://183.250.108.194:500/OnlineJudge/problem_show.php?id=6617"
    },
    {
      "id": "6618",
      "title": "6618",
      "difficulty": 0,
      "pass_rate": 0,
      "ac_count": 0,
      "url": "https://183.250.108.194:500/OnlineJudge/problem_show.php?id=6618"
    },
    {
      "id": "6625",
      "title": "6625",
      "difficulty": 0,
      "pass_rate": 0,
      "ac_count": 0,
      "url": "https://183.250.108.194:500/OnlineJudge/problem_show.php?id=6625"
    },
    {
      "id": "6626",
      "title": "6626",
      "difficulty": 0,
      "pass_rate": 0,
      "ac_count": 0,
      "url": "https://183.250.108.194:500/OnlineJudge/problem_show.php?id=6626"
    },
    {
      "id": "6627",
      "title": "6627",
      "difficulty": 0,
      "pass_rate": 0,
      "ac_count": 0,
      "url": "https://183.250.108.194:500/OnlineJudge/problem_show.php?id=6627"
    },
    {
      "id": "6628",
      "title": "6628",
      "difficulty": 0,
      "pass_rate": 0,
      "ac_count": 0,
      "url": "https://183.250.108.194:500/OnlineJudge/problem_show.php?id=6628"
    },
    {
      "id": "6629",
      "title": "6629",
      "difficulty": 0,
      "pass_rate": 0,
      "ac_count": 0,
      "url": "https://183.250.108.194:500/OnlineJudge/problem_show.php?id=6629"
    },
    {
      "id": "6630",
      "title": "6630",
      "difficulty": 0,
      "pass_rate": 0,
      "ac_count": 0,
      "url": "https://183.250.108.194:500/OnlineJudge/problem_show.php?id=6630"
    },
    {
      "id": "6631",
      "title": "6631",
      "difficulty": 0,
      "pass_rate": 0,
      "ac_count": 0,
      "url": "https://183.250.108.194:500/OnlineJudge/problem_show.php?id=6631"
    },
    {
      "id": "6632",
      "title": "6632",
      "difficulty": 0,
      "pass_rate": 0,
      "ac_count": 0,
      "url": "https://183.250.108.194:500/OnlineJudge/problem_show.php?id=6632"
    },
    {
      "id": "6633",
      "title": "6633",
      "difficulty": 0,
      "pass_rate": 0,
      "ac_count": 0,
      "url": "https://183.250.108.194:500/OnlineJudge/problem_show.php?id=6633"
    },
    {
      "id": "6635",
      "title": "6635",
      "difficulty": 0,
      "pass_rate": 0,
      "ac_count": 0,
      "url": "https://183.250.108.194:500/OnlineJudge/problem_show.php?id=6635"
    },
    {
      "id": "6636",
      "title": "6636",
      "difficulty": 0,
      "pass_rate": 0,
      "ac_count": 0,
      "url": "https://183.250.108.194:500/OnlineJudge/problem_show.php?id=6636"
    },
    {
      "id": "6637",
      "title": "6637",
      "difficulty": 0,
      "pass_rate": 0,
      "ac_count": 0,
      "url": "https://183.250.108.194:500/OnlineJudge/problem_show.php?id=6637"
    },
    {
      "id": "6638",
      "title": "6638",
      "difficulty": 0,
      "pass_rate": 0,
      "ac_count": 0,
      "url": "https://183.250.108.194:500/OnlineJudge/problem_show.php?id=6638"
    },
    {
      "id": "6640",
      "title": "6640",
      "difficulty": 0,
      "pass_rate": 0,
      "ac_count": 0,
      "url": "https://183.250.108.194:500/OnlineJudge/problem_show.php?id=6640"
    },
    {
      "id": "6641",
      "title": "6641",
      "difficulty": 0,
      "pass_rate": 0,
      "ac_count": 0,
      "url": "https://183.250.108.194:500/OnlineJudge/problem_show.php?id=6641"
    },
    {
      "id": "6642",
      "title": "6642",
      "difficulty": 0,
      "pass_rate": 0,
      "ac_count": 0,
      "url": "https://183.250.108.194:500/OnlineJudge/problem_show.php?id=6642"
    },
    {
      "id": "6643",
      "title": "6643",
      "difficulty": 0,
      "pass_rate": 0,
      "ac_count": 0,
      "url": "https://183.250.108.194:500/OnlineJudge/problem_show.php?id=6643"
    },
    {
      "id": "6644",
      "title": "6644",
      "difficulty": 0,
      "pass_rate": 0,
      "ac_count": 0,
      "url": "https://183.250.108.194:500/OnlineJudge/problem_show.php?id=6644"
    },
    {
      "id": "6645",
      "title": "6645",
      "difficulty": 0,
      "pass_rate": 0,
      "ac_count": 0,
      "url": "https://183.250.108.194:500/OnlineJudge/problem_show.php?id=6645"
    },
    {
      "id": "6646",
      "title": "6646",
      "difficulty": 0,
      "pass_rate": 0,
      "ac_count": 0,
      "url": "https://183.250.108.194:500/OnlineJudge/problem_show.php?id=6646"
    },
    {
      "id": "6647",
      "title": "6647",
      "difficulty": 0,
      "pass_rate": 0,
      "ac_count": 0,
      "url": "https://183.250.108.194:500/OnlineJudge/problem_show.php?id=6647"
    },
    {
      "id": "6648",
      "title": "6648",
      "difficulty": 0,
      "pass_rate": 0,
      "ac_count": 0,
      "url": "https://183.250.108.194:500/OnlineJudge/problem_show.php?id=6648"
    },
    {
      "id": "6649",
      "title": "6649",
      "difficulty": 0,
      "pass_rate": 0,
      "ac_count": 0,
      "url": "https://183.250.108.194:500/OnlineJudge/problem_show.php?id=6649"
    },
    {
      "id": "6650",
      "title": "6650",
      "difficulty": 0,
      "pass_rate": 0,
      "ac_count": 0,
      "url": "https://183.250.108.194:500/OnlineJudge/problem_show.php?id=6650"
    },
    {
      "id": "6651",
      "title": "6651",
      "difficulty": 0,
      "pass_rate": 0,
      "ac_count": 0,
      "url": "https://183.250.108.194:500/OnlineJudge/problem_show.php?id=6651"
    },
    {
      "id": "6652",
      "title": "6652",
      "difficulty": 0,
      "pass_rate": 0,
      "ac_count": 0,
      "url": "https://183.250.108.194:500/OnlineJudge/problem_show.php?id=6652"
    },
    {
      "id": "6653",
      "title": "6653",
      "difficulty": 0,
      "pass_rate": 0,
      "ac_count": 0,
      "url": "https://183.250.108.194:500/OnlineJudge/problem_show.php?id=6653"
    },
    {
      "id": "6654",
      "title": "6654",
      "difficulty": 0,
      "pass_rate": 0,
      "ac_count": 0,
      "url": "https://183.250.108.194:500/OnlineJudge/problem_show.php?id=6654"
    },
    {
      "id": "6655",
      "title": "6655",
      "difficulty": 0,
      "pass_rate": 0,
      "ac_count": 0,
      "url": "https://183.250.108.194:500/OnlineJudge/problem_show.php?id=6655"
    },
    {
      "id": "6656",
      "title": "6656",
      "difficulty": 0,
      "pass_rate": 0,
      "ac_count": 0,
      "url": "https://183.250.108.194:500/OnlineJudge/problem_show.php?id=6656"
    },
    {
      "id": "6657",
      "title": "6657",
      "difficulty": 0,
      "pass_rate": 0,
      "ac_count": 0,
      "url": "https://183.250.108.194:500/OnlineJudge/problem_show.php?id=6657"
    },
    {
      "id": "6658",
      "title": "6658",
      "difficulty": 0,
      "pass_rate": 0,
      "ac_count": 0,
      "url": "https://183.250.108.194:500/OnlineJudge/problem_show.php?id=6658"
    },
    {
      "id": "6660",
      "title": "6660",
      "difficulty": 0,
      "pass_rate": 0,
      "ac_count": 0,
      "url": "https://183.250.108.194:500/OnlineJudge/problem_show.php?id=6660"
    },
    {
      "id": "6661",
      "title": "6661",
      "difficulty": 0,
      "pass_rate": 0,
      "ac_count": 0,
      "url": "https://183.250.108.194:500/OnlineJudge/problem_show.php?id=6661"
    },
    {
      "id": "6662",
      "title": "6662",
      "difficulty": 0,
      "pass_rate": 0,
      "ac_count": 0,
      "url": "https://183.250.108.194:500/OnlineJudge/problem_show.php?id=6662"
    },
    {
      "id": "6663",
      "title": "6663",
      "difficulty": 0,
      "pass_rate": 0,
      "ac_count": 0,
      "url": "https://183.250.108.194:500/OnlineJudge/problem_show.php?id=6663"
    },
    {
      "id": "6664",
      "title": "6664",
      "difficulty": 0,
      "pass_rate": 0,
      "ac_count": 0,
      "url": "https://183.250.108.194:500/OnlineJudge/problem_show.php?id=6664"
    },
    {
      "id": "6665",
      "title": "6665",
      "difficulty": 0,
      "pass_rate": 0,
      "ac_count": 0,
      "url": "https://183.250.108.194:500/OnlineJudge/problem_show.php?id=6665"
    },
    {
      "id": "6666",
      "title": "6666",
      "difficulty": 0,
      "pass_rate": 0,
      "ac_count": 0,
      "url": "https://183.250.108.194:500/OnlineJudge/problem_show.php?id=6666"
    },
    {
      "id": "6670",
      "title": "6670",
      "difficulty": 0,
      "pass_rate": 0,
      "ac_count": 0,
      "url": "https://183.250.108.194:500/OnlineJudge/problem_show.php?id=6670"
    },
    {
      "id": "6671",
      "title": "6671",
      "difficulty": 0,
      "pass_rate": 0,
      "ac_count": 0,
      "url": "https://183.250.108.194:500/OnlineJudge/problem_show.php?id=6671"
    },
    {
      "id": "6675",
      "title": "6675",
      "difficulty": 0,
      "pass_rate": 0,
      "ac_count": 0,
      "url": "https://183.250.108.194:500/OnlineJudge/problem_show.php?id=6675"
    },
    {
      "id": "6676",
      "title": "6676",
      "difficulty": 0,
      "pass_rate": 0,
      "ac_count": 0,
      "url": "https://183.250.108.194:500/OnlineJudge/problem_show.php?id=6676"
    },
    {
      "id": "6678",
      "title": "6678",
      "difficulty": 0,
      "pass_rate": 0,
      "ac_count": 0,
      "url": "https://183.250.108.194:500/OnlineJudge/problem_show.php?id=6678"
    },
    {
      "id": "6679",
      "title": "6679",
      "difficulty": 0,
      "pass_rate": 0,
      "ac_count": 0,
      "url": "https://183.250.108.194:500/OnlineJudge/problem_show.php?id=6679"
    },
    {
      "id": "6680",
      "title": "6680",
      "difficulty": 0,
      "pass_rate": 0,
      "ac_count": 0,
      "url": "https://183.250.108.194:500/OnlineJudge/problem_show.php?id=6680"
    },
    {
      "id": "6681",
      "title": "6681",
      "difficulty": 0,
      "pass_rate": 0,
      "ac_count": 0,
      "url": "https://183.250.108.194:500/OnlineJudge/problem_show.php?id=6681"
    },
    {
      "id": "6682",
      "title": "6682",
      "difficulty": 0,
      "pass_rate": 0,
      "ac_count": 0,
      "url": "https://183.250.108.194:500/OnlineJudge/problem_show.php?id=6682"
    },
    {
      "id": "6683",
      "title": "6683",
      "difficulty": 0,
      "pass_rate": 0,
      "ac_count": 0,
      "url": "https://183.250.108.194:500/OnlineJudge/problem_show.php?id=6683"
    },
    {
      "id": "6684",
      "title": "6684",
      "difficulty": 0,
      "pass_rate": 0,
      "ac_count": 0,
      "url": "https://183.250.108.194:500/OnlineJudge/problem_show.php?id=6684"
    },
    {
      "id": "6686",
      "title": "6686",
      "difficulty": 0,
      "pass_rate": 0,
      "ac_count": 0,
      "url": "https://183.250.108.194:500/OnlineJudge/problem_show.php?id=6686"
    },
    {
      "id": "6698",
      "title": "6698",
      "difficulty": 0,
      "pass_rate": 0,
      "ac_count": 0,
      "url": "https://183.250.108.194:500/OnlineJudge/problem_show.php?id=6698"
    },
    {
      "id": "6699",
      "title": "6699",
      "difficulty": 0,
      "pass_rate": 0,
      "ac_count": 0,
      "url": "https://183.250.108.194:500/OnlineJudge/problem_show.php?id=6699"
    },
    {
      "id": "6700",
      "title": "6700",
      "difficulty": 0,
      "pass_rate": 0,
      "ac_count": 0,
      "url": "https://183.250.108.194:500/OnlineJudge/problem_show.php?id=6700"
    },
    {
      "id": "6702",
      "title": "6702",
      "difficulty": 0,
      "pass_rate": 0,
      "ac_count": 0,
      "url": "https://183.250.108.194:500/OnlineJudge/problem_show.php?id=6702"
    },
    {
      "id": "6703",
      "title": "6703",
      "difficulty": 0,
      "pass_rate": 0,
      "ac_count": 0,
      "url": "https://183.250.108.194:500/OnlineJudge/problem_show.php?id=6703"
    },
    {
      "id": "6704",
      "title": "6704",
      "difficulty": 0,
      "pass_rate": 0,
      "ac_count": 0,
      "url": "https://183.250.108.194:500/OnlineJudge/problem_show.php?id=6704"
    },
    {
      "id": "6705",
      "title": "6705",
      "difficulty": 0,
      "pass_rate": 0,
      "ac_count": 0,
      "url": "https://183.250.108.194:500/OnlineJudge/problem_show.php?id=6705"
    },
    {
      "id": "6706",
      "title": "6706",
      "difficulty": 0,
      "pass_rate": 0,
      "ac_count": 0,
      "url": "https://183.250.108.194:500/OnlineJudge/problem_show.php?id=6706"
    },
    {
      "id": "6708",
      "title": "6708",
      "difficulty": 0,
      "pass_rate": 0,
      "ac_count": 0,
      "url": "https://183.250.108.194:500/OnlineJudge/problem_show.php?id=6708"
    },
    {
      "id": "6709",
      "title": "6709",
      "difficulty": 0,
      "pass_rate": 0,
      "ac_count": 0,
      "url": "https://183.250.108.194:500/OnlineJudge/problem_show.php?id=6709"
    },
    {
      "id": "6710",
      "title": "6710",
      "difficulty": 0,
      "pass_rate": 0,
      "ac_count": 0,
      "url": "https://183.250.108.194:500/OnlineJudge/problem_show.php?id=6710"
    },
    {
      "id": "6711",
      "title": "6711",
      "difficulty": 0,
      "pass_rate": 0,
      "ac_count": 0,
      "url": "https://183.250.108.194:500/OnlineJudge/problem_show.php?id=6711"
    },
    {
      "id": "6712",
      "title": "6712",
      "difficulty": 0,
      "pass_rate": 0,
      "ac_count": 0,
      "url": "https://183.250.108.194:500/OnlineJudge/problem_show.php?id=6712"
    },
    {
      "id": "6714",
      "title": "6714",
      "difficulty": 0,
      "pass_rate": 0,
      "ac_count": 0,
      "url": "https://183.250.108.194:500/OnlineJudge/problem_show.php?id=6714"
    },
    {
      "id": "6716",
      "title": "6716",
      "difficulty": 0,
      "pass_rate": 0,
      "ac_count": 0,
      "url": "https://183.250.108.194:500/OnlineJudge/problem_show.php?id=6716"
    },
    {
      "id": "6717",
      "title": "6717",
      "difficulty": 0,
      "pass_rate": 0,
      "ac_count": 0,
      "url": "https://183.250.108.194:500/OnlineJudge/problem_show.php?id=6717"
    },
    {
      "id": "6718",
      "title": "6718",
      "difficulty": 0,
      "pass_rate": 0,
      "ac_count": 0,
      "url": "https://183.250.108.194:500/OnlineJudge/problem_show.php?id=6718"
    },
    {
      "id": "6719",
      "title": "6719",
      "difficulty": 0,
      "pass_rate": 0,
      "ac_count": 0,
      "url": "https://183.250.108.194:500/OnlineJudge/problem_show.php?id=6719"
    },
    {
      "id": "6721",
      "title": "6721",
      "difficulty": 0,
      "pass_rate": 0,
      "ac_count": 0,
      "url": "https://183.250.108.194:500/OnlineJudge/problem_show.php?id=6721"
    },
    {
      "id": "6722",
      "title": "6722",
      "difficulty": 0,
      "pass_rate": 0,
      "ac_count": 0,
      "url": "https://183.250.108.194:500/OnlineJudge/problem_show.php?id=6722"
    },
    {
      "id": "6723",
      "title": "6723",
      "difficulty": 0,
      "pass_rate": 0,
      "ac_count": 0,
      "url": "https://183.250.108.194:500/OnlineJudge/problem_show.php?id=6723"
    },
    {
      "id": "6724",
      "title": "6724",
      "difficulty": 0,
      "pass_rate": 0,
      "ac_count": 0,
      "url": "https://183.250.108.194:500/OnlineJudge/problem_show.php?id=6724"
    },
    {
      "id": "6733",
      "title": "6733",
      "difficulty": 0,
      "pass_rate": 0,
      "ac_count": 0,
      "url": "https://183.250.108.194:500/OnlineJudge/problem_show.php?id=6733"
    },
    {
      "id": "6734",
      "title": "6734",
      "difficulty": 0,
      "pass_rate": 0,
      "ac_count": 0,
      "url": "https://183.250.108.194:500/OnlineJudge/problem_show.php?id=6734"
    },
    {
      "id": "6747",
      "title": "6747",
      "difficulty": 0,
      "pass_rate": 0,
      "ac_count": 0,
      "url": "https://183.250.108.194:500/OnlineJudge/problem_show.php?id=6747"
    },
    {
      "id": "6756",
      "title": "6756",
      "difficulty": 0,
      "pass_rate": 0,
      "ac_count": 0,
      "url": "https://183.250.108.194:500/OnlineJudge/problem_show.php?id=6756"
    },
    {
      "id": "6763",
      "title": "6763",
      "difficulty": 0,
      "pass_rate": 0,
      "ac_count": 0,
      "url": "https://183.250.108.194:500/OnlineJudge/problem_show.php?id=6763"
    },
    {
      "id": "6789",
      "title": "6789",
      "difficulty": 0,
      "pass_rate": 0,
      "ac_count": 0,
      "url": "https://183.250.108.194:500/OnlineJudge/problem_show.php?id=6789"
    },
    {
      "id": "6795",
      "title": "6795",
      "difficulty": 0,
      "pass_rate": 0,
      "ac_count": 0,
      "url": "https://183.250.108.194:500/OnlineJudge/problem_show.php?id=6795"
    },
    {
      "id": "6806",
      "title": "6806",
      "difficulty": 0,
      "pass_rate": 0,
      "ac_count": 0,
      "url": "https://183.250.108.194:500/OnlineJudge/problem_show.php?id=6806"
    },
    {
      "id": "6807",
      "title": "6807",
      "difficulty": 0,
      "pass_rate": 0,
      "ac_count": 0,
      "url": "https://183.250.108.194:500/OnlineJudge/problem_show.php?id=6807"
    },
    {
      "id": "6808",
      "title": "6808",
      "difficulty": 0,
      "pass_rate": 0,
      "ac_count": 0,
      "url": "https://183.250.108.194:500/OnlineJudge/problem_show.php?id=6808"
    },
    {
      "id": "6809",
      "title": "6809",
      "difficulty": 0,
      "pass_rate": 0,
      "ac_count": 0,
      "url": "https://183.250.108.194:500/OnlineJudge/problem_show.php?id=6809"
    },
    {
      "id": "6810",
      "title": "6810",
      "difficulty": 0,
      "pass_rate": 0,
      "ac_count": 0,
      "url": "https://183.250.108.194:500/OnlineJudge/problem_show.php?id=6810"
    },
    {
      "id": "6811",
      "title": "6811",
      "difficulty": 0,
      "pass_rate": 0,
      "ac_count": 0,
      "url": "https://183.250.108.194:500/OnlineJudge/problem_show.php?id=6811"
    },
    {
      "id": "6812",
      "title": "6812",
      "difficulty": 0,
      "pass_rate": 0,
      "ac_count": 0,
      "url": "https://183.250.108.194:500/OnlineJudge/problem_show.php?id=6812"
    },
    {
      "id": "6813",
      "title": "6813",
      "difficulty": 0,
      "pass_rate": 0,
      "ac_count": 0,
      "url": "https://183.250.108.194:500/OnlineJudge/problem_show.php?id=6813"
    },
    {
      "id": "6814",
      "title": "6814",
      "difficulty": 0,
      "pass_rate": 0,
      "ac_count": 0,
      "url": "https://183.250.108.194:500/OnlineJudge/problem_show.php?id=6814"
    },
    {
      "id": "6815",
      "title": "6815",
      "difficulty": 0,
      "pass_rate": 0,
      "ac_count": 0,
      "url": "https://183.250.108.194:500/OnlineJudge/problem_show.php?id=6815"
    },
    {
      "id": "6816",
      "title": "6816",
      "difficulty": 0,
      "pass_rate": 0,
      "ac_count": 0,
      "url": "https://183.250.108.194:500/OnlineJudge/problem_show.php?id=6816"
    },
    {
      "id": "6817",
      "title": "6817",
      "difficulty": 0,
      "pass_rate": 0,
      "ac_count": 0,
      "url": "https://183.250.108.194:500/OnlineJudge/problem_show.php?id=6817"
    },
    {
      "id": "6818",
      "title": "6818",
      "difficulty": 0,
      "pass_rate": 0,
      "ac_count": 0,
      "url": "https://183.250.108.194:500/OnlineJudge/problem_show.php?id=6818"
    },
    {
      "id": "6819",
      "title": "6819",
      "difficulty": 0,
      "pass_rate": 0,
      "ac_count": 0,
      "url": "https://183.250.108.194:500/OnlineJudge/problem_show.php?id=6819"
    },
    {
      "id": "6820",
      "title": "6820",
      "difficulty": 0,
      "pass_rate": 0,
      "ac_count": 0,
      "url": "https://183.250.108.194:500/OnlineJudge/problem_show.php?id=6820"
    },
    {
      "id": "6821",
      "title": "6821",
      "difficulty": 0,
      "pass_rate": 0,
      "ac_count": 0,
      "url": "https://183.250.108.194:500/OnlineJudge/problem_show.php?id=6821"
    },
    {
      "id": "6822",
      "title": "6822",
      "difficulty": 0,
      "pass_rate": 0,
      "ac_count": 0,
      "url": "https://183.250.108.194:500/OnlineJudge/problem_show.php?id=6822"
    },
    {
      "id": "6823",
      "title": "6823",
      "difficulty": 0,
      "pass_rate": 0,
      "ac_count": 0,
      "url": "https://183.250.108.194:500/OnlineJudge/problem_show.php?id=6823"
    },
    {
      "id": "6824",
      "title": "6824",
      "difficulty": 0,
      "pass_rate": 0,
      "ac_count": 0,
      "url": "https://183.250.108.194:500/OnlineJudge/problem_show.php?id=6824"
    },
    {
      "id": "6825",
      "title": "6825",
      "difficulty": 0,
      "pass_rate": 0,
      "ac_count": 0,
      "url": "https://183.250.108.194:500/OnlineJudge/problem_show.php?id=6825"
    },
    {
      "id": "6826",
      "title": "6826",
      "difficulty": 0,
      "pass_rate": 0,
      "ac_count": 0,
      "url": "https://183.250.108.194:500/OnlineJudge/problem_show.php?id=6826"
    },
    {
      "id": "6827",
      "title": "6827",
      "difficulty": 0,
      "pass_rate": 0,
      "ac_count": 0,
      "url": "https://183.250.108.194:500/OnlineJudge/problem_show.php?id=6827"
    },
    {
      "id": "6832",
      "title": "6832",
      "difficulty": 0,
      "pass_rate": 0,
      "ac_count": 0,
      "url": "https://183.250.108.194:500/OnlineJudge/problem_show.php?id=6832"
    },
    {
      "id": "6833",
      "title": "6833",
      "difficulty": 0,
      "pass_rate": 0,
      "ac_count": 0,
      "url": "https://183.250.108.194:500/OnlineJudge/problem_show.php?id=6833"
    },
    {
      "id": "6834",
      "title": "6834",
      "difficulty": 0,
      "pass_rate": 0,
      "ac_count": 0,
      "url": "https://183.250.108.194:500/OnlineJudge/problem_show.php?id=6834"
    },
    {
      "id": "6835",
      "title": "6835",
      "difficulty": 0,
      "pass_rate": 0,
      "ac_count": 0,
      "url": "https://183.250.108.194:500/OnlineJudge/problem_show.php?id=6835"
    },
    {
      "id": "6836",
      "title": "6836",
      "difficulty": 0,
      "pass_rate": 0,
      "ac_count": 0,
      "url": "https://183.250.108.194:500/OnlineJudge/problem_show.php?id=6836"
    },
    {
      "id": "6837",
      "title": "6837",
      "difficulty": 0,
      "pass_rate": 0,
      "ac_count": 0,
      "url": "https://183.250.108.194:500/OnlineJudge/problem_show.php?id=6837"
    },
    {
      "id": "6838",
      "title": "6838",
      "difficulty": 0,
      "pass_rate": 0,
      "ac_count": 0,
      "url": "https://183.250.108.194:500/OnlineJudge/problem_show.php?id=6838"
    },
    {
      "id": "6839",
      "title": "6839",
      "difficulty": 0,
      "pass_rate": 0,
      "ac_count": 0,
      "url": "https://183.250.108.194:500/OnlineJudge/problem_show.php?id=6839"
    },
    {
      "id": "6841",
      "title": "6841",
      "difficulty": 0,
      "pass_rate": 0,
      "ac_count": 0,
      "url": "https://183.250.108.194:500/OnlineJudge/problem_show.php?id=6841"
    },
    {
      "id": "6842",
      "title": "6842",
      "difficulty": 0,
      "pass_rate": 0,
      "ac_count": 0,
      "url": "https://183.250.108.194:500/OnlineJudge/problem_show.php?id=6842"
    },
    {
      "id": "6843",
      "title": "6843",
      "difficulty": 0,
      "pass_rate": 0,
      "ac_count": 0,
      "url": "https://183.250.108.194:500/OnlineJudge/problem_show.php?id=6843"
    },
    {
      "id": "6844",
      "title": "6844",
      "difficulty": 0,
      "pass_rate": 0,
      "ac_count": 0,
      "url": "https://183.250.108.194:500/OnlineJudge/problem_show.php?id=6844"
    },
    {
      "id": "6845",
      "title": "6845",
      "difficulty": 0,
      "pass_rate": 0,
      "ac_count": 0,
      "url": "https://183.250.108.194:500/OnlineJudge/problem_show.php?id=6845"
    },
    {
      "id": "6846",
      "title": "6846",
      "difficulty": 0,
      "pass_rate": 0,
      "ac_count": 0,
      "url": "https://183.250.108.194:500/OnlineJudge/problem_show.php?id=6846"
    },
    {
      "id": "6847",
      "title": "6847",
      "difficulty": 0,
      "pass_rate": 0,
      "ac_count": 0,
      "url": "https://183.250.108.194:500/OnlineJudge/problem_show.php?id=6847"
    },
    {
      "id": "6848",
      "title": "6848",
      "difficulty": 0,
      "pass_rate": 0,
      "ac_count": 0,
      "url": "https://183.250.108.194:500/OnlineJudge/problem_show.php?id=6848"
    },
    {
      "id": "6849",
      "title": "6849",
      "difficulty": 0,
      "pass_rate": 0,
      "ac_count": 0,
      "url": "https://183.250.108.194:500/OnlineJudge/problem_show.php?id=6849"
    },
    {
      "id": "6850",
      "title": "6850",
      "difficulty": 0,
      "pass_rate": 0,
      "ac_count": 0,
      "url": "https://183.250.108.194:500/OnlineJudge/problem_show.php?id=6850"
    },
    {
      "id": "6851",
      "title": "6851",
      "difficulty": 0,
      "pass_rate": 0,
      "ac_count": 0,
      "url": "https://183.250.108.194:500/OnlineJudge/problem_show.php?id=6851"
    },
    {
      "id": "6852",
      "title": "6852",
      "difficulty": 0,
      "pass_rate": 0,
      "ac_count": 0,
      "url": "https://183.250.108.194:500/OnlineJudge/problem_show.php?id=6852"
    },
    {
      "id": "6853",
      "title": "6853",
      "difficulty": 0,
      "pass_rate": 0,
      "ac_count": 0,
      "url": "https://183.250.108.194:500/OnlineJudge/problem_show.php?id=6853"
    },
    {
      "id": "6854",
      "title": "6854",
      "difficulty": 0,
      "pass_rate": 0,
      "ac_count": 0,
      "url": "https://183.250.108.194:500/OnlineJudge/problem_show.php?id=6854"
    },
    {
      "id": "6855",
      "title": "6855",
      "difficulty": 0,
      "pass_rate": 0,
      "ac_count": 0,
      "url": "https://183.250.108.194:500/OnlineJudge/problem_show.php?id=6855"
    },
    {
      "id": "6856",
      "title": "6856",
      "difficulty": 0,
      "pass_rate": 0,
      "ac_count": 0,
      "url": "https://183.250.108.194:500/OnlineJudge/problem_show.php?id=6856"
    },
    {
      "id": "6857",
      "title": "6857",
      "difficulty": 0,
      "pass_rate": 0,
      "ac_count": 0,
      "url": "https://183.250.108.194:500/OnlineJudge/problem_show.php?id=6857"
    },
    {
      "id": "6858",
      "title": "6858",
      "difficulty": 0,
      "pass_rate": 0,
      "ac_count": 0,
      "url": "https://183.250.108.194:500/OnlineJudge/problem_show.php?id=6858"
    },
    {
      "id": "6859",
      "title": "6859",
      "difficulty": 0,
      "pass_rate": 0,
      "ac_count": 0,
      "url": "https://183.250.108.194:500/OnlineJudge/problem_show.php?id=6859"
    },
    {
      "id": "6860",
      "title": "6860",
      "difficulty": 0,
      "pass_rate": 0,
      "ac_count": 0,
      "url": "https://183.250.108.194:500/OnlineJudge/problem_show.php?id=6860"
    },
    {
      "id": "6861",
      "title": "6861",
      "difficulty": 0,
      "pass_rate": 0,
      "ac_count": 0,
      "url": "https://183.250.108.194:500/OnlineJudge/problem_show.php?id=6861"
    },
    {
      "id": "6862",
      "title": "6862",
      "difficulty": 0,
      "pass_rate": 0,
      "ac_count": 0,
      "url": "https://183.250.108.194:500/OnlineJudge/problem_show.php?id=6862"
    },
    {
      "id": "6863",
      "title": "6863",
      "difficulty": 0,
      "pass_rate": 0,
      "ac_count": 0,
      "url": "https://183.250.108.194:500/OnlineJudge/problem_show.php?id=6863"
    },
    {
      "id": "6866",
      "title": "6866",
      "difficulty": 0,
      "pass_rate": 0,
      "ac_count": 0,
      "url": "https://183.250.108.194:500/OnlineJudge/problem_show.php?id=6866"
    },
    {
      "id": "6867",
      "title": "6867",
      "difficulty": 0,
      "pass_rate": 0,
      "ac_count": 0,
      "url": "https://183.250.108.194:500/OnlineJudge/problem_show.php?id=6867"
    },
    {
      "id": "6868",
      "title": "6868",
      "difficulty": 0,
      "pass_rate": 0,
      "ac_count": 0,
      "url": "https://183.250.108.194:500/OnlineJudge/problem_show.php?id=6868"
    },
    {
      "id": "6869",
      "title": "6869",
      "difficulty": 0,
      "pass_rate": 0,
      "ac_count": 0,
      "url": "https://183.250.108.194:500/OnlineJudge/problem_show.php?id=6869"
    },
    {
      "id": "6870",
      "title": "6870",
      "difficulty": 0,
      "pass_rate": 0,
      "ac_count": 0,
      "url": "https://183.250.108.194:500/OnlineJudge/problem_show.php?id=6870"
    },
    {
      "id": "6871",
      "title": "6871",
      "difficulty": 0,
      "pass_rate": 0,
      "ac_count": 0,
      "url": "https://183.250.108.194:500/OnlineJudge/problem_show.php?id=6871"
    },
    {
      "id": "6872",
      "title": "6872",
      "difficulty": 0,
      "pass_rate": 0,
      "ac_count": 0,
      "url": "https://183.250.108.194:500/OnlineJudge/problem_show.php?id=6872"
    },
    {
      "id": "6873",
      "title": "6873",
      "difficulty": 0,
      "pass_rate": 0,
      "ac_count": 0,
      "url": "https://183.250.108.194:500/OnlineJudge/problem_show.php?id=6873"
    },
    {
      "id": "6874",
      "title": "6874",
      "difficulty": 0,
      "pass_rate": 0,
      "ac_count": 0,
      "url": "https://183.250.108.194:500/OnlineJudge/problem_show.php?id=6874"
    },
    {
      "id": "6875",
      "title": "6875",
      "difficulty": 0,
      "pass_rate": 0,
      "ac_count": 0,
      "url": "https://183.250.108.194:500/OnlineJudge/problem_show.php?id=6875"
    },
    {
      "id": "6876",
      "title": "6876",
      "difficulty": 0,
      "pass_rate": 0,
      "ac_count": 0,
      "url": "https://183.250.108.194:500/OnlineJudge/problem_show.php?id=6876"
    },
    {
      "id": "6877",
      "title": "6877",
      "difficulty": 0,
      "pass_rate": 0,
      "ac_count": 0,
      "url": "https://183.250.108.194:500/OnlineJudge/problem_show.php?id=6877"
    },
    {
      "id": "6878",
      "title": "6878",
      "difficulty": 0,
      "pass_rate": 0,
      "ac_count": 0,
      "url": "https://183.250.108.194:500/OnlineJudge/problem_show.php?id=6878"
    },
    {
      "id": "6879",
      "title": "6879",
      "difficulty": 0,
      "pass_rate": 0,
      "ac_count": 0,
      "url": "https://183.250.108.194:500/OnlineJudge/problem_show.php?id=6879"
    },
    {
      "id": "6880",
      "title": "6880",
      "difficulty": 0,
      "pass_rate": 0,
      "ac_count": 0,
      "url": "https://183.250.108.194:500/OnlineJudge/problem_show.php?id=6880"
    },
    {
      "id": "6881",
      "title": "6881",
      "difficulty": 0,
      "pass_rate": 0,
      "ac_count": 0,
      "url": "https://183.250.108.194:500/OnlineJudge/problem_show.php?id=6881"
    },
    {
      "id": "6882",
      "title": "6882",
      "difficulty": 0,
      "pass_rate": 0,
      "ac_count": 0,
      "url": "https://183.250.108.194:500/OnlineJudge/problem_show.php?id=6882"
    },
    {
      "id": "6883",
      "title": "6883",
      "difficulty": 0,
      "pass_rate": 0,
      "ac_count": 0,
      "url": "https://183.250.108.194:500/OnlineJudge/problem_show.php?id=6883"
    },
    {
      "id": "6885",
      "title": "6885",
      "difficulty": 0,
      "pass_rate": 0,
      "ac_count": 0,
      "url": "https://183.250.108.194:500/OnlineJudge/problem_show.php?id=6885"
    },
    {
      "id": "6887",
      "title": "6887",
      "difficulty": 0,
      "pass_rate": 0,
      "ac_count": 0,
      "url": "https://183.250.108.194:500/OnlineJudge/problem_show.php?id=6887"
    },
    {
      "id": "6893",
      "title": "6893",
      "difficulty": 0,
      "pass_rate": 0,
      "ac_count": 0,
      "url": "https://183.250.108.194:500/OnlineJudge/problem_show.php?id=6893"
    },
    {
      "id": "6895",
      "title": "6895",
      "difficulty": 0,
      "pass_rate": 0,
      "ac_count": 0,
      "url": "https://183.250.108.194:500/OnlineJudge/problem_show.php?id=6895"
    },
    {
      "id": "6899",
      "title": "6899",
      "difficulty": 0,
      "pass_rate": 0,
      "ac_count": 0,
      "url": "https://183.250.108.194:500/OnlineJudge/problem_show.php?id=6899"
    },
    {
      "id": "6900",
      "title": "6900",
      "difficulty": 0,
      "pass_rate": 0,
      "ac_count": 0,
      "url": "https://183.250.108.194:500/OnlineJudge/problem_show.php?id=6900"
    },
    {
      "id": "6901",
      "title": "6901",
      "difficulty": 0,
      "pass_rate": 0,
      "ac_count": 0,
      "url": "https://183.250.108.194:500/OnlineJudge/problem_show.php?id=6901"
    },
    {
      "id": "6905",
      "title": "6905",
      "difficulty": 0,
      "pass_rate": 0,
      "ac_count": 0,
      "url": "https://183.250.108.194:500/OnlineJudge/problem_show.php?id=6905"
    },
    {
      "id": "6906",
      "title": "6906",
      "difficulty": 0,
      "pass_rate": 0,
      "ac_count": 0,
      "url": "https://183.250.108.194:500/OnlineJudge/problem_show.php?id=6906"
    },
    {
      "id": "6907",
      "title": "6907",
      "difficulty": 0,
      "pass_rate": 0,
      "ac_count": 0,
      "url": "https://183.250.108.194:500/OnlineJudge/problem_show.php?id=6907"
    },
    {
      "id": "6908",
      "title": "6908",
      "difficulty": 0,
      "pass_rate": 0,
      "ac_count": 0,
      "url": "https://183.250.108.194:500/OnlineJudge/problem_show.php?id=6908"
    },
    {
      "id": "6909",
      "title": "6909",
      "difficulty": 0,
      "pass_rate": 0,
      "ac_count": 0,
      "url": "https://183.250.108.194:500/OnlineJudge/problem_show.php?id=6909"
    },
    {
      "id": "6910",
      "title": "6910",
      "difficulty": 0,
      "pass_rate": 0,
      "ac_count": 0,
      "url": "https://183.250.108.194:500/OnlineJudge/problem_show.php?id=6910"
    },
    {
      "id": "6911",
      "title": "6911",
      "difficulty": 0,
      "pass_rate": 0,
      "ac_count": 0,
      "url": "https://183.250.108.194:500/OnlineJudge/problem_show.php?id=6911"
    },
    {
      "id": "6912",
      "title": "6912",
      "difficulty": 0,
      "pass_rate": 0,
      "ac_count": 0,
      "url": "https://183.250.108.194:500/OnlineJudge/problem_show.php?id=6912"
    },
    {
      "id": "6913",
      "title": "6913",
      "difficulty": 0,
      "pass_rate": 0,
      "ac_count": 0,
      "url": "https://183.250.108.194:500/OnlineJudge/problem_show.php?id=6913"
    },
    {
      "id": "6914",
      "title": "6914",
      "difficulty": 0,
      "pass_rate": 0,
      "ac_count": 0,
      "url": "https://183.250.108.194:500/OnlineJudge/problem_show.php?id=6914"
    },
    {
      "id": "6915",
      "title": "6915",
      "difficulty": 0,
      "pass_rate": 0,
      "ac_count": 0,
      "url": "https://183.250.108.194:500/OnlineJudge/problem_show.php?id=6915"
    },
    {
      "id": "6916",
      "title": "6916",
      "difficulty": 0,
      "pass_rate": 0,
      "ac_count": 0,
      "url": "https://183.250.108.194:500/OnlineJudge/problem_show.php?id=6916"
    },
    {
      "id": "6930",
      "title": "6930",
      "difficulty": 0,
      "pass_rate": 0,
      "ac_count": 0,
      "url": "https://183.250.108.194:500/OnlineJudge/problem_show.php?id=6930"
    },
    {
      "id": "6931",
      "title": "6931",
      "difficulty": 0,
      "pass_rate": 0,
      "ac_count": 0,
      "url": "https://183.250.108.194:500/OnlineJudge/problem_show.php?id=6931"
    },
    {
      "id": "6937",
      "title": "6937",
      "difficulty": 0,
      "pass_rate": 0,
      "ac_count": 0,
      "url": "https://183.250.108.194:500/OnlineJudge/problem_show.php?id=6937"
    },
    {
      "id": "6938",
      "title": "6938",
      "difficulty": 0,
      "pass_rate": 0,
      "ac_count": 0,
      "url": "https://183.250.108.194:500/OnlineJudge/problem_show.php?id=6938"
    },
    {
      "id": "6939",
      "title": "6939",
      "difficulty": 0,
      "pass_rate": 0,
      "ac_count": 0,
      "url": "https://183.250.108.194:500/OnlineJudge/problem_show.php?id=6939"
    },
    {
      "id": "6940",
      "title": "6940",
      "difficulty": 0,
      "pass_rate": 0,
      "ac_count": 0,
      "url": "https://183.250.108.194:500/OnlineJudge/problem_show.php?id=6940"
    },
    {
      "id": "6941",
      "title": "6941",
      "difficulty": 0,
      "pass_rate": 0,
      "ac_count": 0,
      "url": "https://183.250.108.194:500/OnlineJudge/problem_show.php?id=6941"
    },
    {
      "id": "6942",
      "title": "6942",
      "difficulty": 0,
      "pass_rate": 0,
      "ac_count": 0,
      "url": "https://183.250.108.194:500/OnlineJudge/problem_show.php?id=6942"
    },
    {
      "id": "6943",
      "title": "6943",
      "difficulty": 0,
      "pass_rate": 0,
      "ac_count": 0,
      "url": "https://183.250.108.194:500/OnlineJudge/problem_show.php?id=6943"
    },
    {
      "id": "6944",
      "title": "6944",
      "difficulty": 0,
      "pass_rate": 0,
      "ac_count": 0,
      "url": "https://183.250.108.194:500/OnlineJudge/problem_show.php?id=6944"
    },
    {
      "id": "6945",
      "title": "6945",
      "difficulty": 0,
      "pass_rate": 0,
      "ac_count": 0,
      "url": "https://183.250.108.194:500/OnlineJudge/problem_show.php?id=6945"
    },
    {
      "id": "6946",
      "title": "6946",
      "difficulty": 0,
      "pass_rate": 0,
      "ac_count": 0,
      "url": "https://183.250.108.194:500/OnlineJudge/problem_show.php?id=6946"
    },
    {
      "id": "6947",
      "title": "6947",
      "difficulty": 0,
      "pass_rate": 0,
      "ac_count": 0,
      "url": "https://183.250.108.194:500/OnlineJudge/problem_show.php?id=6947"
    },
    {
      "id": "6948",
      "title": "6948",
      "difficulty": 0,
      "pass_rate": 0,
      "ac_count": 0,
      "url": "https://183.250.108.194:500/OnlineJudge/problem_show.php?id=6948"
    },
    {
      "id": "6949",
      "title": "6949",
      "difficulty": 0,
      "pass_rate": 0,
      "ac_count": 0,
      "url": "https://183.250.108.194:500/OnlineJudge/problem_show.php?id=6949"
    },
    {
      "id": "6950",
      "title": "6950",
      "difficulty": 0,
      "pass_rate": 0,
      "ac_count": 0,
      "url": "https://183.250.108.194:500/OnlineJudge/problem_show.php?id=6950"
    },
    {
      "id": "6951",
      "title": "6951",
      "difficulty": 0,
      "pass_rate": 0,
      "ac_count": 0,
      "url": "https://183.250.108.194:500/OnlineJudge/problem_show.php?id=6951"
    },
    {
      "id": "6952",
      "title": "6952",
      "difficulty": 0,
      "pass_rate": 0,
      "ac_count": 0,
      "url": "https://183.250.108.194:500/OnlineJudge/problem_show.php?id=6952"
    },
    {
      "id": "6953",
      "title": "6953",
      "difficulty": 0,
      "pass_rate": 0,
      "ac_count": 0,
      "url": "https://183.250.108.194:500/OnlineJudge/problem_show.php?id=6953"
    },
    {
      "id": "6954",
      "title": "6954",
      "difficulty": 0,
      "pass_rate": 0,
      "ac_count": 0,
      "url": "https://183.250.108.194:500/OnlineJudge/problem_show.php?id=6954"
    },
    {
      "id": "6955",
      "title": "6955",
      "difficulty": 0,
      "pass_rate": 0,
      "ac_count": 0,
      "url": "https://183.250.108.194:500/OnlineJudge/problem_show.php?id=6955"
    },
    {
      "id": "6956",
      "title": "6956",
      "difficulty": 0,
      "pass_rate": 0,
      "ac_count": 0,
      "url": "https://183.250.108.194:500/OnlineJudge/problem_show.php?id=6956"
    },
    {
      "id": "6957",
      "title": "6957",
      "difficulty": 0,
      "pass_rate": 0,
      "ac_count": 0,
      "url": "https://183.250.108.194:500/OnlineJudge/problem_show.php?id=6957"
    },
    {
      "id": "6958",
      "title": "6958",
      "difficulty": 0,
      "pass_rate": 0,
      "ac_count": 0,
      "url": "https://183.250.108.194:500/OnlineJudge/problem_show.php?id=6958"
    },
    {
      "id": "6959",
      "title": "6959",
      "difficulty": 0,
      "pass_rate": 0,
      "ac_count": 0,
      "url": "https://183.250.108.194:500/OnlineJudge/problem_show.php?id=6959"
    },
    {
      "id": "6960",
      "title": "6960",
      "difficulty": 0,
      "pass_rate": 0,
      "ac_count": 0,
      "url": "https://183.250.108.194:500/OnlineJudge/problem_show.php?id=6960"
    },
    {
      "id": "6961",
      "title": "6961",
      "difficulty": 0,
      "pass_rate": 0,
      "ac_count": 0,
      "url": "https://183.250.108.194:500/OnlineJudge/problem_show.php?id=6961"
    },
    {
      "id": "6962",
      "title": "6962",
      "difficulty": 0,
      "pass_rate": 0,
      "ac_count": 0,
      "url": "https://183.250.108.194:500/OnlineJudge/problem_show.php?id=6962"
    },
    {
      "id": "6963",
      "title": "6963",
      "difficulty": 0,
      "pass_rate": 0,
      "ac_count": 0,
      "url": "https://183.250.108.194:500/OnlineJudge/problem_show.php?id=6963"
    },
    {
      "id": "6966",
      "title": "6966",
      "difficulty": 0,
      "pass_rate": 0,
      "ac_count": 0,
      "url": "https://183.250.108.194:500/OnlineJudge/problem_show.php?id=6966"
    },
    {
      "id": "6967",
      "title": "6967",
      "difficulty": 0,
      "pass_rate": 0,
      "ac_count": 0,
      "url": "https://183.250.108.194:500/OnlineJudge/problem_show.php?id=6967"
    },
    {
      "id": "6968",
      "title": "6968",
      "difficulty": 0,
      "pass_rate": 0,
      "ac_count": 0,
      "url": "https://183.250.108.194:500/OnlineJudge/problem_show.php?id=6968"
    },
    {
      "id": "6969",
      "title": "6969",
      "difficulty": 0,
      "pass_rate": 0,
      "ac_count": 0,
      "url": "https://183.250.108.194:500/OnlineJudge/problem_show.php?id=6969"
    },
    {
      "id": "6970",
      "title": "6970",
      "difficulty": 0,
      "pass_rate": 0,
      "ac_count": 0,
      "url": "https://183.250.108.194:500/OnlineJudge/problem_show.php?id=6970"
    },
    {
      "id": "6971",
      "title": "6971",
      "difficulty": 0,
      "pass_rate": 0,
      "ac_count": 0,
      "url": "https://183.250.108.194:500/OnlineJudge/problem_show.php?id=6971"
    },
    {
      "id": "6972",
      "title": "6972",
      "difficulty": 0,
      "pass_rate": 0,
      "ac_count": 0,
      "url": "https://183.250.108.194:500/OnlineJudge/problem_show.php?id=6972"
    },
    {
      "id": "6973",
      "title": "6973",
      "difficulty": 0,
      "pass_rate": 0,
      "ac_count": 0,
      "url": "https://183.250.108.194:500/OnlineJudge/problem_show.php?id=6973"
    },
    {
      "id": "6974",
      "title": "6974",
      "difficulty": 0,
      "pass_rate": 0,
      "ac_count": 0,
      "url": "https://183.250.108.194:500/OnlineJudge/problem_show.php?id=6974"
    },
    {
      "id": "6975",
      "title": "6975",
      "difficulty": 0,
      "pass_rate": 0,
      "ac_count": 0,
      "url": "https://183.250.108.194:500/OnlineJudge/problem_show.php?id=6975"
    },
    {
      "id": "6976",
      "title": "6976",
      "difficulty": 0,
      "pass_rate": 0,
      "ac_count": 0,
      "url": "https://183.250.108.194:500/OnlineJudge/problem_show.php?id=6976"
    },
    {
      "id": "6977",
      "title": "6977",
      "difficulty": 0,
      "pass_rate": 0,
      "ac_count": 0,
      "url": "https://183.250.108.194:500/OnlineJudge/problem_show.php?id=6977"
    },
    {
      "id": "6978",
      "title": "6978",
      "difficulty": 0,
      "pass_rate": 0,
      "ac_count": 0,
      "url": "https://183.250.108.194:500/OnlineJudge/problem_show.php?id=6978"
    },
    {
      "id": "6979",
      "title": "6979",
      "difficulty": 0,
      "pass_rate": 0,
      "ac_count": 0,
      "url": "https://183.250.108.194:500/OnlineJudge/problem_show.php?id=6979"
    },
    {
      "id": "6980",
      "title": "6980",
      "difficulty": 0,
      "pass_rate": 0,
      "ac_count": 0,
      "url": "https://183.250.108.194:500/OnlineJudge/problem_show.php?id=6980"
    },
    {
      "id": "6981",
      "title": "6981",
      "difficulty": 0,
      "pass_rate": 0,
      "ac_count": 0,
      "url": "https://183.250.108.194:500/OnlineJudge/problem_show.php?id=6981"
    },
    {
      "id": "6982",
      "title": "6982",
      "difficulty": 0,
      "pass_rate": 0,
      "ac_count": 0,
      "url": "https://183.250.108.194:500/OnlineJudge/problem_show.php?id=6982"
    },
    {
      "id": "6983",
      "title": "6983",
      "difficulty": 0,
      "pass_rate": 0,
      "ac_count": 0,
      "url": "https://183.250.108.194:500/OnlineJudge/problem_show.php?id=6983"
    },
    {
      "id": "6984",
      "title": "6984",
      "difficulty": 0,
      "pass_rate": 0,
      "ac_count": 0,
      "url": "https://183.250.108.194:500/OnlineJudge/problem_show.php?id=6984"
    },
    {
      "id": "6985",
      "title": "6985",
      "difficulty": 0,
      "pass_rate": 0,
      "ac_count": 0,
      "url": "https://183.250.108.194:500/OnlineJudge/problem_show.php?id=6985"
    },
    {
      "id": "6986",
      "title": "6986",
      "difficulty": 0,
      "pass_rate": 0,
      "ac_count": 0,
      "url": "https://183.250.108.194:500/OnlineJudge/problem_show.php?id=6986"
    },
    {
      "id": "6987",
      "title": "6987",
      "difficulty": 0,
      "pass_rate": 0,
      "ac_count": 0,
      "url": "https://183.250.108.194:500/OnlineJudge/problem_show.php?id=6987"
    },
    {
      "id": "6988",
      "title": "6988",
      "difficulty": 0,
      "pass_rate": 0,
      "ac_count": 0,
      "url": "https://183.250.108.194:500/OnlineJudge/problem_show.php?id=6988"
    },
    {
      "id": "6989",
      "title": "6989",
      "difficulty": 0,
      "pass_rate": 0,
      "ac_count": 0,
      "url": "https://183.250.108.194:500/OnlineJudge/problem_show.php?id=6989"
    },
    {
      "id": "6990",
      "title": "6990",
      "difficulty": 0,
      "pass_rate": 0,
      "ac_count": 0,
      "url": "https://183.250.108.194:500/OnlineJudge/problem_show.php?id=6990"
    },
    {
      "id": "6991",
      "title": "6991",
      "difficulty": 0,
      "pass_rate": 0,
      "ac_count": 0,
      "url": "https://183.250.108.194:500/OnlineJudge/problem_show.php?id=6991"
    },
    {
      "id": "6992",
      "title": "6992",
      "difficulty": 0,
      "pass_rate": 0,
      "ac_count": 0,
      "url": "https://183.250.108.194:500/OnlineJudge/problem_show.php?id=6992"
    },
    {
      "id": "6993",
      "title": "6993",
      "difficulty": 0,
      "pass_rate": 0,
      "ac_count": 0,
      "url": "https://183.250.108.194:500/OnlineJudge/problem_show.php?id=6993"
    },
    {
      "id": "6994",
      "title": "6994",
      "difficulty": 0,
      "pass_rate": 0,
      "ac_count": 0,
      "url": "https://183.250.108.194:500/OnlineJudge/problem_show.php?id=6994"
    },
    {
      "id": "6995",
      "title": "6995",
      "difficulty": 0,
      "pass_rate": 0,
      "ac_count": 0,
      "url": "https://183.250.108.194:500/OnlineJudge/problem_show.php?id=6995"
    },
    {
      "id": "6996",
      "title": "6996",
      "difficulty": 0,
      "pass_rate": 0,
      "ac_count": 0,
      "url": "https://183.250.108.194:500/OnlineJudge/problem_show.php?id=6996"
    },
    {
      "id": "6997",
      "title": "6997",
      "difficulty": 0,
      "pass_rate": 0,
      "ac_count": 0,
      "url": "https://183.250.108.194:500/OnlineJudge/problem_show.php?id=6997"
    },
    {
      "id": "6998",
      "title": "6998",
      "difficulty": 0,
      "pass_rate": 0,
      "ac_count": 0,
      "url": "https://183.250.108.194:500/OnlineJudge/problem_show.php?id=6998"
    }
  ],
  "activityData": [],
  "heatmapData": [],
  "color": "black",
  "user_color": "black",
  "permission_level": 0,
  "permission_color": "blue",
  "last_crawled": "2026-07-05T02:05:18.025267",
  "session_expired": false,
  "exists_in_ojs": true
}

